,Brand,model_name,color,seller,Storage_in_GB,RAM,Screen_Size_inches,Camera,Battery_capactiy,current_price,product_url,img_url
0,Generic,"105 EG Mobile TA-1459 DS Charcoal Black, Dual Sim",Black,Amazon,1.99,SIM,,,,679,https://www.amazon.eg/-/en/sspa/click?ie=UTF8&spc=MTo0MTAyNjg5MjgzMTgwMTA2OjE3MTMyMzgyOTE6c3BfYXRmX2Jyb3dzZTozMDAxMzM1MzYwNTY1MzI6OjA6Og&url=%2FMobile-Phone-TA-1459-Charcoal-Ramadan%2Fdp%2FB0CV3GMYY5%2Fref%3Dsr_1_1_sspa%3Fdib%3DeyJ2IjoiMSJ9.DUgnSqAGmobQ6tHFYzqJOemqOGGwYOhhJ7ada4AUda7pGL8cRLpwzJMIFVlYq5EqwKPGeplp2xTmM6ZVEJoJjkyASEscR1FMSQzl7hWEzAZ7rcGxriC8fatHnQ4IPuZ3BHqZ7kV62bFBDsilH9vYBlCNoW3S27BwAoy02tc1m2Ki5UlkTFq3PqgJYNdtrOrFDMjdW22cNoMcsSdVPJUowvJ40xkIl_tfsbRZRyKCaoOeaHEQZ6IcsG6JLmBtvlSqakwj5QEzmIzakrHEGAzO4KlFKX8Tgy_8pRANh0Gwcmo.4ADE55Oi_48XCwSHs34JmtGaHGvPgO04Btilhb1eZo4%26dib_tag%3Dse%26qid%3D1713238291%26s%3Delectronics%26sr%3D1-1-spons%26sp_csd%3Dd2lkZ2V0TmFtZT1zcF9hdGZfYnJvd3Nl%26psc%3D1,https://m.media-amazon.com/images/I/41ZvwWEkBiL._AC_.jpg
1,Generic,1,Black,Amazon,15,,,,,464,https://www.amazon.eg/-/en/sspa/click?ie=UTF8&spc=MTo0MTAyNjg5MjgzMTgwMTA2OjE3MTMyMzgyOTE6c3BfYXRmX2Jyb3dzZTozMDAxNTE4OTAwOTM3MzI6OjA6Og&url=%2FMobile-Phone-105-Black-Single%2Fdp%2FB0CY93TDL8%2Fref%3Dsr_1_2_sspa%3Fdib%3DeyJ2IjoiMSJ9.DUgnSqAGmobQ6tHFYzqJOemqOGGwYOhhJ7ada4AUda7pGL8cRLpwzJMIFVlYq5EqwKPGeplp2xTmM6ZVEJoJjkyASEscR1FMSQzl7hWEzAZ7rcGxriC8fatHnQ4IPuZ3BHqZ7kV62bFBDsilH9vYBlCNoW3S27BwAoy02tc1m2Ki5UlkTFq3PqgJYNdtrOrFDMjdW22cNoMcsSdVPJUowvJ40xkIl_tfsbRZRyKCaoOeaHEQZ6IcsG6JLmBtvlSqakwj5QEzmIzakrHEGAzO4KlFKX8Tgy_8pRANh0Gwcmo.4ADE55Oi_48XCwSHs34JmtGaHGvPgO04Btilhb1eZo4%26dib_tag%3Dse%26qid%3D1713238291%26s%3Delectronics%26sr%3D1-2-spons%26sp_csd%3Dd2lkZ2V0TmFtZT1zcF9hdGZfYnJvd3Nl%26psc%3D1,https://m.media-amazon.com/images/I/513up6tVw5L._AC_SL1500_.jpg
2,Generic,Nokia 110 Dual SIM Mobile,Black,Amazon,,(&&,,,,553,https://www.amazon.eg/-/en/sspa/click?ie=UTF8&spc=MTo0MTAyNjg5MjgzMTgwMTA2OjE3MTMyMzgyOTE6c3BfYXRmX2Jyb3dzZTozMDAxMDc3NjEzMzY5MzI6OjA6Og&url=%2FMobile-Phone-Black-Ramadan-Kareem%2Fdp%2FB0CQ3PG5WJ%2Fref%3Dsr_1_3_sspa%3Fdib%3DeyJ2IjoiMSJ9.DUgnSqAGmobQ6tHFYzqJOemqOGGwYOhhJ7ada4AUda7pGL8cRLpwzJMIFVlYq5EqwKPGeplp2xTmM6ZVEJoJjkyASEscR1FMSQzl7hWEzAZ7rcGxriC8fatHnQ4IPuZ3BHqZ7kV62bFBDsilH9vYBlCNoW3S27BwAoy02tc1m2Ki5UlkTFq3PqgJYNdtrOrFDMjdW22cNoMcsSdVPJUowvJ40xkIl_tfsbRZRyKCaoOeaHEQZ6IcsG6JLmBtvlSqakwj5QEzmIzakrHEGAzO4KlFKX8Tgy_8pRANh0Gwcmo.4ADE55Oi_48XCwSHs34JmtGaHGvPgO04Btilhb1eZo4%26dib_tag%3Dse%26qid%3D1713238291%26s%3Delectronics%26sr%3D1-3-spons%26sp_csd%3Dd2lkZ2V0TmFtZT1zcF9hdGZfYnJvd3Nl%26psc%3D1,https://m.media-amazon.com/images/I/41g7zULUMlL._AC_.jpg
3,Nokia,G21,Blue,Amazon,128,4GB,,,,"3,999.00",https://www.amazon.eg/-/en/Nokia-G21-Dual-128GB-Inches/dp/B0B39LMDKP,https://m.media-amazon.com/images/I/71AQ3qEZ-VL._AC_SL1500_.jpg
4,,,,Amazon,,8GB,,,5000,"15,444.00",https://www.amazon.eg/-/en/Samsung-Galaxy-Dual-128GB-Inches/dp/B0BXNW1KFB,https://m.media-amazon.com/images/I/71xU8w3fHJL._AC_SL1500_.jpg
5,SAMSUNG,Samsung Galaxy A05s,Black,Amazon,128,4GB,,,,"5,600.00",https://www.amazon.eg/-/en/Samsung-Galaxy-Android-Smartphone-Storage/dp/B0CP45G7C5,https://m.media-amazon.com/images/I/61jBR+KUEDL._AC_SL1500_.jpg
6,Samsung,Galaxy A54,Awesome Graphite,Amazon,256,8GB,,,5000,"16,840.00",https://www.amazon.eg/-/en/Samsung-Galaxy-A54-Graphite-Warranty/dp/B0BXP126BQ,https://m.media-amazon.com/images/I/71xU8w3fHJL._AC_SL1500_.jpg
7,Samsung,Samsung Galaxy A54,chartreuse,Amazon,256,8GB,,,5000,"17,415.00",https://www.amazon.eg/-/en/Samsung-Galaxy-Dual-256GB-Inches/dp/B0BXNWQZZB,https://m.media-amazon.com/images/I/716FwKy9FlL._AC_SL1500_.jpg
8,SAMSUNG,Samsung Galaxy A05s,Black,Amazon,128,6GB,,,,"6,499.00",https://www.amazon.eg/-/en/Samsung-Galaxy-Android-Smartphone-Storage/dp/B0CP45ZGRK,https://m.media-amazon.com/images/I/61jBR+KUEDL._AC_SL1500_.jpg
9,,,,Amazon,,8GB,,,5000,"15,444.00",https://www.amazon.eg/-/en/Samsung-Galaxy-A54-Android-Awesome/dp/B0BXNW1SP4,https://m.media-amazon.com/images/I/51kQgMblg9L._AC_.jpg
10,SAMSUNG,Galaxy S24 Ultra,Titanium Black,Amazon,256,12GB,,,,"1,200.00",https://www.amazon.eg/-/en/SAMSUNG-Android-Smartphone-Storage-Battery/dp/B0CQZ22Q7L,https://m.media-amazon.com/images/I/719HV2e6-sL._AC_SL1500_.jpg
11,Itel,A58 Pro,multi,Amazon,32,2GB,,,,"3,725.00",https://www.amazon.eg/-/en/Itel-A58-32GB-6-66-Inches/dp/B09TVT8ZL8,https://m.media-amazon.com/images/I/41-h5jK4PlL._AC_SL1000_.jpg
12,Generic,1,White,Amazon,15,,,,,694,https://www.amazon.eg/-/en/sspa/click?ie=UTF8&spc=MTo0MTAyNjg5MjgzMTgwMTA2OjE3MTMyMzgyOTE6c3BfbXRmX2Jyb3dzZTozMDAxNTE4OTAwOTMzMzI6OjA6Og&url=%2FDual-B310-2G-Mobile-Phone-White%2Fdp%2FB0CYDSRKKK%2Fref%3Dsr_1_13_sspa%3Fdib%3DeyJ2IjoiMSJ9.DUgnSqAGmobQ6tHFYzqJOemqOGGwYOhhJ7ada4AUda7pGL8cRLpwzJMIFVlYq5EqwKPGeplp2xTmM6ZVEJoJjkyASEscR1FMSQzl7hWEzAZ7rcGxriC8fatHnQ4IPuZ3BHqZ7kV62bFBDsilH9vYBlCNoW3S27BwAoy02tc1m2Ki5UlkTFq3PqgJYNdtrOrFDMjdW22cNoMcsSdVPJUowvJ40xkIl_tfsbRZRyKCaoOeaHEQZ6IcsG6JLmBtvlSqakwj5QEzmIzakrHEGAzO4KlFKX8Tgy_8pRANh0Gwcmo.4ADE55Oi_48XCwSHs34JmtGaHGvPgO04Btilhb1eZo4%26dib_tag%3Dse%26qid%3D1713238291%26s%3Delectronics%26sr%3D1-13-spons%26sp_csd%3Dd2lkZ2V0TmFtZT1zcF9tdGZfYnJvd3Nl%26psc%3D1,https://m.media-amazon.com/images/I/61j4wLZg8CL._AC_SL1280_.jpg
13,Generic,105,Black,Amazon,1,,,,,535,https://www.amazon.eg/-/en/sspa/click?ie=UTF8&spc=MTo0MTAyNjg5MjgzMTgwMTA2OjE3MTMyMzgyOTE6c3BfbXRmX2Jyb3dzZTozMDAxMzI1NTIzMTQ3MzI6OjA6Og&url=%2FMobile-105-Phone-105-Black-Dual-SIM%2Fdp%2FB0CV9TRH4W%2Fref%3Dsr_1_14_sspa%3Fdib%3DeyJ2IjoiMSJ9.DUgnSqAGmobQ6tHFYzqJOemqOGGwYOhhJ7ada4AUda7pGL8cRLpwzJMIFVlYq5EqwKPGeplp2xTmM6ZVEJoJjkyASEscR1FMSQzl7hWEzAZ7rcGxriC8fatHnQ4IPuZ3BHqZ7kV62bFBDsilH9vYBlCNoW3S27BwAoy02tc1m2Ki5UlkTFq3PqgJYNdtrOrFDMjdW22cNoMcsSdVPJUowvJ40xkIl_tfsbRZRyKCaoOeaHEQZ6IcsG6JLmBtvlSqakwj5QEzmIzakrHEGAzO4KlFKX8Tgy_8pRANh0Gwcmo.4ADE55Oi_48XCwSHs34JmtGaHGvPgO04Btilhb1eZo4%26dib_tag%3Dse%26qid%3D1713238291%26s%3Delectronics%26sr%3D1-14-spons%26sp_csd%3Dd2lkZ2V0TmFtZT1zcF9tdGZfYnJvd3Nl%26psc%3D1,https://m.media-amazon.com/images/I/61XT0TmtFJL._AC_SL1500_.jpg
14,Samsung,Samsung Galaxy Z Fold 5,Phantom Black,Amazon,256,12GB,,,4400,"65,450.00",https://www.amazon.eg/-/en/sspa/click?ie=UTF8&spc=MTo0MTAyNjg5MjgzMTgwMTA2OjE3MTMyMzgyOTE6c3BfbXRmX2Jyb3dzZTozMDAxNTM2Njc3MzQ4MzI6OjA6Og&url=%2FSamsung-Galaxy-Android-Smartphone-Phantom%2Fdp%2FB0CC9VZDVS%2Fref%3Dsr_1_15_sspa%3Fdib%3DeyJ2IjoiMSJ9.DUgnSqAGmobQ6tHFYzqJOemqOGGwYOhhJ7ada4AUda7pGL8cRLpwzJMIFVlYq5EqwKPGeplp2xTmM6ZVEJoJjkyASEscR1FMSQzl7hWEzAZ7rcGxriC8fatHnQ4IPuZ3BHqZ7kV62bFBDsilH9vYBlCNoW3S27BwAoy02tc1m2Ki5UlkTFq3PqgJYNdtrOrFDMjdW22cNoMcsSdVPJUowvJ40xkIl_tfsbRZRyKCaoOeaHEQZ6IcsG6JLmBtvlSqakwj5QEzmIzakrHEGAzO4KlFKX8Tgy_8pRANh0Gwcmo.4ADE55Oi_48XCwSHs34JmtGaHGvPgO04Btilhb1eZo4%26dib_tag%3Dse%26qid%3D1713238291%26s%3Delectronics%26sr%3D1-15-spons%26sp_csd%3Dd2lkZ2V0TmFtZT1zcF9tdGZfYnJvd3Nl%26psc%3D1,https://m.media-amazon.com/images/I/7102NAlM6FL._AC_SL1500_.jpg
15,SAMSUNG,Samsung Galaxy A05 LTE,Black,Amazon,64,4GB,,,,"4,999.00",https://www.amazon.eg/-/en/Samsung-Galaxy-Android-Smartphone-Storage/dp/B0CP45WBMP,https://m.media-amazon.com/images/I/71dYQdmhwFL._AC_SL1500_.jpg
16,SAMSUNG,Samsung Galaxy A25 5G,Light Blue,Amazon,256,8GB,,,,"10,999.00",https://www.amazon.eg/-/en/Samsung-Galaxy-Android-Smartphone-Storage/dp/B0CQ5BYHWY,https://m.media-amazon.com/images/I/614qsXB-XUL._AC_SL1500_.jpg
17,Samsung,Galaxy-A15,Black,Amazon,256,8GB,,,,"8,985.00",https://www.amazon.eg/-/en/Samsung-Galaxy-Dual-256GGB-Inches/dp/B0CQJZ76X9,https://m.media-amazon.com/images/I/514nSB8S9pL._AC_SL1000_.jpg
18,Samsung,Samsung Galaxy A15,Light Blue,Amazon,128,6GB,,,,"7,325.00",https://www.amazon.eg/-/en/Samsung-Galaxy-Dual-128GB-Inches/dp/B0CQ5CZ346,https://m.media-amazon.com/images/I/61cl1NEIrdL._AC_SL1500_.jpg
19,realme,realme 11 5g,Glory Black,Amazon,8,8GB,,,,"10,180.00",https://www.amazon.eg/-/en/Realme-Dual-SIM-256GB-Glory-Black/dp/B0CGJ3N268,https://m.media-amazon.com/images/I/71VVj2qIIgL._AC_SL1500_.jpg
20,realme,Realme C53,Champion Gold,Amazon,8,GB,,,,"6,999.00",https://www.amazon.eg/-/en/Realme-Dual-SIM-256GB-Champion-Gold/dp/B0CNLRD3SY,https://m.media-amazon.com/images/I/81ZZ+2aDSXL._AC_SL1500_.jpg
21,SAMSUNG,Galaxy-A05,Black,Amazon,128,6GB,,,5000,"5,899.00",https://www.amazon.eg/-/en/Samsung-Galaxy-Android-Smartphone-Storage/dp/B0CR6BZHYC,https://m.media-amazon.com/images/I/61xn0PNMjIL._AC_SL1485_.jpg
22,Samsung,Samsung Galaxy A15,Black,Amazon,128,6GB,,,,50,https://www.amazon.eg/-/en/Samsung-Galaxy-Dual-128GB-Inches/dp/B0CQ5BMBGN,https://m.media-amazon.com/images/I/61isHdQ+TDL._AC_SL1500_.jpg
23,realme,Realme C53,Champion Gold,Amazon,128,6GB,,,,"6,299.00",https://www.amazon.eg/-/en/Realme-Dual-SIM-128GB-Champion-Gold/dp/B0C5XJ2HRM,https://m.media-amazon.com/images/I/71uqxJZTm-L._AC_SL1500_.jpg
24,Xiaomi,MZB0E0IEU,Onyx Gray,Amazon,128,8GB,,,5000,"8,499.00",https://www.amazon.eg/-/en/Xiaomi-Redmi-Note-Dual-128GB/dp/B0BZJ2LLGL,https://m.media-amazon.com/images/I/51W1mldZtDL._AC_SL1500_.jpg
25,Nokia,NOKIA 105_DS_BLACK,Black,Amazon,0.03,,,,,475,https://www.amazon.eg/-/en/NOKIA-105-Dual-SIM-Black/dp/B07WXW8V4X,https://m.media-amazon.com/images/I/61LffJw7v4L._AC_SL1500_.jpg
26,Samsung,Samsung Galaxy A54,Awesome White,Amazon,128,8GB,,,5000,"15,444.00",https://www.amazon.eg/-/en/Samsung-Galaxy-A54-Android-Warranty/dp/B0BXNWHSM7,https://m.media-amazon.com/images/I/51ySQH9NhXL._AC_.jpg
27,Apple,Iphone 15,grey,Amazon,256,,,,,"75,000.00",https://www.amazon.eg/-/en/Apple-iPhone-Pro-Max-256/dp/B0CHXSKYN6,https://m.media-amazon.com/images/I/717trh2j6CL._AC_SL1500_.jpg
28,Xiaomi,Redmi Note 13,Green,Amazon,256,8GB,,,,"10,770.00",https://www.amazon.eg/-/en/Redmi-Note-Green-Storage-screen/dp/B0CQKDDCVK,https://m.media-amazon.com/images/I/51Q+-U8vAVL._AC_SL1200_.jpg
29,SAMSUNG,S23 Ultra,Phantom Black,Amazon,256,,,,,"44,980.00",https://www.amazon.eg/-/en/Samsung-Phantom-Smartphone-Manufacturer-Warranty/dp/B0BSLBMCB2,https://m.media-amazon.com/images/I/71iBKcLHXFL._AC_SL1500_.jpg
0,Generic,"105 EG Mobile TA-1459 DS Charcoal Black, Dual Sim",Black,Amazon,1.99,SIM,,,,679,https://www.amazon.eg/-/en/sspa/click?ie=UTF8&spc=MTo0MTAyNjg5MjgzMTgwMTA2OjE3MTMyMzgyOTE6c3BfYXRmX2Jyb3dzZTozMDAxMzM1MzYwNTY1MzI6OjA6Og&url=%2FMobile-Phone-TA-1459-Charcoal-Ramadan%2Fdp%2FB0CV3GMYY5%2Fref%3Dsr_1_1_sspa%3Fdib%3DeyJ2IjoiMSJ9.DUgnSqAGmobQ6tHFYzqJOemqOGGwYOhhJ7ada4AUda7pGL8cRLpwzJMIFVlYq5EqwKPGeplp2xTmM6ZVEJoJjkyASEscR1FMSQzl7hWEzAZ7rcGxriC8fatHnQ4IPuZ3BHqZ7kV62bFBDsilH9vYBlCNoW3S27BwAoy02tc1m2Ki5UlkTFq3PqgJYNdtrOrFDMjdW22cNoMcsSdVPJUowvJ40xkIl_tfsbRZRyKCaoOeaHEQZ6IcsG6JLmBtvlSqakwj5QEzmIzakrHEGAzO4KlFKX8Tgy_8pRANh0Gwcmo.4ADE55Oi_48XCwSHs34JmtGaHGvPgO04Btilhb1eZo4%26dib_tag%3Dse%26qid%3D1713238291%26s%3Delectronics%26sr%3D1-1-spons%26sp_csd%3Dd2lkZ2V0TmFtZT1zcF9hdGZfYnJvd3Nl%26psc%3D1,https://m.media-amazon.com/images/I/41ZvwWEkBiL._AC_.jpg
1,Generic,1,Black,Amazon,15,,,,,464,https://www.amazon.eg/-/en/sspa/click?ie=UTF8&spc=MTo0MTAyNjg5MjgzMTgwMTA2OjE3MTMyMzgyOTE6c3BfYXRmX2Jyb3dzZTozMDAxNTE4OTAwOTM3MzI6OjA6Og&url=%2FMobile-Phone-105-Black-Single%2Fdp%2FB0CY93TDL8%2Fref%3Dsr_1_2_sspa%3Fdib%3DeyJ2IjoiMSJ9.DUgnSqAGmobQ6tHFYzqJOemqOGGwYOhhJ7ada4AUda7pGL8cRLpwzJMIFVlYq5EqwKPGeplp2xTmM6ZVEJoJjkyASEscR1FMSQzl7hWEzAZ7rcGxriC8fatHnQ4IPuZ3BHqZ7kV62bFBDsilH9vYBlCNoW3S27BwAoy02tc1m2Ki5UlkTFq3PqgJYNdtrOrFDMjdW22cNoMcsSdVPJUowvJ40xkIl_tfsbRZRyKCaoOeaHEQZ6IcsG6JLmBtvlSqakwj5QEzmIzakrHEGAzO4KlFKX8Tgy_8pRANh0Gwcmo.4ADE55Oi_48XCwSHs34JmtGaHGvPgO04Btilhb1eZo4%26dib_tag%3Dse%26qid%3D1713238291%26s%3Delectronics%26sr%3D1-2-spons%26sp_csd%3Dd2lkZ2V0TmFtZT1zcF9hdGZfYnJvd3Nl%26psc%3D1,https://m.media-amazon.com/images/I/513up6tVw5L._AC_SL1500_.jpg
2,Generic,Nokia 110 Dual SIM Mobile,Black,Amazon,,(&&,,,,553,https://www.amazon.eg/-/en/sspa/click?ie=UTF8&spc=MTo0MTAyNjg5MjgzMTgwMTA2OjE3MTMyMzgyOTE6c3BfYXRmX2Jyb3dzZTozMDAxMDc3NjEzMzY5MzI6OjA6Og&url=%2FMobile-Phone-Black-Ramadan-Kareem%2Fdp%2FB0CQ3PG5WJ%2Fref%3Dsr_1_3_sspa%3Fdib%3DeyJ2IjoiMSJ9.DUgnSqAGmobQ6tHFYzqJOemqOGGwYOhhJ7ada4AUda7pGL8cRLpwzJMIFVlYq5EqwKPGeplp2xTmM6ZVEJoJjkyASEscR1FMSQzl7hWEzAZ7rcGxriC8fatHnQ4IPuZ3BHqZ7kV62bFBDsilH9vYBlCNoW3S27BwAoy02tc1m2Ki5UlkTFq3PqgJYNdtrOrFDMjdW22cNoMcsSdVPJUowvJ40xkIl_tfsbRZRyKCaoOeaHEQZ6IcsG6JLmBtvlSqakwj5QEzmIzakrHEGAzO4KlFKX8Tgy_8pRANh0Gwcmo.4ADE55Oi_48XCwSHs34JmtGaHGvPgO04Btilhb1eZo4%26dib_tag%3Dse%26qid%3D1713238291%26s%3Delectronics%26sr%3D1-3-spons%26sp_csd%3Dd2lkZ2V0TmFtZT1zcF9hdGZfYnJvd3Nl%26psc%3D1,https://m.media-amazon.com/images/I/41g7zULUMlL._AC_.jpg
3,Nokia,G21,Blue,Amazon,128,4GB,,,,"3,999.00",https://www.amazon.eg/-/en/Nokia-G21-Dual-128GB-Inches/dp/B0B39LMDKP,https://m.media-amazon.com/images/I/71AQ3qEZ-VL._AC_SL1500_.jpg
4,,,,Amazon,,8GB,,,5000,"15,444.00",https://www.amazon.eg/-/en/Samsung-Galaxy-Dual-128GB-Inches/dp/B0BXNW1KFB,https://m.media-amazon.com/images/I/71xU8w3fHJL._AC_SL1500_.jpg
5,SAMSUNG,Samsung Galaxy A05s,Black,Amazon,128,4GB,,,,"5,600.00",https://www.amazon.eg/-/en/Samsung-Galaxy-Android-Smartphone-Storage/dp/B0CP45G7C5,https://m.media-amazon.com/images/I/61jBR+KUEDL._AC_SL1500_.jpg
6,Samsung,Galaxy A54,Awesome Graphite,Amazon,256,8GB,,,5000,"16,840.00",https://www.amazon.eg/-/en/Samsung-Galaxy-A54-Graphite-Warranty/dp/B0BXP126BQ,https://m.media-amazon.com/images/I/71xU8w3fHJL._AC_SL1500_.jpg
7,Samsung,Samsung Galaxy A54,chartreuse,Amazon,256,8GB,,,5000,"17,415.00",https://www.amazon.eg/-/en/Samsung-Galaxy-Dual-256GB-Inches/dp/B0BXNWQZZB,https://m.media-amazon.com/images/I/716FwKy9FlL._AC_SL1500_.jpg
8,SAMSUNG,Samsung Galaxy A05s,Black,Amazon,128,6GB,,,,"6,499.00",https://www.amazon.eg/-/en/Samsung-Galaxy-Android-Smartphone-Storage/dp/B0CP45ZGRK,https://m.media-amazon.com/images/I/61jBR+KUEDL._AC_SL1500_.jpg
9,,,,Amazon,,8GB,,,5000,"15,444.00",https://www.amazon.eg/-/en/Samsung-Galaxy-A54-Android-Awesome/dp/B0BXNW1SP4,https://m.media-amazon.com/images/I/51kQgMblg9L._AC_.jpg
10,SAMSUNG,Galaxy S24 Ultra,Titanium Black,Amazon,256,12GB,,,,"1,200.00",https://www.amazon.eg/-/en/SAMSUNG-Android-Smartphone-Storage-Battery/dp/B0CQZ22Q7L,https://m.media-amazon.com/images/I/719HV2e6-sL._AC_SL1500_.jpg
11,Itel,A58 Pro,multi,Amazon,32,2GB,,,,"3,725.00",https://www.amazon.eg/-/en/Itel-A58-32GB-6-66-Inches/dp/B09TVT8ZL8,https://m.media-amazon.com/images/I/41-h5jK4PlL._AC_SL1000_.jpg
12,Generic,1,White,Amazon,15,,,,,694,https://www.amazon.eg/-/en/sspa/click?ie=UTF8&spc=MTo0MTAyNjg5MjgzMTgwMTA2OjE3MTMyMzgyOTE6c3BfbXRmX2Jyb3dzZTozMDAxNTE4OTAwOTMzMzI6OjA6Og&url=%2FDual-B310-2G-Mobile-Phone-White%2Fdp%2FB0CYDSRKKK%2Fref%3Dsr_1_13_sspa%3Fdib%3DeyJ2IjoiMSJ9.DUgnSqAGmobQ6tHFYzqJOemqOGGwYOhhJ7ada4AUda7pGL8cRLpwzJMIFVlYq5EqwKPGeplp2xTmM6ZVEJoJjkyASEscR1FMSQzl7hWEzAZ7rcGxriC8fatHnQ4IPuZ3BHqZ7kV62bFBDsilH9vYBlCNoW3S27BwAoy02tc1m2Ki5UlkTFq3PqgJYNdtrOrFDMjdW22cNoMcsSdVPJUowvJ40xkIl_tfsbRZRyKCaoOeaHEQZ6IcsG6JLmBtvlSqakwj5QEzmIzakrHEGAzO4KlFKX8Tgy_8pRANh0Gwcmo.4ADE55Oi_48XCwSHs34JmtGaHGvPgO04Btilhb1eZo4%26dib_tag%3Dse%26qid%3D1713238291%26s%3Delectronics%26sr%3D1-13-spons%26sp_csd%3Dd2lkZ2V0TmFtZT1zcF9tdGZfYnJvd3Nl%26psc%3D1,https://m.media-amazon.com/images/I/61j4wLZg8CL._AC_SL1280_.jpg
13,Generic,105,Black,Amazon,1,,,,,535,https://www.amazon.eg/-/en/sspa/click?ie=UTF8&spc=MTo0MTAyNjg5MjgzMTgwMTA2OjE3MTMyMzgyOTE6c3BfbXRmX2Jyb3dzZTozMDAxMzI1NTIzMTQ3MzI6OjA6Og&url=%2FMobile-105-Phone-105-Black-Dual-SIM%2Fdp%2FB0CV9TRH4W%2Fref%3Dsr_1_14_sspa%3Fdib%3DeyJ2IjoiMSJ9.DUgnSqAGmobQ6tHFYzqJOemqOGGwYOhhJ7ada4AUda7pGL8cRLpwzJMIFVlYq5EqwKPGeplp2xTmM6ZVEJoJjkyASEscR1FMSQzl7hWEzAZ7rcGxriC8fatHnQ4IPuZ3BHqZ7kV62bFBDsilH9vYBlCNoW3S27BwAoy02tc1m2Ki5UlkTFq3PqgJYNdtrOrFDMjdW22cNoMcsSdVPJUowvJ40xkIl_tfsbRZRyKCaoOeaHEQZ6IcsG6JLmBtvlSqakwj5QEzmIzakrHEGAzO4KlFKX8Tgy_8pRANh0Gwcmo.4ADE55Oi_48XCwSHs34JmtGaHGvPgO04Btilhb1eZo4%26dib_tag%3Dse%26qid%3D1713238291%26s%3Delectronics%26sr%3D1-14-spons%26sp_csd%3Dd2lkZ2V0TmFtZT1zcF9tdGZfYnJvd3Nl%26psc%3D1,https://m.media-amazon.com/images/I/61XT0TmtFJL._AC_SL1500_.jpg
14,Samsung,Samsung Galaxy Z Fold 5,Phantom Black,Amazon,256,12GB,,,4400,"65,450.00",https://www.amazon.eg/-/en/sspa/click?ie=UTF8&spc=MTo0MTAyNjg5MjgzMTgwMTA2OjE3MTMyMzgyOTE6c3BfbXRmX2Jyb3dzZTozMDAxNTM2Njc3MzQ4MzI6OjA6Og&url=%2FSamsung-Galaxy-Android-Smartphone-Phantom%2Fdp%2FB0CC9VZDVS%2Fref%3Dsr_1_15_sspa%3Fdib%3DeyJ2IjoiMSJ9.DUgnSqAGmobQ6tHFYzqJOemqOGGwYOhhJ7ada4AUda7pGL8cRLpwzJMIFVlYq5EqwKPGeplp2xTmM6ZVEJoJjkyASEscR1FMSQzl7hWEzAZ7rcGxriC8fatHnQ4IPuZ3BHqZ7kV62bFBDsilH9vYBlCNoW3S27BwAoy02tc1m2Ki5UlkTFq3PqgJYNdtrOrFDMjdW22cNoMcsSdVPJUowvJ40xkIl_tfsbRZRyKCaoOeaHEQZ6IcsG6JLmBtvlSqakwj5QEzmIzakrHEGAzO4KlFKX8Tgy_8pRANh0Gwcmo.4ADE55Oi_48XCwSHs34JmtGaHGvPgO04Btilhb1eZo4%26dib_tag%3Dse%26qid%3D1713238291%26s%3Delectronics%26sr%3D1-15-spons%26sp_csd%3Dd2lkZ2V0TmFtZT1zcF9tdGZfYnJvd3Nl%26psc%3D1,https://m.media-amazon.com/images/I/7102NAlM6FL._AC_SL1500_.jpg
15,SAMSUNG,Samsung Galaxy A05 LTE,Black,Amazon,64,4GB,,,,"4,999.00",https://www.amazon.eg/-/en/Samsung-Galaxy-Android-Smartphone-Storage/dp/B0CP45WBMP,https://m.media-amazon.com/images/I/71dYQdmhwFL._AC_SL1500_.jpg
16,SAMSUNG,Samsung Galaxy A25 5G,Light Blue,Amazon,256,8GB,,,,"10,999.00",https://www.amazon.eg/-/en/Samsung-Galaxy-Android-Smartphone-Storage/dp/B0CQ5BYHWY,https://m.media-amazon.com/images/I/614qsXB-XUL._AC_SL1500_.jpg
17,Samsung,Galaxy-A15,Black,Amazon,256,8GB,,,,"8,985.00",https://www.amazon.eg/-/en/Samsung-Galaxy-Dual-256GGB-Inches/dp/B0CQJZ76X9,https://m.media-amazon.com/images/I/514nSB8S9pL._AC_SL1000_.jpg
18,Samsung,Samsung Galaxy A15,Light Blue,Amazon,128,6GB,,,,"7,325.00",https://www.amazon.eg/-/en/Samsung-Galaxy-Dual-128GB-Inches/dp/B0CQ5CZ346,https://m.media-amazon.com/images/I/61cl1NEIrdL._AC_SL1500_.jpg
19,realme,realme 11 5g,Glory Black,Amazon,8,8GB,,,,"10,180.00",https://www.amazon.eg/-/en/Realme-Dual-SIM-256GB-Glory-Black/dp/B0CGJ3N268,https://m.media-amazon.com/images/I/71VVj2qIIgL._AC_SL1500_.jpg
20,realme,Realme C53,Champion Gold,Amazon,8,GB,,,,"6,999.00",https://www.amazon.eg/-/en/Realme-Dual-SIM-256GB-Champion-Gold/dp/B0CNLRD3SY,https://m.media-amazon.com/images/I/81ZZ+2aDSXL._AC_SL1500_.jpg
21,SAMSUNG,Galaxy-A05,Black,Amazon,128,6GB,,,5000,"5,899.00",https://www.amazon.eg/-/en/Samsung-Galaxy-Android-Smartphone-Storage/dp/B0CR6BZHYC,https://m.media-amazon.com/images/I/61xn0PNMjIL._AC_SL1485_.jpg
22,Samsung,Samsung Galaxy A15,Black,Amazon,128,6GB,,,,50,https://www.amazon.eg/-/en/Samsung-Galaxy-Dual-128GB-Inches/dp/B0CQ5BMBGN,https://m.media-amazon.com/images/I/61isHdQ+TDL._AC_SL1500_.jpg
23,realme,Realme C53,Champion Gold,Amazon,128,6GB,,,,"6,299.00",https://www.amazon.eg/-/en/Realme-Dual-SIM-128GB-Champion-Gold/dp/B0C5XJ2HRM,https://m.media-amazon.com/images/I/71uqxJZTm-L._AC_SL1500_.jpg
24,Xiaomi,MZB0E0IEU,Onyx Gray,Amazon,128,8GB,,,5000,"8,499.00",https://www.amazon.eg/-/en/Xiaomi-Redmi-Note-Dual-128GB/dp/B0BZJ2LLGL,https://m.media-amazon.com/images/I/51W1mldZtDL._AC_SL1500_.jpg
25,Nokia,NOKIA 105_DS_BLACK,Black,Amazon,0.03,,,,,475,https://www.amazon.eg/-/en/NOKIA-105-Dual-SIM-Black/dp/B07WXW8V4X,https://m.media-amazon.com/images/I/61LffJw7v4L._AC_SL1500_.jpg
26,Samsung,Samsung Galaxy A54,Awesome White,Amazon,128,8GB,,,5000,"15,444.00",https://www.amazon.eg/-/en/Samsung-Galaxy-A54-Android-Warranty/dp/B0BXNWHSM7,https://m.media-amazon.com/images/I/51ySQH9NhXL._AC_.jpg
27,Apple,Iphone 15,grey,Amazon,256,,,,,"75,000.00",https://www.amazon.eg/-/en/Apple-iPhone-Pro-Max-256/dp/B0CHXSKYN6,https://m.media-amazon.com/images/I/717trh2j6CL._AC_SL1500_.jpg
28,Xiaomi,Redmi Note 13,Green,Amazon,256,8GB,,,,"10,770.00",https://www.amazon.eg/-/en/Redmi-Note-Green-Storage-screen/dp/B0CQKDDCVK,https://m.media-amazon.com/images/I/51Q+-U8vAVL._AC_SL1200_.jpg
29,SAMSUNG,S23 Ultra,Phantom Black,Amazon,256,,,,,"44,980.00",https://www.amazon.eg/-/en/Samsung-Phantom-Smartphone-Manufacturer-Warranty/dp/B0BSLBMCB2,https://m.media-amazon.com/images/I/71iBKcLHXFL._AC_SL1500_.jpg
30,Generic,1,Black,Amazon,15,,,,,464,https://www.amazon.eg/-/en/sspa/click?ie=UTF8&spc=MToyMjE2OTYwNzA4NTMxMTA2OjE3MTMyMzg3NzQ6c3BfYXRmX2Jyb3dzZTozMDAxNTE4OTAwOTM3MzI6OjA6Og&url=%2FMobile-Phone-105-Black-Single%2Fdp%2FB0CY93TDL8%2Fref%3Dsr_1_25_sspa%3Fdib%3DeyJ2IjoiMSJ9.NibK6Xfjo9g1MColQhQkpRB_eOfI0bQO9cLPsmbOF-XF0qPiYfgYYIatHeBtc1w79J-BF6rm_WIQkTFw-xjQ97VItDcTmnN-KYgnb90hLD0FoT0E8Qt_iiKA0xHogaGV6ct_UJOsaD830p4Awn5eBoFHKIoVppuiF5ZzaWnzTLXN5ASRh1TrUL99oSPg7kDM2fJnVW20YKKAScYlai6HDQvY7sZJtMoULTuRCCQ_pmaxEuH7GJBdzTorgjSilDw_FP7oXdukGTDhlvsy4DS-IBZSkemwPxrYQsp_z4JDZOg.uFPIIppq81VE6yTFFKuIWPerOPY9M-JbdA4nkESi1p8%26dib_tag%3Dse%26qid%3D1713238774%26s%3Delectronics%26sr%3D1-25-spons%26sp_csd%3Dd2lkZ2V0TmFtZT1zcF9hdGZfYnJvd3Nl%26psc%3D1,https://m.media-amazon.com/images/I/513up6tVw5L._AC_SL1500_.jpg
31,Generic,"105 EG Mobile TA-1459 DS Charcoal Black, Dual Sim",Black,Amazon,1.99,SIM,,,,679,https://www.amazon.eg/-/en/sspa/click?ie=UTF8&spc=MToyMjE2OTYwNzA4NTMxMTA2OjE3MTMyMzg3NzQ6c3BfYXRmX2Jyb3dzZTozMDAxMzM1MzYwNTY1MzI6OjA6Og&url=%2FMobile-Phone-TA-1459-Charcoal-Ramadan%2Fdp%2FB0CV3GMYY5%2Fref%3Dsr_1_26_sspa%3Fdib%3DeyJ2IjoiMSJ9.NibK6Xfjo9g1MColQhQkpRB_eOfI0bQO9cLPsmbOF-XF0qPiYfgYYIatHeBtc1w79J-BF6rm_WIQkTFw-xjQ97VItDcTmnN-KYgnb90hLD0FoT0E8Qt_iiKA0xHogaGV6ct_UJOsaD830p4Awn5eBoFHKIoVppuiF5ZzaWnzTLXN5ASRh1TrUL99oSPg7kDM2fJnVW20YKKAScYlai6HDQvY7sZJtMoULTuRCCQ_pmaxEuH7GJBdzTorgjSilDw_FP7oXdukGTDhlvsy4DS-IBZSkemwPxrYQsp_z4JDZOg.uFPIIppq81VE6yTFFKuIWPerOPY9M-JbdA4nkESi1p8%26dib_tag%3Dse%26qid%3D1713238774%26s%3Delectronics%26sr%3D1-26-spons%26sp_csd%3Dd2lkZ2V0TmFtZT1zcF9hdGZfYnJvd3Nl%26psc%3D1,https://m.media-amazon.com/images/I/41ZvwWEkBiL._AC_.jpg
32,Generic,1,White,Amazon,15,,,,,694,https://www.amazon.eg/-/en/sspa/click?ie=UTF8&spc=MToyMjE2OTYwNzA4NTMxMTA2OjE3MTMyMzg3NzQ6c3BfYXRmX2Jyb3dzZTozMDAxNTE4OTAwOTMzMzI6OjA6Og&url=%2FDual-B310-2G-Mobile-Phone-White%2Fdp%2FB0CYDSRKKK%2Fref%3Dsr_1_27_sspa%3Fdib%3DeyJ2IjoiMSJ9.NibK6Xfjo9g1MColQhQkpRB_eOfI0bQO9cLPsmbOF-XF0qPiYfgYYIatHeBtc1w79J-BF6rm_WIQkTFw-xjQ97VItDcTmnN-KYgnb90hLD0FoT0E8Qt_iiKA0xHogaGV6ct_UJOsaD830p4Awn5eBoFHKIoVppuiF5ZzaWnzTLXN5ASRh1TrUL99oSPg7kDM2fJnVW20YKKAScYlai6HDQvY7sZJtMoULTuRCCQ_pmaxEuH7GJBdzTorgjSilDw_FP7oXdukGTDhlvsy4DS-IBZSkemwPxrYQsp_z4JDZOg.uFPIIppq81VE6yTFFKuIWPerOPY9M-JbdA4nkESi1p8%26dib_tag%3Dse%26qid%3D1713238774%26s%3Delectronics%26sr%3D1-27-spons%26sp_csd%3Dd2lkZ2V0TmFtZT1zcF9hdGZfYnJvd3Nl%26psc%3D1,https://m.media-amazon.com/images/I/61j4wLZg8CL._AC_SL1280_.jpg
33,Samsung,Samsung Galaxy S23 FE,Graphite,Amazon,256,8GB,,,,"27,995.00",https://www.amazon.eg/-/en/Samsung-Galaxy-Android-Smartphone-256GB/dp/B0CJXPW2GD,https://m.media-amazon.com/images/I/61-E0V81kBL._AC_SL1500_.jpg
34,OPPO,Oppo Reno 8T,red,Amazon,256,8GB,,,,"11,350.00",https://www.amazon.eg/-/en/OPPO-Reno-Dual-256GB-Inches/dp/B0BVVR3NBM,https://m.media-amazon.com/images/I/61cIST+osWL._AC_SL1390_.jpg
35,OPPO,Oppo Reno 10,light blue,Amazon,256,8GB,,,,"15,950.00",https://www.amazon.eg/-/en/OPPO-Reno10-Dual-256GB-Inches/dp/B0CBKKYDXF,https://m.media-amazon.com/images/I/71F+uT0BRAL._AC_SL1500_.jpg
36,HONOR,Honor Pad,Space Gray,Amazon,128,4GB,,,7250,"8,999.00",https://www.amazon.eg/-/en/Honor-Inches-Space-128GB-Wi-Fi/dp/B0CCY9C8QX,https://m.media-amazon.com/images/I/61+JGgRUWpL._AC_SL1080_.jpg
37,Samsung,Galaxy-A15,Light Blue,Amazon,256,8GB,,,,"9,399.00",https://www.amazon.eg/-/en/Samsung-Galaxy-Dual-256GGB-Inches/dp/B0CQJYYWLH,https://m.media-amazon.com/images/I/51Cida8RecL._AC_SL1000_.jpg
38,Xiaomi,Redmi Note 13,Midnight Black,Amazon,256,8GB,,,,"10,770.00",https://www.amazon.eg/-/en/Redmi-Note-13-256GB-Inches/dp/B0CWRLJYGJ,https://m.media-amazon.com/images/I/51xTkm8N0fL._AC_SL1000_.jpg
39,Samsung,Samsung Galaxy A15,Light Blue,Amazon,128,4GB,,,,"6,750.00",https://www.amazon.eg/-/en/Samsung-Galaxy-Dual-128GB-Inches/dp/B0CQ59K8F9,https://m.media-amazon.com/images/I/61cl1NEIrdL._AC_SL1500_.jpg
40,OPPO,Oppo A78,green,Amazon,256,8GB,,,,"8,500.00",https://www.amazon.eg/-/en/OPPO-A78-256GB-Inches-4G/dp/B0CCRXSWNP,https://m.media-amazon.com/images/I/61tl7PNht9L._AC_SL1200_.jpg
41,Redmi,,Graphite Gray,Amazon,32,3GB,,,,"5,199.00",https://www.amazon.eg/-/en/Redmi-12C-Dual-SIM-32GB/dp/B0CG5W46NH,https://m.media-amazon.com/images/I/61Pjk+wUoeL._AC_SL1500_.jpg
42,realme,Realme C55,Black,Amazon,8,8GB,,,,"7,399.00",https://www.amazon.eg/-/en/Realme-256GB-Rainy-Night-Black/dp/B0BXQ2HNDC,https://m.media-amazon.com/images/I/71z0GCE5GsL._AC_SL1500_.jpg
43,Xiaomi,Redmi 13C,Midnight Black,Amazon,256,8GB,,,18,"7,199.00",https://www.amazon.eg/-/en/Xiaomi-Redmi-13C-256GB-Inches/dp/B0CT3N5CFC,https://m.media-amazon.com/images/I/51z+jOOKlJL._AC_SL1000_.jpg
44,egyptian saudi insurance house,1 Year Extended Warranty Plan,red,Amazon,,,,,,54,https://www.amazon.eg/-/en/Extended-Warranty-Audio-Video-products-EGP999-99/dp/B09TTPFCLW,https://m.media-amazon.com/images/I/61wDIlo+8+L._AC_SL1500_.jpg
45,Generic,Nokia 110 Dual SIM Mobile,Black,Amazon,,(&&,,,,553,https://www.amazon.eg/-/en/sspa/click?ie=UTF8&spc=MToyMjE2OTYwNzA4NTMxMTA2OjE3MTMyMzg3NzQ6c3BfbXRmX2Jyb3dzZTozMDAxMDc3NjEzMzY5MzI6OjA6Og&url=%2FMobile-Phone-Black-Ramadan-Kareem%2Fdp%2FB0CQ3PG5WJ%2Fref%3Dsr_1_40_sspa%3Fdib%3DeyJ2IjoiMSJ9.NibK6Xfjo9g1MColQhQkpRB_eOfI0bQO9cLPsmbOF-XF0qPiYfgYYIatHeBtc1w79J-BF6rm_WIQkTFw-xjQ97VItDcTmnN-KYgnb90hLD0FoT0E8Qt_iiKA0xHogaGV6ct_UJOsaD830p4Awn5eBoFHKIoVppuiF5ZzaWnzTLXN5ASRh1TrUL99oSPg7kDM2fJnVW20YKKAScYlai6HDQvY7sZJtMoULTuRCCQ_pmaxEuH7GJBdzTorgjSilDw_FP7oXdukGTDhlvsy4DS-IBZSkemwPxrYQsp_z4JDZOg.uFPIIppq81VE6yTFFKuIWPerOPY9M-JbdA4nkESi1p8%26dib_tag%3Dse%26qid%3D1713238774%26s%3Delectronics%26sr%3D1-40-spons%26sp_csd%3Dd2lkZ2V0TmFtZT1zcF9tdGZfYnJvd3Nl%26psc%3D1,https://m.media-amazon.com/images/I/41g7zULUMlL._AC_.jpg
46,Generic,105,Black,Amazon,1,,,,,535,https://www.amazon.eg/-/en/sspa/click?ie=UTF8&spc=MToyMjE2OTYwNzA4NTMxMTA2OjE3MTMyMzg3NzQ6c3BfbXRmX2Jyb3dzZTozMDAxMzI1NTIzMTQ3MzI6OjA6Og&url=%2FMobile-105-Phone-105-Black-Dual-SIM%2Fdp%2FB0CV9TRH4W%2Fref%3Dsr_1_41_sspa%3Fdib%3DeyJ2IjoiMSJ9.NibK6Xfjo9g1MColQhQkpRB_eOfI0bQO9cLPsmbOF-XF0qPiYfgYYIatHeBtc1w79J-BF6rm_WIQkTFw-xjQ97VItDcTmnN-KYgnb90hLD0FoT0E8Qt_iiKA0xHogaGV6ct_UJOsaD830p4Awn5eBoFHKIoVppuiF5ZzaWnzTLXN5ASRh1TrUL99oSPg7kDM2fJnVW20YKKAScYlai6HDQvY7sZJtMoULTuRCCQ_pmaxEuH7GJBdzTorgjSilDw_FP7oXdukGTDhlvsy4DS-IBZSkemwPxrYQsp_z4JDZOg.uFPIIppq81VE6yTFFKuIWPerOPY9M-JbdA4nkESi1p8%26dib_tag%3Dse%26qid%3D1713238774%26s%3Delectronics%26sr%3D1-41-spons%26sp_csd%3Dd2lkZ2V0TmFtZT1zcF9tdGZfYnJvd3Nl%26psc%3D1,https://m.media-amazon.com/images/I/61XT0TmtFJL._AC_SL1500_.jpg
47,Samsung,Samsung Galaxy Z Fold 5,Phantom Black,Amazon,256,12GB,,,4400,"65,450.00",https://www.amazon.eg/-/en/sspa/click?ie=UTF8&spc=MToyMjE2OTYwNzA4NTMxMTA2OjE3MTMyMzg3NzQ6c3BfbXRmX2Jyb3dzZTozMDAxNTM2Njc3MzQ4MzI6OjA6Og&url=%2FSamsung-Galaxy-Android-Smartphone-Phantom%2Fdp%2FB0CC9VZDVS%2Fref%3Dsr_1_42_sspa%3Fdib%3DeyJ2IjoiMSJ9.NibK6Xfjo9g1MColQhQkpRB_eOfI0bQO9cLPsmbOF-XF0qPiYfgYYIatHeBtc1w79J-BF6rm_WIQkTFw-xjQ97VItDcTmnN-KYgnb90hLD0FoT0E8Qt_iiKA0xHogaGV6ct_UJOsaD830p4Awn5eBoFHKIoVppuiF5ZzaWnzTLXN5ASRh1TrUL99oSPg7kDM2fJnVW20YKKAScYlai6HDQvY7sZJtMoULTuRCCQ_pmaxEuH7GJBdzTorgjSilDw_FP7oXdukGTDhlvsy4DS-IBZSkemwPxrYQsp_z4JDZOg.uFPIIppq81VE6yTFFKuIWPerOPY9M-JbdA4nkESi1p8%26dib_tag%3Dse%26qid%3D1713238774%26s%3Delectronics%26sr%3D1-42-spons%26sp_csd%3Dd2lkZ2V0TmFtZT1zcF9tdGZfYnJvd3Nl%26psc%3D1,https://m.media-amazon.com/images/I/7102NAlM6FL._AC_SL1500_.jpg
48,Redmi,Redmi 12 - Midnight Black,Sky Blue,Amazon,256,8GB,,,5000,"7,599.00",https://www.amazon.eg/-/en/Redmi-12-256GB-6-79-Inches/dp/B0CVND8111,https://m.media-amazon.com/images/I/5130q70SzrL._AC_SL1000_.jpg
49,realme,realme 12 pro+,Submarine Blue,Amazon,12,12GB,,,,250,https://www.amazon.eg/-/en/realme-Pro-Dual-12GB-512GB/dp/B0CTZW624P,https://m.media-amazon.com/images/I/81GvcYAFKbL._AC_SL1500_.jpg
50,SAMSUNG,Samsung Galaxy A25 5G,Black,Amazon,128,6GB,,,,"9,999.00",https://www.amazon.eg/-/en/Samsung-Galaxy-Android-Smartphone-Storage/dp/B0CQ5CQG31,https://m.media-amazon.com/images/I/61n8R-QRkUL._AC_SL1500_.jpg
51,realme,Realme C51,Carbon Black,Amazon,4,4GB,,,,"5,598.00",https://www.amazon.eg/-/en/Realme-Supper-Charger-Dynamic-Inches/dp/B0CHZ29FRV,https://m.media-amazon.com/images/I/51XS4DYEgQL._AC_SL1500_.jpg
52,OPPO,A58,black,Amazon,128,6GB,,,33,"6,850.00",https://www.amazon.eg/-/en/Oppo-A58-Dual-128GB-Black/dp/B0CDBP5HFB,https://m.media-amazon.com/images/I/81gpCfWufkL._AC_SL1500_.jpg
53,Egyptian Saudi Insurance House,1 Year Extended Warranty Plan,red,Amazon,,,,,,27,https://www.amazon.eg/-/en/Extended-Household-Appliance-Equipment-EGP499-99/dp/B09TTLKL6C,https://m.media-amazon.com/images/I/61eiunz3JaL._AC_SL1500_.jpg
54,Nokia,Nokia C10,Grey,Amazon,32,2gb,,,3000,"3,725.00",https://www.amazon.eg/-/en/Nokia-c10-dual-sim-32gb/dp/B0C1ZNGYJQ,https://m.media-amazon.com/images/I/71nZAbL5+BL._AC_SL1500_.jpg
55,realme,Realme C 55,Sunshower,Amazon,8,,,,,"7,399.00",https://www.amazon.eg/-/en/Realme-55-8G-256G-Sunshower/dp/B0BZWNNRSD,https://m.media-amazon.com/images/I/81tZSD6b3UL._AC_SL1500_.jpg
56,,,Cool Black,Amazon,,8GB,,,,12,https://www.amazon.eg/-/en/OPPO-Smartphone-Version-Fingerprint-Recognition/dp/B0C5N2V1C3,https://m.media-amazon.com/images/I/71JwRA-AUfL._AC_SL1500_.jpg
57,Xiaomi,Redmi 12 - Sky Blue,Sky Blue,Amazon,256,8GB,,,22,"7,680.00",https://www.amazon.eg/-/en/Redmi-Hybrid-Dual-256GB-Inches/dp/B0C9LTLSN2,https://m.media-amazon.com/images/I/51Pm+LJGR3L._AC_SL1000_.jpg
58,SAMSUNG,Galaxy S24 Ultra,Titanium Violet,Amazon,512,12GB,,,,"77,000.00",https://www.amazon.eg/-/en/SAMSUNG-Android-Smartphone-Storage-Battery/dp/B0CQZ1JYNY,https://m.media-amazon.com/images/I/71DMZEvfSVL._AC_SL1500_.jpg
59,OPPO,A38,black,Amazon,128,4GB,,,33,"6,390.00",https://www.amazon.eg/-/en/OPPO-SUPERVOOC-Waterdrop-Additional-Exchange/dp/B0CHDW6N8J,https://m.media-amazon.com/images/I/810mPWLr-SL._AC_SL1500_.jpg
0,Generic,"105 EG Mobile TA-1459 DS Charcoal Black, Dual Sim",Black,Amazon,1.99,SIM,,,,679,https://www.amazon.eg/-/en/sspa/click?ie=UTF8&spc=MTo0MTAyNjg5MjgzMTgwMTA2OjE3MTMyMzgyOTE6c3BfYXRmX2Jyb3dzZTozMDAxMzM1MzYwNTY1MzI6OjA6Og&url=%2FMobile-Phone-TA-1459-Charcoal-Ramadan%2Fdp%2FB0CV3GMYY5%2Fref%3Dsr_1_1_sspa%3Fdib%3DeyJ2IjoiMSJ9.DUgnSqAGmobQ6tHFYzqJOemqOGGwYOhhJ7ada4AUda7pGL8cRLpwzJMIFVlYq5EqwKPGeplp2xTmM6ZVEJoJjkyASEscR1FMSQzl7hWEzAZ7rcGxriC8fatHnQ4IPuZ3BHqZ7kV62bFBDsilH9vYBlCNoW3S27BwAoy02tc1m2Ki5UlkTFq3PqgJYNdtrOrFDMjdW22cNoMcsSdVPJUowvJ40xkIl_tfsbRZRyKCaoOeaHEQZ6IcsG6JLmBtvlSqakwj5QEzmIzakrHEGAzO4KlFKX8Tgy_8pRANh0Gwcmo.4ADE55Oi_48XCwSHs34JmtGaHGvPgO04Btilhb1eZo4%26dib_tag%3Dse%26qid%3D1713238291%26s%3Delectronics%26sr%3D1-1-spons%26sp_csd%3Dd2lkZ2V0TmFtZT1zcF9hdGZfYnJvd3Nl%26psc%3D1,https://m.media-amazon.com/images/I/41ZvwWEkBiL._AC_.jpg
1,Generic,1,Black,Amazon,15,,,,,464,https://www.amazon.eg/-/en/sspa/click?ie=UTF8&spc=MTo0MTAyNjg5MjgzMTgwMTA2OjE3MTMyMzgyOTE6c3BfYXRmX2Jyb3dzZTozMDAxNTE4OTAwOTM3MzI6OjA6Og&url=%2FMobile-Phone-105-Black-Single%2Fdp%2FB0CY93TDL8%2Fref%3Dsr_1_2_sspa%3Fdib%3DeyJ2IjoiMSJ9.DUgnSqAGmobQ6tHFYzqJOemqOGGwYOhhJ7ada4AUda7pGL8cRLpwzJMIFVlYq5EqwKPGeplp2xTmM6ZVEJoJjkyASEscR1FMSQzl7hWEzAZ7rcGxriC8fatHnQ4IPuZ3BHqZ7kV62bFBDsilH9vYBlCNoW3S27BwAoy02tc1m2Ki5UlkTFq3PqgJYNdtrOrFDMjdW22cNoMcsSdVPJUowvJ40xkIl_tfsbRZRyKCaoOeaHEQZ6IcsG6JLmBtvlSqakwj5QEzmIzakrHEGAzO4KlFKX8Tgy_8pRANh0Gwcmo.4ADE55Oi_48XCwSHs34JmtGaHGvPgO04Btilhb1eZo4%26dib_tag%3Dse%26qid%3D1713238291%26s%3Delectronics%26sr%3D1-2-spons%26sp_csd%3Dd2lkZ2V0TmFtZT1zcF9hdGZfYnJvd3Nl%26psc%3D1,https://m.media-amazon.com/images/I/513up6tVw5L._AC_SL1500_.jpg
2,Generic,Nokia 110 Dual SIM Mobile,Black,Amazon,,(&&,,,,553,https://www.amazon.eg/-/en/sspa/click?ie=UTF8&spc=MTo0MTAyNjg5MjgzMTgwMTA2OjE3MTMyMzgyOTE6c3BfYXRmX2Jyb3dzZTozMDAxMDc3NjEzMzY5MzI6OjA6Og&url=%2FMobile-Phone-Black-Ramadan-Kareem%2Fdp%2FB0CQ3PG5WJ%2Fref%3Dsr_1_3_sspa%3Fdib%3DeyJ2IjoiMSJ9.DUgnSqAGmobQ6tHFYzqJOemqOGGwYOhhJ7ada4AUda7pGL8cRLpwzJMIFVlYq5EqwKPGeplp2xTmM6ZVEJoJjkyASEscR1FMSQzl7hWEzAZ7rcGxriC8fatHnQ4IPuZ3BHqZ7kV62bFBDsilH9vYBlCNoW3S27BwAoy02tc1m2Ki5UlkTFq3PqgJYNdtrOrFDMjdW22cNoMcsSdVPJUowvJ40xkIl_tfsbRZRyKCaoOeaHEQZ6IcsG6JLmBtvlSqakwj5QEzmIzakrHEGAzO4KlFKX8Tgy_8pRANh0Gwcmo.4ADE55Oi_48XCwSHs34JmtGaHGvPgO04Btilhb1eZo4%26dib_tag%3Dse%26qid%3D1713238291%26s%3Delectronics%26sr%3D1-3-spons%26sp_csd%3Dd2lkZ2V0TmFtZT1zcF9hdGZfYnJvd3Nl%26psc%3D1,https://m.media-amazon.com/images/I/41g7zULUMlL._AC_.jpg
3,Nokia,G21,Blue,Amazon,128,4GB,,,,"3,999.00",https://www.amazon.eg/-/en/Nokia-G21-Dual-128GB-Inches/dp/B0B39LMDKP,https://m.media-amazon.com/images/I/71AQ3qEZ-VL._AC_SL1500_.jpg
4,,,,Amazon,,8GB,,,5000,"15,444.00",https://www.amazon.eg/-/en/Samsung-Galaxy-Dual-128GB-Inches/dp/B0BXNW1KFB,https://m.media-amazon.com/images/I/71xU8w3fHJL._AC_SL1500_.jpg
5,SAMSUNG,Samsung Galaxy A05s,Black,Amazon,128,4GB,,,,"5,600.00",https://www.amazon.eg/-/en/Samsung-Galaxy-Android-Smartphone-Storage/dp/B0CP45G7C5,https://m.media-amazon.com/images/I/61jBR+KUEDL._AC_SL1500_.jpg
6,Samsung,Galaxy A54,Awesome Graphite,Amazon,256,8GB,,,5000,"16,840.00",https://www.amazon.eg/-/en/Samsung-Galaxy-A54-Graphite-Warranty/dp/B0BXP126BQ,https://m.media-amazon.com/images/I/71xU8w3fHJL._AC_SL1500_.jpg
7,Samsung,Samsung Galaxy A54,chartreuse,Amazon,256,8GB,,,5000,"17,415.00",https://www.amazon.eg/-/en/Samsung-Galaxy-Dual-256GB-Inches/dp/B0BXNWQZZB,https://m.media-amazon.com/images/I/716FwKy9FlL._AC_SL1500_.jpg
8,SAMSUNG,Samsung Galaxy A05s,Black,Amazon,128,6GB,,,,"6,499.00",https://www.amazon.eg/-/en/Samsung-Galaxy-Android-Smartphone-Storage/dp/B0CP45ZGRK,https://m.media-amazon.com/images/I/61jBR+KUEDL._AC_SL1500_.jpg
9,,,,Amazon,,8GB,,,5000,"15,444.00",https://www.amazon.eg/-/en/Samsung-Galaxy-A54-Android-Awesome/dp/B0BXNW1SP4,https://m.media-amazon.com/images/I/51kQgMblg9L._AC_.jpg
10,SAMSUNG,Galaxy S24 Ultra,Titanium Black,Amazon,256,12GB,,,,"1,200.00",https://www.amazon.eg/-/en/SAMSUNG-Android-Smartphone-Storage-Battery/dp/B0CQZ22Q7L,https://m.media-amazon.com/images/I/719HV2e6-sL._AC_SL1500_.jpg
11,Itel,A58 Pro,multi,Amazon,32,2GB,,,,"3,725.00",https://www.amazon.eg/-/en/Itel-A58-32GB-6-66-Inches/dp/B09TVT8ZL8,https://m.media-amazon.com/images/I/41-h5jK4PlL._AC_SL1000_.jpg
12,Generic,1,White,Amazon,15,,,,,694,https://www.amazon.eg/-/en/sspa/click?ie=UTF8&spc=MTo0MTAyNjg5MjgzMTgwMTA2OjE3MTMyMzgyOTE6c3BfbXRmX2Jyb3dzZTozMDAxNTE4OTAwOTMzMzI6OjA6Og&url=%2FDual-B310-2G-Mobile-Phone-White%2Fdp%2FB0CYDSRKKK%2Fref%3Dsr_1_13_sspa%3Fdib%3DeyJ2IjoiMSJ9.DUgnSqAGmobQ6tHFYzqJOemqOGGwYOhhJ7ada4AUda7pGL8cRLpwzJMIFVlYq5EqwKPGeplp2xTmM6ZVEJoJjkyASEscR1FMSQzl7hWEzAZ7rcGxriC8fatHnQ4IPuZ3BHqZ7kV62bFBDsilH9vYBlCNoW3S27BwAoy02tc1m2Ki5UlkTFq3PqgJYNdtrOrFDMjdW22cNoMcsSdVPJUowvJ40xkIl_tfsbRZRyKCaoOeaHEQZ6IcsG6JLmBtvlSqakwj5QEzmIzakrHEGAzO4KlFKX8Tgy_8pRANh0Gwcmo.4ADE55Oi_48XCwSHs34JmtGaHGvPgO04Btilhb1eZo4%26dib_tag%3Dse%26qid%3D1713238291%26s%3Delectronics%26sr%3D1-13-spons%26sp_csd%3Dd2lkZ2V0TmFtZT1zcF9tdGZfYnJvd3Nl%26psc%3D1,https://m.media-amazon.com/images/I/61j4wLZg8CL._AC_SL1280_.jpg
13,Generic,105,Black,Amazon,1,,,,,535,https://www.amazon.eg/-/en/sspa/click?ie=UTF8&spc=MTo0MTAyNjg5MjgzMTgwMTA2OjE3MTMyMzgyOTE6c3BfbXRmX2Jyb3dzZTozMDAxMzI1NTIzMTQ3MzI6OjA6Og&url=%2FMobile-105-Phone-105-Black-Dual-SIM%2Fdp%2FB0CV9TRH4W%2Fref%3Dsr_1_14_sspa%3Fdib%3DeyJ2IjoiMSJ9.DUgnSqAGmobQ6tHFYzqJOemqOGGwYOhhJ7ada4AUda7pGL8cRLpwzJMIFVlYq5EqwKPGeplp2xTmM6ZVEJoJjkyASEscR1FMSQzl7hWEzAZ7rcGxriC8fatHnQ4IPuZ3BHqZ7kV62bFBDsilH9vYBlCNoW3S27BwAoy02tc1m2Ki5UlkTFq3PqgJYNdtrOrFDMjdW22cNoMcsSdVPJUowvJ40xkIl_tfsbRZRyKCaoOeaHEQZ6IcsG6JLmBtvlSqakwj5QEzmIzakrHEGAzO4KlFKX8Tgy_8pRANh0Gwcmo.4ADE55Oi_48XCwSHs34JmtGaHGvPgO04Btilhb1eZo4%26dib_tag%3Dse%26qid%3D1713238291%26s%3Delectronics%26sr%3D1-14-spons%26sp_csd%3Dd2lkZ2V0TmFtZT1zcF9tdGZfYnJvd3Nl%26psc%3D1,https://m.media-amazon.com/images/I/61XT0TmtFJL._AC_SL1500_.jpg
14,Samsung,Samsung Galaxy Z Fold 5,Phantom Black,Amazon,256,12GB,,,4400,"65,450.00",https://www.amazon.eg/-/en/sspa/click?ie=UTF8&spc=MTo0MTAyNjg5MjgzMTgwMTA2OjE3MTMyMzgyOTE6c3BfbXRmX2Jyb3dzZTozMDAxNTM2Njc3MzQ4MzI6OjA6Og&url=%2FSamsung-Galaxy-Android-Smartphone-Phantom%2Fdp%2FB0CC9VZDVS%2Fref%3Dsr_1_15_sspa%3Fdib%3DeyJ2IjoiMSJ9.DUgnSqAGmobQ6tHFYzqJOemqOGGwYOhhJ7ada4AUda7pGL8cRLpwzJMIFVlYq5EqwKPGeplp2xTmM6ZVEJoJjkyASEscR1FMSQzl7hWEzAZ7rcGxriC8fatHnQ4IPuZ3BHqZ7kV62bFBDsilH9vYBlCNoW3S27BwAoy02tc1m2Ki5UlkTFq3PqgJYNdtrOrFDMjdW22cNoMcsSdVPJUowvJ40xkIl_tfsbRZRyKCaoOeaHEQZ6IcsG6JLmBtvlSqakwj5QEzmIzakrHEGAzO4KlFKX8Tgy_8pRANh0Gwcmo.4ADE55Oi_48XCwSHs34JmtGaHGvPgO04Btilhb1eZo4%26dib_tag%3Dse%26qid%3D1713238291%26s%3Delectronics%26sr%3D1-15-spons%26sp_csd%3Dd2lkZ2V0TmFtZT1zcF9tdGZfYnJvd3Nl%26psc%3D1,https://m.media-amazon.com/images/I/7102NAlM6FL._AC_SL1500_.jpg
15,SAMSUNG,Samsung Galaxy A05 LTE,Black,Amazon,64,4GB,,,,"4,999.00",https://www.amazon.eg/-/en/Samsung-Galaxy-Android-Smartphone-Storage/dp/B0CP45WBMP,https://m.media-amazon.com/images/I/71dYQdmhwFL._AC_SL1500_.jpg
16,SAMSUNG,Samsung Galaxy A25 5G,Light Blue,Amazon,256,8GB,,,,"10,999.00",https://www.amazon.eg/-/en/Samsung-Galaxy-Android-Smartphone-Storage/dp/B0CQ5BYHWY,https://m.media-amazon.com/images/I/614qsXB-XUL._AC_SL1500_.jpg
17,Samsung,Galaxy-A15,Black,Amazon,256,8GB,,,,"8,985.00",https://www.amazon.eg/-/en/Samsung-Galaxy-Dual-256GGB-Inches/dp/B0CQJZ76X9,https://m.media-amazon.com/images/I/514nSB8S9pL._AC_SL1000_.jpg
18,Samsung,Samsung Galaxy A15,Light Blue,Amazon,128,6GB,,,,"7,325.00",https://www.amazon.eg/-/en/Samsung-Galaxy-Dual-128GB-Inches/dp/B0CQ5CZ346,https://m.media-amazon.com/images/I/61cl1NEIrdL._AC_SL1500_.jpg
19,realme,realme 11 5g,Glory Black,Amazon,8,8GB,,,,"10,180.00",https://www.amazon.eg/-/en/Realme-Dual-SIM-256GB-Glory-Black/dp/B0CGJ3N268,https://m.media-amazon.com/images/I/71VVj2qIIgL._AC_SL1500_.jpg
20,realme,Realme C53,Champion Gold,Amazon,8,GB,,,,"6,999.00",https://www.amazon.eg/-/en/Realme-Dual-SIM-256GB-Champion-Gold/dp/B0CNLRD3SY,https://m.media-amazon.com/images/I/81ZZ+2aDSXL._AC_SL1500_.jpg
21,SAMSUNG,Galaxy-A05,Black,Amazon,128,6GB,,,5000,"5,899.00",https://www.amazon.eg/-/en/Samsung-Galaxy-Android-Smartphone-Storage/dp/B0CR6BZHYC,https://m.media-amazon.com/images/I/61xn0PNMjIL._AC_SL1485_.jpg
22,Samsung,Samsung Galaxy A15,Black,Amazon,128,6GB,,,,50,https://www.amazon.eg/-/en/Samsung-Galaxy-Dual-128GB-Inches/dp/B0CQ5BMBGN,https://m.media-amazon.com/images/I/61isHdQ+TDL._AC_SL1500_.jpg
23,realme,Realme C53,Champion Gold,Amazon,128,6GB,,,,"6,299.00",https://www.amazon.eg/-/en/Realme-Dual-SIM-128GB-Champion-Gold/dp/B0C5XJ2HRM,https://m.media-amazon.com/images/I/71uqxJZTm-L._AC_SL1500_.jpg
24,Xiaomi,MZB0E0IEU,Onyx Gray,Amazon,128,8GB,,,5000,"8,499.00",https://www.amazon.eg/-/en/Xiaomi-Redmi-Note-Dual-128GB/dp/B0BZJ2LLGL,https://m.media-amazon.com/images/I/51W1mldZtDL._AC_SL1500_.jpg
25,Nokia,NOKIA 105_DS_BLACK,Black,Amazon,0.03,,,,,475,https://www.amazon.eg/-/en/NOKIA-105-Dual-SIM-Black/dp/B07WXW8V4X,https://m.media-amazon.com/images/I/61LffJw7v4L._AC_SL1500_.jpg
26,Samsung,Samsung Galaxy A54,Awesome White,Amazon,128,8GB,,,5000,"15,444.00",https://www.amazon.eg/-/en/Samsung-Galaxy-A54-Android-Warranty/dp/B0BXNWHSM7,https://m.media-amazon.com/images/I/51ySQH9NhXL._AC_.jpg
27,Apple,Iphone 15,grey,Amazon,256,,,,,"75,000.00",https://www.amazon.eg/-/en/Apple-iPhone-Pro-Max-256/dp/B0CHXSKYN6,https://m.media-amazon.com/images/I/717trh2j6CL._AC_SL1500_.jpg
28,Xiaomi,Redmi Note 13,Green,Amazon,256,8GB,,,,"10,770.00",https://www.amazon.eg/-/en/Redmi-Note-Green-Storage-screen/dp/B0CQKDDCVK,https://m.media-amazon.com/images/I/51Q+-U8vAVL._AC_SL1200_.jpg
29,SAMSUNG,S23 Ultra,Phantom Black,Amazon,256,,,,,"44,980.00",https://www.amazon.eg/-/en/Samsung-Phantom-Smartphone-Manufacturer-Warranty/dp/B0BSLBMCB2,https://m.media-amazon.com/images/I/71iBKcLHXFL._AC_SL1500_.jpg
30,Generic,1,Black,Amazon,15,,,,,464,https://www.amazon.eg/-/en/sspa/click?ie=UTF8&spc=MToyMjE2OTYwNzA4NTMxMTA2OjE3MTMyMzg3NzQ6c3BfYXRmX2Jyb3dzZTozMDAxNTE4OTAwOTM3MzI6OjA6Og&url=%2FMobile-Phone-105-Black-Single%2Fdp%2FB0CY93TDL8%2Fref%3Dsr_1_25_sspa%3Fdib%3DeyJ2IjoiMSJ9.NibK6Xfjo9g1MColQhQkpRB_eOfI0bQO9cLPsmbOF-XF0qPiYfgYYIatHeBtc1w79J-BF6rm_WIQkTFw-xjQ97VItDcTmnN-KYgnb90hLD0FoT0E8Qt_iiKA0xHogaGV6ct_UJOsaD830p4Awn5eBoFHKIoVppuiF5ZzaWnzTLXN5ASRh1TrUL99oSPg7kDM2fJnVW20YKKAScYlai6HDQvY7sZJtMoULTuRCCQ_pmaxEuH7GJBdzTorgjSilDw_FP7oXdukGTDhlvsy4DS-IBZSkemwPxrYQsp_z4JDZOg.uFPIIppq81VE6yTFFKuIWPerOPY9M-JbdA4nkESi1p8%26dib_tag%3Dse%26qid%3D1713238774%26s%3Delectronics%26sr%3D1-25-spons%26sp_csd%3Dd2lkZ2V0TmFtZT1zcF9hdGZfYnJvd3Nl%26psc%3D1,https://m.media-amazon.com/images/I/513up6tVw5L._AC_SL1500_.jpg
31,Generic,"105 EG Mobile TA-1459 DS Charcoal Black, Dual Sim",Black,Amazon,1.99,SIM,,,,679,https://www.amazon.eg/-/en/sspa/click?ie=UTF8&spc=MToyMjE2OTYwNzA4NTMxMTA2OjE3MTMyMzg3NzQ6c3BfYXRmX2Jyb3dzZTozMDAxMzM1MzYwNTY1MzI6OjA6Og&url=%2FMobile-Phone-TA-1459-Charcoal-Ramadan%2Fdp%2FB0CV3GMYY5%2Fref%3Dsr_1_26_sspa%3Fdib%3DeyJ2IjoiMSJ9.NibK6Xfjo9g1MColQhQkpRB_eOfI0bQO9cLPsmbOF-XF0qPiYfgYYIatHeBtc1w79J-BF6rm_WIQkTFw-xjQ97VItDcTmnN-KYgnb90hLD0FoT0E8Qt_iiKA0xHogaGV6ct_UJOsaD830p4Awn5eBoFHKIoVppuiF5ZzaWnzTLXN5ASRh1TrUL99oSPg7kDM2fJnVW20YKKAScYlai6HDQvY7sZJtMoULTuRCCQ_pmaxEuH7GJBdzTorgjSilDw_FP7oXdukGTDhlvsy4DS-IBZSkemwPxrYQsp_z4JDZOg.uFPIIppq81VE6yTFFKuIWPerOPY9M-JbdA4nkESi1p8%26dib_tag%3Dse%26qid%3D1713238774%26s%3Delectronics%26sr%3D1-26-spons%26sp_csd%3Dd2lkZ2V0TmFtZT1zcF9hdGZfYnJvd3Nl%26psc%3D1,https://m.media-amazon.com/images/I/41ZvwWEkBiL._AC_.jpg
32,Generic,1,White,Amazon,15,,,,,694,https://www.amazon.eg/-/en/sspa/click?ie=UTF8&spc=MToyMjE2OTYwNzA4NTMxMTA2OjE3MTMyMzg3NzQ6c3BfYXRmX2Jyb3dzZTozMDAxNTE4OTAwOTMzMzI6OjA6Og&url=%2FDual-B310-2G-Mobile-Phone-White%2Fdp%2FB0CYDSRKKK%2Fref%3Dsr_1_27_sspa%3Fdib%3DeyJ2IjoiMSJ9.NibK6Xfjo9g1MColQhQkpRB_eOfI0bQO9cLPsmbOF-XF0qPiYfgYYIatHeBtc1w79J-BF6rm_WIQkTFw-xjQ97VItDcTmnN-KYgnb90hLD0FoT0E8Qt_iiKA0xHogaGV6ct_UJOsaD830p4Awn5eBoFHKIoVppuiF5ZzaWnzTLXN5ASRh1TrUL99oSPg7kDM2fJnVW20YKKAScYlai6HDQvY7sZJtMoULTuRCCQ_pmaxEuH7GJBdzTorgjSilDw_FP7oXdukGTDhlvsy4DS-IBZSkemwPxrYQsp_z4JDZOg.uFPIIppq81VE6yTFFKuIWPerOPY9M-JbdA4nkESi1p8%26dib_tag%3Dse%26qid%3D1713238774%26s%3Delectronics%26sr%3D1-27-spons%26sp_csd%3Dd2lkZ2V0TmFtZT1zcF9hdGZfYnJvd3Nl%26psc%3D1,https://m.media-amazon.com/images/I/61j4wLZg8CL._AC_SL1280_.jpg
33,Samsung,Samsung Galaxy S23 FE,Graphite,Amazon,256,8GB,,,,"27,995.00",https://www.amazon.eg/-/en/Samsung-Galaxy-Android-Smartphone-256GB/dp/B0CJXPW2GD,https://m.media-amazon.com/images/I/61-E0V81kBL._AC_SL1500_.jpg
34,OPPO,Oppo Reno 8T,red,Amazon,256,8GB,,,,"11,350.00",https://www.amazon.eg/-/en/OPPO-Reno-Dual-256GB-Inches/dp/B0BVVR3NBM,https://m.media-amazon.com/images/I/61cIST+osWL._AC_SL1390_.jpg
35,OPPO,Oppo Reno 10,light blue,Amazon,256,8GB,,,,"15,950.00",https://www.amazon.eg/-/en/OPPO-Reno10-Dual-256GB-Inches/dp/B0CBKKYDXF,https://m.media-amazon.com/images/I/71F+uT0BRAL._AC_SL1500_.jpg
36,HONOR,Honor Pad,Space Gray,Amazon,128,4GB,,,7250,"8,999.00",https://www.amazon.eg/-/en/Honor-Inches-Space-128GB-Wi-Fi/dp/B0CCY9C8QX,https://m.media-amazon.com/images/I/61+JGgRUWpL._AC_SL1080_.jpg
37,Samsung,Galaxy-A15,Light Blue,Amazon,256,8GB,,,,"9,399.00",https://www.amazon.eg/-/en/Samsung-Galaxy-Dual-256GGB-Inches/dp/B0CQJYYWLH,https://m.media-amazon.com/images/I/51Cida8RecL._AC_SL1000_.jpg
38,Xiaomi,Redmi Note 13,Midnight Black,Amazon,256,8GB,,,,"10,770.00",https://www.amazon.eg/-/en/Redmi-Note-13-256GB-Inches/dp/B0CWRLJYGJ,https://m.media-amazon.com/images/I/51xTkm8N0fL._AC_SL1000_.jpg
39,Samsung,Samsung Galaxy A15,Light Blue,Amazon,128,4GB,,,,"6,750.00",https://www.amazon.eg/-/en/Samsung-Galaxy-Dual-128GB-Inches/dp/B0CQ59K8F9,https://m.media-amazon.com/images/I/61cl1NEIrdL._AC_SL1500_.jpg
40,OPPO,Oppo A78,green,Amazon,256,8GB,,,,"8,500.00",https://www.amazon.eg/-/en/OPPO-A78-256GB-Inches-4G/dp/B0CCRXSWNP,https://m.media-amazon.com/images/I/61tl7PNht9L._AC_SL1200_.jpg
41,Redmi,,Graphite Gray,Amazon,32,3GB,,,,"5,199.00",https://www.amazon.eg/-/en/Redmi-12C-Dual-SIM-32GB/dp/B0CG5W46NH,https://m.media-amazon.com/images/I/61Pjk+wUoeL._AC_SL1500_.jpg
42,realme,Realme C55,Black,Amazon,8,8GB,,,,"7,399.00",https://www.amazon.eg/-/en/Realme-256GB-Rainy-Night-Black/dp/B0BXQ2HNDC,https://m.media-amazon.com/images/I/71z0GCE5GsL._AC_SL1500_.jpg
43,Xiaomi,Redmi 13C,Midnight Black,Amazon,256,8GB,,,18,"7,199.00",https://www.amazon.eg/-/en/Xiaomi-Redmi-13C-256GB-Inches/dp/B0CT3N5CFC,https://m.media-amazon.com/images/I/51z+jOOKlJL._AC_SL1000_.jpg
44,egyptian saudi insurance house,1 Year Extended Warranty Plan,red,Amazon,,,,,,54,https://www.amazon.eg/-/en/Extended-Warranty-Audio-Video-products-EGP999-99/dp/B09TTPFCLW,https://m.media-amazon.com/images/I/61wDIlo+8+L._AC_SL1500_.jpg
45,Generic,Nokia 110 Dual SIM Mobile,Black,Amazon,,(&&,,,,553,https://www.amazon.eg/-/en/sspa/click?ie=UTF8&spc=MToyMjE2OTYwNzA4NTMxMTA2OjE3MTMyMzg3NzQ6c3BfbXRmX2Jyb3dzZTozMDAxMDc3NjEzMzY5MzI6OjA6Og&url=%2FMobile-Phone-Black-Ramadan-Kareem%2Fdp%2FB0CQ3PG5WJ%2Fref%3Dsr_1_40_sspa%3Fdib%3DeyJ2IjoiMSJ9.NibK6Xfjo9g1MColQhQkpRB_eOfI0bQO9cLPsmbOF-XF0qPiYfgYYIatHeBtc1w79J-BF6rm_WIQkTFw-xjQ97VItDcTmnN-KYgnb90hLD0FoT0E8Qt_iiKA0xHogaGV6ct_UJOsaD830p4Awn5eBoFHKIoVppuiF5ZzaWnzTLXN5ASRh1TrUL99oSPg7kDM2fJnVW20YKKAScYlai6HDQvY7sZJtMoULTuRCCQ_pmaxEuH7GJBdzTorgjSilDw_FP7oXdukGTDhlvsy4DS-IBZSkemwPxrYQsp_z4JDZOg.uFPIIppq81VE6yTFFKuIWPerOPY9M-JbdA4nkESi1p8%26dib_tag%3Dse%26qid%3D1713238774%26s%3Delectronics%26sr%3D1-40-spons%26sp_csd%3Dd2lkZ2V0TmFtZT1zcF9tdGZfYnJvd3Nl%26psc%3D1,https://m.media-amazon.com/images/I/41g7zULUMlL._AC_.jpg
46,Generic,105,Black,Amazon,1,,,,,535,https://www.amazon.eg/-/en/sspa/click?ie=UTF8&spc=MToyMjE2OTYwNzA4NTMxMTA2OjE3MTMyMzg3NzQ6c3BfbXRmX2Jyb3dzZTozMDAxMzI1NTIzMTQ3MzI6OjA6Og&url=%2FMobile-105-Phone-105-Black-Dual-SIM%2Fdp%2FB0CV9TRH4W%2Fref%3Dsr_1_41_sspa%3Fdib%3DeyJ2IjoiMSJ9.NibK6Xfjo9g1MColQhQkpRB_eOfI0bQO9cLPsmbOF-XF0qPiYfgYYIatHeBtc1w79J-BF6rm_WIQkTFw-xjQ97VItDcTmnN-KYgnb90hLD0FoT0E8Qt_iiKA0xHogaGV6ct_UJOsaD830p4Awn5eBoFHKIoVppuiF5ZzaWnzTLXN5ASRh1TrUL99oSPg7kDM2fJnVW20YKKAScYlai6HDQvY7sZJtMoULTuRCCQ_pmaxEuH7GJBdzTorgjSilDw_FP7oXdukGTDhlvsy4DS-IBZSkemwPxrYQsp_z4JDZOg.uFPIIppq81VE6yTFFKuIWPerOPY9M-JbdA4nkESi1p8%26dib_tag%3Dse%26qid%3D1713238774%26s%3Delectronics%26sr%3D1-41-spons%26sp_csd%3Dd2lkZ2V0TmFtZT1zcF9tdGZfYnJvd3Nl%26psc%3D1,https://m.media-amazon.com/images/I/61XT0TmtFJL._AC_SL1500_.jpg
47,Samsung,Samsung Galaxy Z Fold 5,Phantom Black,Amazon,256,12GB,,,4400,"65,450.00",https://www.amazon.eg/-/en/sspa/click?ie=UTF8&spc=MToyMjE2OTYwNzA4NTMxMTA2OjE3MTMyMzg3NzQ6c3BfbXRmX2Jyb3dzZTozMDAxNTM2Njc3MzQ4MzI6OjA6Og&url=%2FSamsung-Galaxy-Android-Smartphone-Phantom%2Fdp%2FB0CC9VZDVS%2Fref%3Dsr_1_42_sspa%3Fdib%3DeyJ2IjoiMSJ9.NibK6Xfjo9g1MColQhQkpRB_eOfI0bQO9cLPsmbOF-XF0qPiYfgYYIatHeBtc1w79J-BF6rm_WIQkTFw-xjQ97VItDcTmnN-KYgnb90hLD0FoT0E8Qt_iiKA0xHogaGV6ct_UJOsaD830p4Awn5eBoFHKIoVppuiF5ZzaWnzTLXN5ASRh1TrUL99oSPg7kDM2fJnVW20YKKAScYlai6HDQvY7sZJtMoULTuRCCQ_pmaxEuH7GJBdzTorgjSilDw_FP7oXdukGTDhlvsy4DS-IBZSkemwPxrYQsp_z4JDZOg.uFPIIppq81VE6yTFFKuIWPerOPY9M-JbdA4nkESi1p8%26dib_tag%3Dse%26qid%3D1713238774%26s%3Delectronics%26sr%3D1-42-spons%26sp_csd%3Dd2lkZ2V0TmFtZT1zcF9tdGZfYnJvd3Nl%26psc%3D1,https://m.media-amazon.com/images/I/7102NAlM6FL._AC_SL1500_.jpg
48,Redmi,Redmi 12 - Midnight Black,Sky Blue,Amazon,256,8GB,,,5000,"7,599.00",https://www.amazon.eg/-/en/Redmi-12-256GB-6-79-Inches/dp/B0CVND8111,https://m.media-amazon.com/images/I/5130q70SzrL._AC_SL1000_.jpg
49,realme,realme 12 pro+,Submarine Blue,Amazon,12,12GB,,,,250,https://www.amazon.eg/-/en/realme-Pro-Dual-12GB-512GB/dp/B0CTZW624P,https://m.media-amazon.com/images/I/81GvcYAFKbL._AC_SL1500_.jpg
50,SAMSUNG,Samsung Galaxy A25 5G,Black,Amazon,128,6GB,,,,"9,999.00",https://www.amazon.eg/-/en/Samsung-Galaxy-Android-Smartphone-Storage/dp/B0CQ5CQG31,https://m.media-amazon.com/images/I/61n8R-QRkUL._AC_SL1500_.jpg
51,realme,Realme C51,Carbon Black,Amazon,4,4GB,,,,"5,598.00",https://www.amazon.eg/-/en/Realme-Supper-Charger-Dynamic-Inches/dp/B0CHZ29FRV,https://m.media-amazon.com/images/I/51XS4DYEgQL._AC_SL1500_.jpg
52,OPPO,A58,black,Amazon,128,6GB,,,33,"6,850.00",https://www.amazon.eg/-/en/Oppo-A58-Dual-128GB-Black/dp/B0CDBP5HFB,https://m.media-amazon.com/images/I/81gpCfWufkL._AC_SL1500_.jpg
53,Egyptian Saudi Insurance House,1 Year Extended Warranty Plan,red,Amazon,,,,,,27,https://www.amazon.eg/-/en/Extended-Household-Appliance-Equipment-EGP499-99/dp/B09TTLKL6C,https://m.media-amazon.com/images/I/61eiunz3JaL._AC_SL1500_.jpg
54,Nokia,Nokia C10,Grey,Amazon,32,2gb,,,3000,"3,725.00",https://www.amazon.eg/-/en/Nokia-c10-dual-sim-32gb/dp/B0C1ZNGYJQ,https://m.media-amazon.com/images/I/71nZAbL5+BL._AC_SL1500_.jpg
55,realme,Realme C 55,Sunshower,Amazon,8,,,,,"7,399.00",https://www.amazon.eg/-/en/Realme-55-8G-256G-Sunshower/dp/B0BZWNNRSD,https://m.media-amazon.com/images/I/81tZSD6b3UL._AC_SL1500_.jpg
56,,,Cool Black,Amazon,,8GB,,,,12,https://www.amazon.eg/-/en/OPPO-Smartphone-Version-Fingerprint-Recognition/dp/B0C5N2V1C3,https://m.media-amazon.com/images/I/71JwRA-AUfL._AC_SL1500_.jpg
57,Xiaomi,Redmi 12 - Sky Blue,Sky Blue,Amazon,256,8GB,,,22,"7,680.00",https://www.amazon.eg/-/en/Redmi-Hybrid-Dual-256GB-Inches/dp/B0C9LTLSN2,https://m.media-amazon.com/images/I/51Pm+LJGR3L._AC_SL1000_.jpg
58,SAMSUNG,Galaxy S24 Ultra,Titanium Violet,Amazon,512,12GB,,,,"77,000.00",https://www.amazon.eg/-/en/SAMSUNG-Android-Smartphone-Storage-Battery/dp/B0CQZ1JYNY,https://m.media-amazon.com/images/I/71DMZEvfSVL._AC_SL1500_.jpg
59,OPPO,A38,black,Amazon,128,4GB,,,33,"6,390.00",https://www.amazon.eg/-/en/OPPO-SUPERVOOC-Waterdrop-Additional-Exchange/dp/B0CHDW6N8J,https://m.media-amazon.com/images/I/810mPWLr-SL._AC_SL1500_.jpg
60,Generic,1,Black,Amazon,15,,,,,464,https://www.amazon.eg/-/en/sspa/click?ie=UTF8&spc=MTo0MzI1MDA1MzYxMDAxMTA2OjE3MTMyMzkyMzQ6c3BfYXRmX2Jyb3dzZTozMDAxNTE4OTAwOTM3MzI6OjA6Og&url=%2FMobile-Phone-105-Black-Single%2Fdp%2FB0CY93TDL8%2Fref%3Dsr_1_49_sspa%3Fdib%3DeyJ2IjoiMSJ9.N9HfeN986yi177-03Tt9fZC579e0YYmjCznvtaBgIantz9NVnEXJ3vFhaAFcl-7ZL657l2DmFBZj56Lrv3ygu_62Zg8TxNiWcRnPeMPGsk4.DzaI4spm56_RcQ8ECI60KjSrJcikkCX-xzWR4f5LDgU%26dib_tag%3Dse%26qid%3D1713239234%26s%3Delectronics%26sr%3D1-49-spons%26sp_csd%3Dd2lkZ2V0TmFtZT1zcF9hdGZfYnJvd3Nl%26psc%3D1,https://m.media-amazon.com/images/I/513up6tVw5L._AC_SL1500_.jpg
61,Generic,"105 EG Mobile TA-1459 DS Charcoal Black, Dual Sim",Black,Amazon,1.99,SIM,,,,679,https://www.amazon.eg/-/en/sspa/click?ie=UTF8&spc=MTo0MzI1MDA1MzYxMDAxMTA2OjE3MTMyMzkyMzQ6c3BfYXRmX2Jyb3dzZTozMDAxMzM1MzYwNTY1MzI6OjA6Og&url=%2FMobile-Phone-TA-1459-Charcoal-Ramadan%2Fdp%2FB0CV3GMYY5%2Fref%3Dsr_1_50_sspa%3Fdib%3DeyJ2IjoiMSJ9.N9HfeN986yi177-03Tt9fZC579e0YYmjCznvtaBgIantz9NVnEXJ3vFhaAFcl-7ZL657l2DmFBZj56Lrv3ygu_62Zg8TxNiWcRnPeMPGsk4.DzaI4spm56_RcQ8ECI60KjSrJcikkCX-xzWR4f5LDgU%26dib_tag%3Dse%26qid%3D1713239234%26s%3Delectronics%26sr%3D1-50-spons%26sp_csd%3Dd2lkZ2V0TmFtZT1zcF9hdGZfYnJvd3Nl%26psc%3D1,https://m.media-amazon.com/images/I/41ZvwWEkBiL._AC_.jpg
62,Generic,1,White,Amazon,15,,,,,694,https://www.amazon.eg/-/en/sspa/click?ie=UTF8&spc=MTo0MzI1MDA1MzYxMDAxMTA2OjE3MTMyMzkyMzQ6c3BfYXRmX2Jyb3dzZTozMDAxNTE4OTAwOTMzMzI6OjA6Og&url=%2FDual-B310-2G-Mobile-Phone-White%2Fdp%2FB0CYDSRKKK%2Fref%3Dsr_1_51_sspa%3Fdib%3DeyJ2IjoiMSJ9.N9HfeN986yi177-03Tt9fZC579e0YYmjCznvtaBgIantz9NVnEXJ3vFhaAFcl-7ZL657l2DmFBZj56Lrv3ygu_62Zg8TxNiWcRnPeMPGsk4.DzaI4spm56_RcQ8ECI60KjSrJcikkCX-xzWR4f5LDgU%26dib_tag%3Dse%26qid%3D1713239234%26s%3Delectronics%26sr%3D1-51-spons%26sp_csd%3Dd2lkZ2V0TmFtZT1zcF9hdGZfYnJvd3Nl%26psc%3D1,https://m.media-amazon.com/images/I/61j4wLZg8CL._AC_SL1280_.jpg
63,HONOR,Honor 90,Midnight Black,Amazon,12,,,,,"24,399.00",https://www.amazon.eg/-/en/HONOR-90-Smartphone-SuperCharge-Midnight/dp/B0CB4L248T,https://m.media-amazon.com/images/I/71uWVsDVdfL._AC_SL1500_.jpg
64,realme,realme 12 Pro,Submarine Blue,Amazon,128,Dynamic,,,5000,"17,810.00",https://www.amazon.eg/-/en/realme-Submarine-Flagship-Telephoto-Snapdragon/dp/B0CTK9M2M2,https://m.media-amazon.com/images/I/81QvAGRjTAL._AC_SL1500_.jpg
65,egyptian saudi insurance house,1 Year Extended Warranty Plan,red,Amazon,,,,,,54,https://www.amazon.eg/-/en/Extended-Household-Appliance-Equipment-EGP999-99/dp/B09TTMTS5S,https://m.media-amazon.com/images/I/61sGcnnqZQL._AC_SL1500_.jpg
66,SAMSUNG,Galaxy-A24,BLACK,Amazon,128,6GB,,,,29,https://www.amazon.eg/-/en/Samsung-Galaxy-Android-Smartphone-Storage/dp/B0C3GZLLZC,https://m.media-amazon.com/images/I/71Qw85xhy+L._AC_SL1500_.jpg
67,realme,realme 12 pro+,Navigator Beige,Amazon,12,12GB,,,,"21,659.00",https://www.amazon.eg/-/en/realme-Pro-Dual-12GB-512GB/dp/B0CTZW6XGC,https://m.media-amazon.com/images/I/819TByLAOZL._AC_SL1500_.jpg
68,egyptian saudi insurance house,1 Year Extended Warranty Plan,red,Amazon,,,,,,27,https://www.amazon.eg/-/en/Extended-Warranty-Audio-Video-products-EGP499-99/dp/B09TTNR2VW,https://m.media-amazon.com/images/I/61sGcnnqZQL._AC_SL1500_.jpg
69,OPPO,Oppo Reno 8T,red,Amazon,256,8GB,,,,60,https://www.amazon.eg/-/en/OPPO-Smartphone-Fingerprint-Recognition-Bluetooth/dp/B0BVVP8711,https://m.media-amazon.com/images/I/61elxy1AgFL._AC_SL1390_.jpg
70,Apple,iPhone 14,Starlight,Amazon,128,,,,,"36,929.00",https://www.amazon.eg/-/en/Apple-iPhone-128-Starlight-Bluetooth/dp/B0BDHWM4VX,https://m.media-amazon.com/images/I/51FQoP3cCGL._AC_SL1500_.jpg
71,Samsung,Samsung Galaxy A34,Awesome Silver,Amazon,8,8GB,,,,"13,990.00",https://www.amazon.eg/-/en/Galaxy-Dual-Awesome-Silver-256GB/dp/B0CTGHG8Q3,https://m.media-amazon.com/images/I/31sAgsqo2cL._AC_.jpg
72,realme,9 Pro - Green,Grren,Amazon,128,8GB,,,5000,"8,550.00",https://www.amazon.eg/-/en/Realme-Pro-Dual-Smartphone-128GB/dp/B0CN6ZHVTG,https://m.media-amazon.com/images/I/61EjSPXLvNL._AC_SL1000_.jpg
73,realme,Realme C67,Sunny Oasis,Amazon,256,8GB,,,,"7,997.00",https://www.amazon.eg/-/en/realme-Dual-SIM-Factory-Unlocked-Smartphone/dp/B0CQRCWH7P,https://m.media-amazon.com/images/I/715bzjyJkYL._AC_SL1500_.jpg
74,,,,Amazon,,8GB,,,,"13,666.00",https://www.amazon.eg/-/en/Samsung-Galaxy-Dual-128GB-Inches/dp/B0BXNY4YD3,https://m.media-amazon.com/images/I/71RqyKk2eBL._AC_SL1500_.jpg
75,Generic,Nokia 110 Dual SIM Mobile,Black,Amazon,,(&&,,,,553,https://www.amazon.eg/-/en/sspa/click?ie=UTF8&spc=MTo0MzI1MDA1MzYxMDAxMTA2OjE3MTMyMzkyMzQ6c3BfbXRmX2Jyb3dzZTozMDAxMDc3NjEzMzY5MzI6OjA6Og&url=%2FMobile-Phone-Black-Ramadan-Kareem%2Fdp%2FB0CQ3PG5WJ%2Fref%3Dsr_1_54_sspa%3Fdib%3DeyJ2IjoiMSJ9.JISrDXZYEQKNrSpw6uaPy9iDsYDS2_Nb6nYseE7fWb_RoT-JozhjlC2BWKd40xVPlr1FAfF3uyGTpvDnmr-SF89Po9zrfbJL13DEBtUFV5tEvYn8kxw388leZR9RyZ5ZxsZ5XKIIQZtXdCAdFWcD_gmiFADfbRJgEu2RkbwArpYVvlLmG4ed_TepAWVgM4d033rYv7Htn3IXD5mijZYx0jaAFN3imkL0C7dhN-nVmOIoIhK7kvk72taS1Ox4qKiJ.w99g0RlLZzfzgvvpz6QckSCkv1QbzBHrEfyviucz8Qw%26dib_tag%3Dse%26qid%3D1713239234%26s%3Delectronics%26sr%3D1-54-spons%26sp_csd%3Dd2lkZ2V0TmFtZT1zcF9tdGZfYnJvd3Nl%26psc%3D1,https://m.media-amazon.com/images/I/41g7zULUMlL._AC_.jpg
76,Generic,105,Black,Amazon,1,,,,,535,https://www.amazon.eg/-/en/sspa/click?ie=UTF8&spc=MTo0MzI1MDA1MzYxMDAxMTA2OjE3MTMyMzkyMzQ6c3BfbXRmX2Jyb3dzZTozMDAxMzI1NTIzMTQ3MzI6OjA6Og&url=%2FMobile-105-Phone-105-Black-Dual-SIM%2Fdp%2FB0CV9TRH4W%2Fref%3Dsr_1_55_sspa%3Fdib%3DeyJ2IjoiMSJ9.JISrDXZYEQKNrSpw6uaPy9iDsYDS2_Nb6nYseE7fWb_RoT-JozhjlC2BWKd40xVPlr1FAfF3uyGTpvDnmr-SF89Po9zrfbJL13DEBtUFV5tEvYn8kxw388leZR9RyZ5ZxsZ5XKIIQZtXdCAdFWcD_gmiFADfbRJgEu2RkbwArpYVvlLmG4ed_TepAWVgM4d033rYv7Htn3IXD5mijZYx0jaAFN3imkL0C7dhN-nVmOIoIhK7kvk72taS1Ox4qKiJ.w99g0RlLZzfzgvvpz6QckSCkv1QbzBHrEfyviucz8Qw%26dib_tag%3Dse%26qid%3D1713239234%26s%3Delectronics%26sr%3D1-55-spons%26sp_csd%3Dd2lkZ2V0TmFtZT1zcF9tdGZfYnJvd3Nl%26psc%3D1,https://m.media-amazon.com/images/I/61XT0TmtFJL._AC_SL1500_.jpg
77,Samsung,Samsung Galaxy Z Fold 5,Phantom Black,Amazon,256,12GB,,,4400,"65,450.00",https://www.amazon.eg/-/en/sspa/click?ie=UTF8&spc=MTo0MzI1MDA1MzYxMDAxMTA2OjE3MTMyMzkyMzQ6c3BfbXRmX2Jyb3dzZTozMDAxNTM2Njc3MzQ4MzI6OjA6Og&url=%2FSamsung-Galaxy-Android-Smartphone-Phantom%2Fdp%2FB0CC9VZDVS%2Fref%3Dsr_1_56_sspa%3Fdib%3DeyJ2IjoiMSJ9.JISrDXZYEQKNrSpw6uaPy9iDsYDS2_Nb6nYseE7fWb_RoT-JozhjlC2BWKd40xVPlr1FAfF3uyGTpvDnmr-SF89Po9zrfbJL13DEBtUFV5tEvYn8kxw388leZR9RyZ5ZxsZ5XKIIQZtXdCAdFWcD_gmiFADfbRJgEu2RkbwArpYVvlLmG4ed_TepAWVgM4d033rYv7Htn3IXD5mijZYx0jaAFN3imkL0C7dhN-nVmOIoIhK7kvk72taS1Ox4qKiJ.w99g0RlLZzfzgvvpz6QckSCkv1QbzBHrEfyviucz8Qw%26dib_tag%3Dse%26qid%3D1713239234%26s%3Delectronics%26sr%3D1-56-spons%26sp_csd%3Dd2lkZ2V0TmFtZT1zcF9tdGZfYnJvd3Nl%26psc%3D1,https://m.media-amazon.com/images/I/7102NAlM6FL._AC_SL1500_.jpg
78,Samsung,Samsung Galaxy A15,Yellow,Amazon,128,6GB,,,,"7,350.00",https://www.amazon.eg/-/en/Samsung-Galaxy-Dual-128GB-Inches/dp/B0CQ5CHKM5,https://m.media-amazon.com/images/I/61hdrs3-MuL._AC_SL1500_.jpg
79,OPPO,Oppo A58,black,Amazon,8,,,,,"6,670.00",https://www.amazon.eg/-/en/OPPO-A58-SmartPhone-Glowing-Black/dp/B0CDXDVPHR,https://m.media-amazon.com/images/I/81syiAT-7oL._AC_SL1500_.jpg
80,SAMSUNG,Galaxy S24 Ultra,Titanium Black,Amazon,512,12GB,,,,"75,000.00",https://www.amazon.eg/-/en/SAMSUNG-Android-Smartphone-Storage-Battery/dp/B0CQZ1NNLD,https://m.media-amazon.com/images/I/71+WncNIt7L._AC_SL1500_.jpg
81,Xiaomi,Redmi A2+/ 64GB - Black,Black,Amazon,64,3GB,,,5000,"4,666.00",https://www.amazon.eg/-/en/Xiaomi-Redmi-Dual-SIM-64GB/dp/B0CF2FYG43,https://m.media-amazon.com/images/I/71NA7Z6L7FL._AC_SL1500_.jpg
82,SAMSUNG,Galaxy S24 Ultra,Titanium Gray,Amazon,512,12GB,,,,"77,000.00",https://www.amazon.eg/-/en/SAMSUNG-Android-Smartphone-Storage-Battery/dp/B0CQZ1562C,https://m.media-amazon.com/images/I/713icYPjIZL._AC_SL1500_.jpg
83,Nokia,Nokia 106,Black,Amazon,512,,,,1000,490,https://www.amazon.eg/-/en/Nokia-106-30-Cell-Phone/dp/B098TYZRZ3,https://m.media-amazon.com/images/I/618bNXFwmXL._AC_SL1500_.jpg
84,Nokia,106 TA-1114 DS,Black,Amazon,,,,,,780,https://www.amazon.eg/-/en/Nokia-106-Dual-Sim-black/dp/B085N4B378,https://m.media-amazon.com/images/I/61rTSeWyUpL._AC_SL1500_.jpg
85,Oppo,OPPO A18 128GB 4GB Glowing Black UAE VERSION,BLACK,Amazon,128,,,,,"6,199.00",https://www.amazon.eg/-/en/A18-128GB-Glowing-Black-VERSION/dp/B0CKHMH1YB,https://m.media-amazon.com/images/I/61MUYMX4SXL._AC_SL1200_.jpg
86,,,,Amazon,,4GB,,,,"5,463.00",https://www.amazon.eg/-/en/realme-Dual-Carbon-Black-128GB/dp/B0CBTK7G27,https://m.media-amazon.com/images/I/51byClcWXML._AC_SL1500_.jpg
87,Infinix,Hot 30i,GLACIER BLUE,Amazon,128,4GB,,,5000,"5,499.00",https://www.amazon.eg/-/en/Infinix-X669C-Dual-128GB-Inches/dp/B0CB1K8DRG,https://m.media-amazon.com/images/I/61NFeH8NdYL._AC_SL1500_.jpg
88,OPPO,Oppo A17,light blue,Amazon,64,3GB,,,5000,"5,150.00",https://www.amazon.eg/-/en/OPPO-Smartphone-5000mAh-Fingerprint-CPH2471/dp/B0BT4P79F2,https://m.media-amazon.com/images/I/61mVkdJfDsL._AC_SL1500_.jpg
89,Xiaomi,Redmi note 13 pro,Midnight Black,Amazon,512,(12GB,,,,"21,999.00",https://www.amazon.eg/-/en/Xiaomi-Smartphone-Snapdragon-2-4GHz-Midnight/dp/B0CS4KH3VF,https://m.media-amazon.com/images/I/516ja7b3f+L._AC_SL1000_.jpg
0,Generic,"105 EG Mobile TA-1459 DS Charcoal Black, Dual Sim",Black,Amazon,1.99,SIM,,,,679,https://www.amazon.eg/-/en/sspa/click?ie=UTF8&spc=MTo0MTAyNjg5MjgzMTgwMTA2OjE3MTMyMzgyOTE6c3BfYXRmX2Jyb3dzZTozMDAxMzM1MzYwNTY1MzI6OjA6Og&url=%2FMobile-Phone-TA-1459-Charcoal-Ramadan%2Fdp%2FB0CV3GMYY5%2Fref%3Dsr_1_1_sspa%3Fdib%3DeyJ2IjoiMSJ9.DUgnSqAGmobQ6tHFYzqJOemqOGGwYOhhJ7ada4AUda7pGL8cRLpwzJMIFVlYq5EqwKPGeplp2xTmM6ZVEJoJjkyASEscR1FMSQzl7hWEzAZ7rcGxriC8fatHnQ4IPuZ3BHqZ7kV62bFBDsilH9vYBlCNoW3S27BwAoy02tc1m2Ki5UlkTFq3PqgJYNdtrOrFDMjdW22cNoMcsSdVPJUowvJ40xkIl_tfsbRZRyKCaoOeaHEQZ6IcsG6JLmBtvlSqakwj5QEzmIzakrHEGAzO4KlFKX8Tgy_8pRANh0Gwcmo.4ADE55Oi_48XCwSHs34JmtGaHGvPgO04Btilhb1eZo4%26dib_tag%3Dse%26qid%3D1713238291%26s%3Delectronics%26sr%3D1-1-spons%26sp_csd%3Dd2lkZ2V0TmFtZT1zcF9hdGZfYnJvd3Nl%26psc%3D1,https://m.media-amazon.com/images/I/41ZvwWEkBiL._AC_.jpg
1,Generic,1,Black,Amazon,15,,,,,464,https://www.amazon.eg/-/en/sspa/click?ie=UTF8&spc=MTo0MTAyNjg5MjgzMTgwMTA2OjE3MTMyMzgyOTE6c3BfYXRmX2Jyb3dzZTozMDAxNTE4OTAwOTM3MzI6OjA6Og&url=%2FMobile-Phone-105-Black-Single%2Fdp%2FB0CY93TDL8%2Fref%3Dsr_1_2_sspa%3Fdib%3DeyJ2IjoiMSJ9.DUgnSqAGmobQ6tHFYzqJOemqOGGwYOhhJ7ada4AUda7pGL8cRLpwzJMIFVlYq5EqwKPGeplp2xTmM6ZVEJoJjkyASEscR1FMSQzl7hWEzAZ7rcGxriC8fatHnQ4IPuZ3BHqZ7kV62bFBDsilH9vYBlCNoW3S27BwAoy02tc1m2Ki5UlkTFq3PqgJYNdtrOrFDMjdW22cNoMcsSdVPJUowvJ40xkIl_tfsbRZRyKCaoOeaHEQZ6IcsG6JLmBtvlSqakwj5QEzmIzakrHEGAzO4KlFKX8Tgy_8pRANh0Gwcmo.4ADE55Oi_48XCwSHs34JmtGaHGvPgO04Btilhb1eZo4%26dib_tag%3Dse%26qid%3D1713238291%26s%3Delectronics%26sr%3D1-2-spons%26sp_csd%3Dd2lkZ2V0TmFtZT1zcF9hdGZfYnJvd3Nl%26psc%3D1,https://m.media-amazon.com/images/I/513up6tVw5L._AC_SL1500_.jpg
2,Generic,Nokia 110 Dual SIM Mobile,Black,Amazon,,(&&,,,,553,https://www.amazon.eg/-/en/sspa/click?ie=UTF8&spc=MTo0MTAyNjg5MjgzMTgwMTA2OjE3MTMyMzgyOTE6c3BfYXRmX2Jyb3dzZTozMDAxMDc3NjEzMzY5MzI6OjA6Og&url=%2FMobile-Phone-Black-Ramadan-Kareem%2Fdp%2FB0CQ3PG5WJ%2Fref%3Dsr_1_3_sspa%3Fdib%3DeyJ2IjoiMSJ9.DUgnSqAGmobQ6tHFYzqJOemqOGGwYOhhJ7ada4AUda7pGL8cRLpwzJMIFVlYq5EqwKPGeplp2xTmM6ZVEJoJjkyASEscR1FMSQzl7hWEzAZ7rcGxriC8fatHnQ4IPuZ3BHqZ7kV62bFBDsilH9vYBlCNoW3S27BwAoy02tc1m2Ki5UlkTFq3PqgJYNdtrOrFDMjdW22cNoMcsSdVPJUowvJ40xkIl_tfsbRZRyKCaoOeaHEQZ6IcsG6JLmBtvlSqakwj5QEzmIzakrHEGAzO4KlFKX8Tgy_8pRANh0Gwcmo.4ADE55Oi_48XCwSHs34JmtGaHGvPgO04Btilhb1eZo4%26dib_tag%3Dse%26qid%3D1713238291%26s%3Delectronics%26sr%3D1-3-spons%26sp_csd%3Dd2lkZ2V0TmFtZT1zcF9hdGZfYnJvd3Nl%26psc%3D1,https://m.media-amazon.com/images/I/41g7zULUMlL._AC_.jpg
3,Nokia,G21,Blue,Amazon,128,4GB,,,,"3,999.00",https://www.amazon.eg/-/en/Nokia-G21-Dual-128GB-Inches/dp/B0B39LMDKP,https://m.media-amazon.com/images/I/71AQ3qEZ-VL._AC_SL1500_.jpg
4,,,,Amazon,,8GB,,,5000,"15,444.00",https://www.amazon.eg/-/en/Samsung-Galaxy-Dual-128GB-Inches/dp/B0BXNW1KFB,https://m.media-amazon.com/images/I/71xU8w3fHJL._AC_SL1500_.jpg
5,SAMSUNG,Samsung Galaxy A05s,Black,Amazon,128,4GB,,,,"5,600.00",https://www.amazon.eg/-/en/Samsung-Galaxy-Android-Smartphone-Storage/dp/B0CP45G7C5,https://m.media-amazon.com/images/I/61jBR+KUEDL._AC_SL1500_.jpg
6,Samsung,Galaxy A54,Awesome Graphite,Amazon,256,8GB,,,5000,"16,840.00",https://www.amazon.eg/-/en/Samsung-Galaxy-A54-Graphite-Warranty/dp/B0BXP126BQ,https://m.media-amazon.com/images/I/71xU8w3fHJL._AC_SL1500_.jpg
7,Samsung,Samsung Galaxy A54,chartreuse,Amazon,256,8GB,,,5000,"17,415.00",https://www.amazon.eg/-/en/Samsung-Galaxy-Dual-256GB-Inches/dp/B0BXNWQZZB,https://m.media-amazon.com/images/I/716FwKy9FlL._AC_SL1500_.jpg
8,SAMSUNG,Samsung Galaxy A05s,Black,Amazon,128,6GB,,,,"6,499.00",https://www.amazon.eg/-/en/Samsung-Galaxy-Android-Smartphone-Storage/dp/B0CP45ZGRK,https://m.media-amazon.com/images/I/61jBR+KUEDL._AC_SL1500_.jpg
9,,,,Amazon,,8GB,,,5000,"15,444.00",https://www.amazon.eg/-/en/Samsung-Galaxy-A54-Android-Awesome/dp/B0BXNW1SP4,https://m.media-amazon.com/images/I/51kQgMblg9L._AC_.jpg
10,SAMSUNG,Galaxy S24 Ultra,Titanium Black,Amazon,256,12GB,,,,"1,200.00",https://www.amazon.eg/-/en/SAMSUNG-Android-Smartphone-Storage-Battery/dp/B0CQZ22Q7L,https://m.media-amazon.com/images/I/719HV2e6-sL._AC_SL1500_.jpg
11,Itel,A58 Pro,multi,Amazon,32,2GB,,,,"3,725.00",https://www.amazon.eg/-/en/Itel-A58-32GB-6-66-Inches/dp/B09TVT8ZL8,https://m.media-amazon.com/images/I/41-h5jK4PlL._AC_SL1000_.jpg
12,Generic,1,White,Amazon,15,,,,,694,https://www.amazon.eg/-/en/sspa/click?ie=UTF8&spc=MTo0MTAyNjg5MjgzMTgwMTA2OjE3MTMyMzgyOTE6c3BfbXRmX2Jyb3dzZTozMDAxNTE4OTAwOTMzMzI6OjA6Og&url=%2FDual-B310-2G-Mobile-Phone-White%2Fdp%2FB0CYDSRKKK%2Fref%3Dsr_1_13_sspa%3Fdib%3DeyJ2IjoiMSJ9.DUgnSqAGmobQ6tHFYzqJOemqOGGwYOhhJ7ada4AUda7pGL8cRLpwzJMIFVlYq5EqwKPGeplp2xTmM6ZVEJoJjkyASEscR1FMSQzl7hWEzAZ7rcGxriC8fatHnQ4IPuZ3BHqZ7kV62bFBDsilH9vYBlCNoW3S27BwAoy02tc1m2Ki5UlkTFq3PqgJYNdtrOrFDMjdW22cNoMcsSdVPJUowvJ40xkIl_tfsbRZRyKCaoOeaHEQZ6IcsG6JLmBtvlSqakwj5QEzmIzakrHEGAzO4KlFKX8Tgy_8pRANh0Gwcmo.4ADE55Oi_48XCwSHs34JmtGaHGvPgO04Btilhb1eZo4%26dib_tag%3Dse%26qid%3D1713238291%26s%3Delectronics%26sr%3D1-13-spons%26sp_csd%3Dd2lkZ2V0TmFtZT1zcF9tdGZfYnJvd3Nl%26psc%3D1,https://m.media-amazon.com/images/I/61j4wLZg8CL._AC_SL1280_.jpg
13,Generic,105,Black,Amazon,1,,,,,535,https://www.amazon.eg/-/en/sspa/click?ie=UTF8&spc=MTo0MTAyNjg5MjgzMTgwMTA2OjE3MTMyMzgyOTE6c3BfbXRmX2Jyb3dzZTozMDAxMzI1NTIzMTQ3MzI6OjA6Og&url=%2FMobile-105-Phone-105-Black-Dual-SIM%2Fdp%2FB0CV9TRH4W%2Fref%3Dsr_1_14_sspa%3Fdib%3DeyJ2IjoiMSJ9.DUgnSqAGmobQ6tHFYzqJOemqOGGwYOhhJ7ada4AUda7pGL8cRLpwzJMIFVlYq5EqwKPGeplp2xTmM6ZVEJoJjkyASEscR1FMSQzl7hWEzAZ7rcGxriC8fatHnQ4IPuZ3BHqZ7kV62bFBDsilH9vYBlCNoW3S27BwAoy02tc1m2Ki5UlkTFq3PqgJYNdtrOrFDMjdW22cNoMcsSdVPJUowvJ40xkIl_tfsbRZRyKCaoOeaHEQZ6IcsG6JLmBtvlSqakwj5QEzmIzakrHEGAzO4KlFKX8Tgy_8pRANh0Gwcmo.4ADE55Oi_48XCwSHs34JmtGaHGvPgO04Btilhb1eZo4%26dib_tag%3Dse%26qid%3D1713238291%26s%3Delectronics%26sr%3D1-14-spons%26sp_csd%3Dd2lkZ2V0TmFtZT1zcF9tdGZfYnJvd3Nl%26psc%3D1,https://m.media-amazon.com/images/I/61XT0TmtFJL._AC_SL1500_.jpg
14,Samsung,Samsung Galaxy Z Fold 5,Phantom Black,Amazon,256,12GB,,,4400,"65,450.00",https://www.amazon.eg/-/en/sspa/click?ie=UTF8&spc=MTo0MTAyNjg5MjgzMTgwMTA2OjE3MTMyMzgyOTE6c3BfbXRmX2Jyb3dzZTozMDAxNTM2Njc3MzQ4MzI6OjA6Og&url=%2FSamsung-Galaxy-Android-Smartphone-Phantom%2Fdp%2FB0CC9VZDVS%2Fref%3Dsr_1_15_sspa%3Fdib%3DeyJ2IjoiMSJ9.DUgnSqAGmobQ6tHFYzqJOemqOGGwYOhhJ7ada4AUda7pGL8cRLpwzJMIFVlYq5EqwKPGeplp2xTmM6ZVEJoJjkyASEscR1FMSQzl7hWEzAZ7rcGxriC8fatHnQ4IPuZ3BHqZ7kV62bFBDsilH9vYBlCNoW3S27BwAoy02tc1m2Ki5UlkTFq3PqgJYNdtrOrFDMjdW22cNoMcsSdVPJUowvJ40xkIl_tfsbRZRyKCaoOeaHEQZ6IcsG6JLmBtvlSqakwj5QEzmIzakrHEGAzO4KlFKX8Tgy_8pRANh0Gwcmo.4ADE55Oi_48XCwSHs34JmtGaHGvPgO04Btilhb1eZo4%26dib_tag%3Dse%26qid%3D1713238291%26s%3Delectronics%26sr%3D1-15-spons%26sp_csd%3Dd2lkZ2V0TmFtZT1zcF9tdGZfYnJvd3Nl%26psc%3D1,https://m.media-amazon.com/images/I/7102NAlM6FL._AC_SL1500_.jpg
15,SAMSUNG,Samsung Galaxy A05 LTE,Black,Amazon,64,4GB,,,,"4,999.00",https://www.amazon.eg/-/en/Samsung-Galaxy-Android-Smartphone-Storage/dp/B0CP45WBMP,https://m.media-amazon.com/images/I/71dYQdmhwFL._AC_SL1500_.jpg
16,SAMSUNG,Samsung Galaxy A25 5G,Light Blue,Amazon,256,8GB,,,,"10,999.00",https://www.amazon.eg/-/en/Samsung-Galaxy-Android-Smartphone-Storage/dp/B0CQ5BYHWY,https://m.media-amazon.com/images/I/614qsXB-XUL._AC_SL1500_.jpg
17,Samsung,Galaxy-A15,Black,Amazon,256,8GB,,,,"8,985.00",https://www.amazon.eg/-/en/Samsung-Galaxy-Dual-256GGB-Inches/dp/B0CQJZ76X9,https://m.media-amazon.com/images/I/514nSB8S9pL._AC_SL1000_.jpg
18,Samsung,Samsung Galaxy A15,Light Blue,Amazon,128,6GB,,,,"7,325.00",https://www.amazon.eg/-/en/Samsung-Galaxy-Dual-128GB-Inches/dp/B0CQ5CZ346,https://m.media-amazon.com/images/I/61cl1NEIrdL._AC_SL1500_.jpg
19,realme,realme 11 5g,Glory Black,Amazon,8,8GB,,,,"10,180.00",https://www.amazon.eg/-/en/Realme-Dual-SIM-256GB-Glory-Black/dp/B0CGJ3N268,https://m.media-amazon.com/images/I/71VVj2qIIgL._AC_SL1500_.jpg
20,realme,Realme C53,Champion Gold,Amazon,8,GB,,,,"6,999.00",https://www.amazon.eg/-/en/Realme-Dual-SIM-256GB-Champion-Gold/dp/B0CNLRD3SY,https://m.media-amazon.com/images/I/81ZZ+2aDSXL._AC_SL1500_.jpg
21,SAMSUNG,Galaxy-A05,Black,Amazon,128,6GB,,,5000,"5,899.00",https://www.amazon.eg/-/en/Samsung-Galaxy-Android-Smartphone-Storage/dp/B0CR6BZHYC,https://m.media-amazon.com/images/I/61xn0PNMjIL._AC_SL1485_.jpg
22,Samsung,Samsung Galaxy A15,Black,Amazon,128,6GB,,,,50,https://www.amazon.eg/-/en/Samsung-Galaxy-Dual-128GB-Inches/dp/B0CQ5BMBGN,https://m.media-amazon.com/images/I/61isHdQ+TDL._AC_SL1500_.jpg
23,realme,Realme C53,Champion Gold,Amazon,128,6GB,,,,"6,299.00",https://www.amazon.eg/-/en/Realme-Dual-SIM-128GB-Champion-Gold/dp/B0C5XJ2HRM,https://m.media-amazon.com/images/I/71uqxJZTm-L._AC_SL1500_.jpg
24,Xiaomi,MZB0E0IEU,Onyx Gray,Amazon,128,8GB,,,5000,"8,499.00",https://www.amazon.eg/-/en/Xiaomi-Redmi-Note-Dual-128GB/dp/B0BZJ2LLGL,https://m.media-amazon.com/images/I/51W1mldZtDL._AC_SL1500_.jpg
25,Nokia,NOKIA 105_DS_BLACK,Black,Amazon,0.03,,,,,475,https://www.amazon.eg/-/en/NOKIA-105-Dual-SIM-Black/dp/B07WXW8V4X,https://m.media-amazon.com/images/I/61LffJw7v4L._AC_SL1500_.jpg
26,Samsung,Samsung Galaxy A54,Awesome White,Amazon,128,8GB,,,5000,"15,444.00",https://www.amazon.eg/-/en/Samsung-Galaxy-A54-Android-Warranty/dp/B0BXNWHSM7,https://m.media-amazon.com/images/I/51ySQH9NhXL._AC_.jpg
27,Apple,Iphone 15,grey,Amazon,256,,,,,"75,000.00",https://www.amazon.eg/-/en/Apple-iPhone-Pro-Max-256/dp/B0CHXSKYN6,https://m.media-amazon.com/images/I/717trh2j6CL._AC_SL1500_.jpg
28,Xiaomi,Redmi Note 13,Green,Amazon,256,8GB,,,,"10,770.00",https://www.amazon.eg/-/en/Redmi-Note-Green-Storage-screen/dp/B0CQKDDCVK,https://m.media-amazon.com/images/I/51Q+-U8vAVL._AC_SL1200_.jpg
29,SAMSUNG,S23 Ultra,Phantom Black,Amazon,256,,,,,"44,980.00",https://www.amazon.eg/-/en/Samsung-Phantom-Smartphone-Manufacturer-Warranty/dp/B0BSLBMCB2,https://m.media-amazon.com/images/I/71iBKcLHXFL._AC_SL1500_.jpg
30,Generic,1,Black,Amazon,15,,,,,464,https://www.amazon.eg/-/en/sspa/click?ie=UTF8&spc=MToyMjE2OTYwNzA4NTMxMTA2OjE3MTMyMzg3NzQ6c3BfYXRmX2Jyb3dzZTozMDAxNTE4OTAwOTM3MzI6OjA6Og&url=%2FMobile-Phone-105-Black-Single%2Fdp%2FB0CY93TDL8%2Fref%3Dsr_1_25_sspa%3Fdib%3DeyJ2IjoiMSJ9.NibK6Xfjo9g1MColQhQkpRB_eOfI0bQO9cLPsmbOF-XF0qPiYfgYYIatHeBtc1w79J-BF6rm_WIQkTFw-xjQ97VItDcTmnN-KYgnb90hLD0FoT0E8Qt_iiKA0xHogaGV6ct_UJOsaD830p4Awn5eBoFHKIoVppuiF5ZzaWnzTLXN5ASRh1TrUL99oSPg7kDM2fJnVW20YKKAScYlai6HDQvY7sZJtMoULTuRCCQ_pmaxEuH7GJBdzTorgjSilDw_FP7oXdukGTDhlvsy4DS-IBZSkemwPxrYQsp_z4JDZOg.uFPIIppq81VE6yTFFKuIWPerOPY9M-JbdA4nkESi1p8%26dib_tag%3Dse%26qid%3D1713238774%26s%3Delectronics%26sr%3D1-25-spons%26sp_csd%3Dd2lkZ2V0TmFtZT1zcF9hdGZfYnJvd3Nl%26psc%3D1,https://m.media-amazon.com/images/I/513up6tVw5L._AC_SL1500_.jpg
31,Generic,"105 EG Mobile TA-1459 DS Charcoal Black, Dual Sim",Black,Amazon,1.99,SIM,,,,679,https://www.amazon.eg/-/en/sspa/click?ie=UTF8&spc=MToyMjE2OTYwNzA4NTMxMTA2OjE3MTMyMzg3NzQ6c3BfYXRmX2Jyb3dzZTozMDAxMzM1MzYwNTY1MzI6OjA6Og&url=%2FMobile-Phone-TA-1459-Charcoal-Ramadan%2Fdp%2FB0CV3GMYY5%2Fref%3Dsr_1_26_sspa%3Fdib%3DeyJ2IjoiMSJ9.NibK6Xfjo9g1MColQhQkpRB_eOfI0bQO9cLPsmbOF-XF0qPiYfgYYIatHeBtc1w79J-BF6rm_WIQkTFw-xjQ97VItDcTmnN-KYgnb90hLD0FoT0E8Qt_iiKA0xHogaGV6ct_UJOsaD830p4Awn5eBoFHKIoVppuiF5ZzaWnzTLXN5ASRh1TrUL99oSPg7kDM2fJnVW20YKKAScYlai6HDQvY7sZJtMoULTuRCCQ_pmaxEuH7GJBdzTorgjSilDw_FP7oXdukGTDhlvsy4DS-IBZSkemwPxrYQsp_z4JDZOg.uFPIIppq81VE6yTFFKuIWPerOPY9M-JbdA4nkESi1p8%26dib_tag%3Dse%26qid%3D1713238774%26s%3Delectronics%26sr%3D1-26-spons%26sp_csd%3Dd2lkZ2V0TmFtZT1zcF9hdGZfYnJvd3Nl%26psc%3D1,https://m.media-amazon.com/images/I/41ZvwWEkBiL._AC_.jpg
32,Generic,1,White,Amazon,15,,,,,694,https://www.amazon.eg/-/en/sspa/click?ie=UTF8&spc=MToyMjE2OTYwNzA4NTMxMTA2OjE3MTMyMzg3NzQ6c3BfYXRmX2Jyb3dzZTozMDAxNTE4OTAwOTMzMzI6OjA6Og&url=%2FDual-B310-2G-Mobile-Phone-White%2Fdp%2FB0CYDSRKKK%2Fref%3Dsr_1_27_sspa%3Fdib%3DeyJ2IjoiMSJ9.NibK6Xfjo9g1MColQhQkpRB_eOfI0bQO9cLPsmbOF-XF0qPiYfgYYIatHeBtc1w79J-BF6rm_WIQkTFw-xjQ97VItDcTmnN-KYgnb90hLD0FoT0E8Qt_iiKA0xHogaGV6ct_UJOsaD830p4Awn5eBoFHKIoVppuiF5ZzaWnzTLXN5ASRh1TrUL99oSPg7kDM2fJnVW20YKKAScYlai6HDQvY7sZJtMoULTuRCCQ_pmaxEuH7GJBdzTorgjSilDw_FP7oXdukGTDhlvsy4DS-IBZSkemwPxrYQsp_z4JDZOg.uFPIIppq81VE6yTFFKuIWPerOPY9M-JbdA4nkESi1p8%26dib_tag%3Dse%26qid%3D1713238774%26s%3Delectronics%26sr%3D1-27-spons%26sp_csd%3Dd2lkZ2V0TmFtZT1zcF9hdGZfYnJvd3Nl%26psc%3D1,https://m.media-amazon.com/images/I/61j4wLZg8CL._AC_SL1280_.jpg
33,Samsung,Samsung Galaxy S23 FE,Graphite,Amazon,256,8GB,,,,"27,995.00",https://www.amazon.eg/-/en/Samsung-Galaxy-Android-Smartphone-256GB/dp/B0CJXPW2GD,https://m.media-amazon.com/images/I/61-E0V81kBL._AC_SL1500_.jpg
34,OPPO,Oppo Reno 8T,red,Amazon,256,8GB,,,,"11,350.00",https://www.amazon.eg/-/en/OPPO-Reno-Dual-256GB-Inches/dp/B0BVVR3NBM,https://m.media-amazon.com/images/I/61cIST+osWL._AC_SL1390_.jpg
35,OPPO,Oppo Reno 10,light blue,Amazon,256,8GB,,,,"15,950.00",https://www.amazon.eg/-/en/OPPO-Reno10-Dual-256GB-Inches/dp/B0CBKKYDXF,https://m.media-amazon.com/images/I/71F+uT0BRAL._AC_SL1500_.jpg
36,HONOR,Honor Pad,Space Gray,Amazon,128,4GB,,,7250,"8,999.00",https://www.amazon.eg/-/en/Honor-Inches-Space-128GB-Wi-Fi/dp/B0CCY9C8QX,https://m.media-amazon.com/images/I/61+JGgRUWpL._AC_SL1080_.jpg
37,Samsung,Galaxy-A15,Light Blue,Amazon,256,8GB,,,,"9,399.00",https://www.amazon.eg/-/en/Samsung-Galaxy-Dual-256GGB-Inches/dp/B0CQJYYWLH,https://m.media-amazon.com/images/I/51Cida8RecL._AC_SL1000_.jpg
38,Xiaomi,Redmi Note 13,Midnight Black,Amazon,256,8GB,,,,"10,770.00",https://www.amazon.eg/-/en/Redmi-Note-13-256GB-Inches/dp/B0CWRLJYGJ,https://m.media-amazon.com/images/I/51xTkm8N0fL._AC_SL1000_.jpg
39,Samsung,Samsung Galaxy A15,Light Blue,Amazon,128,4GB,,,,"6,750.00",https://www.amazon.eg/-/en/Samsung-Galaxy-Dual-128GB-Inches/dp/B0CQ59K8F9,https://m.media-amazon.com/images/I/61cl1NEIrdL._AC_SL1500_.jpg
40,OPPO,Oppo A78,green,Amazon,256,8GB,,,,"8,500.00",https://www.amazon.eg/-/en/OPPO-A78-256GB-Inches-4G/dp/B0CCRXSWNP,https://m.media-amazon.com/images/I/61tl7PNht9L._AC_SL1200_.jpg
41,Redmi,,Graphite Gray,Amazon,32,3GB,,,,"5,199.00",https://www.amazon.eg/-/en/Redmi-12C-Dual-SIM-32GB/dp/B0CG5W46NH,https://m.media-amazon.com/images/I/61Pjk+wUoeL._AC_SL1500_.jpg
42,realme,Realme C55,Black,Amazon,8,8GB,,,,"7,399.00",https://www.amazon.eg/-/en/Realme-256GB-Rainy-Night-Black/dp/B0BXQ2HNDC,https://m.media-amazon.com/images/I/71z0GCE5GsL._AC_SL1500_.jpg
43,Xiaomi,Redmi 13C,Midnight Black,Amazon,256,8GB,,,18,"7,199.00",https://www.amazon.eg/-/en/Xiaomi-Redmi-13C-256GB-Inches/dp/B0CT3N5CFC,https://m.media-amazon.com/images/I/51z+jOOKlJL._AC_SL1000_.jpg
44,egyptian saudi insurance house,1 Year Extended Warranty Plan,red,Amazon,,,,,,54,https://www.amazon.eg/-/en/Extended-Warranty-Audio-Video-products-EGP999-99/dp/B09TTPFCLW,https://m.media-amazon.com/images/I/61wDIlo+8+L._AC_SL1500_.jpg
45,Generic,Nokia 110 Dual SIM Mobile,Black,Amazon,,(&&,,,,553,https://www.amazon.eg/-/en/sspa/click?ie=UTF8&spc=MToyMjE2OTYwNzA4NTMxMTA2OjE3MTMyMzg3NzQ6c3BfbXRmX2Jyb3dzZTozMDAxMDc3NjEzMzY5MzI6OjA6Og&url=%2FMobile-Phone-Black-Ramadan-Kareem%2Fdp%2FB0CQ3PG5WJ%2Fref%3Dsr_1_40_sspa%3Fdib%3DeyJ2IjoiMSJ9.NibK6Xfjo9g1MColQhQkpRB_eOfI0bQO9cLPsmbOF-XF0qPiYfgYYIatHeBtc1w79J-BF6rm_WIQkTFw-xjQ97VItDcTmnN-KYgnb90hLD0FoT0E8Qt_iiKA0xHogaGV6ct_UJOsaD830p4Awn5eBoFHKIoVppuiF5ZzaWnzTLXN5ASRh1TrUL99oSPg7kDM2fJnVW20YKKAScYlai6HDQvY7sZJtMoULTuRCCQ_pmaxEuH7GJBdzTorgjSilDw_FP7oXdukGTDhlvsy4DS-IBZSkemwPxrYQsp_z4JDZOg.uFPIIppq81VE6yTFFKuIWPerOPY9M-JbdA4nkESi1p8%26dib_tag%3Dse%26qid%3D1713238774%26s%3Delectronics%26sr%3D1-40-spons%26sp_csd%3Dd2lkZ2V0TmFtZT1zcF9tdGZfYnJvd3Nl%26psc%3D1,https://m.media-amazon.com/images/I/41g7zULUMlL._AC_.jpg
46,Generic,105,Black,Amazon,1,,,,,535,https://www.amazon.eg/-/en/sspa/click?ie=UTF8&spc=MToyMjE2OTYwNzA4NTMxMTA2OjE3MTMyMzg3NzQ6c3BfbXRmX2Jyb3dzZTozMDAxMzI1NTIzMTQ3MzI6OjA6Og&url=%2FMobile-105-Phone-105-Black-Dual-SIM%2Fdp%2FB0CV9TRH4W%2Fref%3Dsr_1_41_sspa%3Fdib%3DeyJ2IjoiMSJ9.NibK6Xfjo9g1MColQhQkpRB_eOfI0bQO9cLPsmbOF-XF0qPiYfgYYIatHeBtc1w79J-BF6rm_WIQkTFw-xjQ97VItDcTmnN-KYgnb90hLD0FoT0E8Qt_iiKA0xHogaGV6ct_UJOsaD830p4Awn5eBoFHKIoVppuiF5ZzaWnzTLXN5ASRh1TrUL99oSPg7kDM2fJnVW20YKKAScYlai6HDQvY7sZJtMoULTuRCCQ_pmaxEuH7GJBdzTorgjSilDw_FP7oXdukGTDhlvsy4DS-IBZSkemwPxrYQsp_z4JDZOg.uFPIIppq81VE6yTFFKuIWPerOPY9M-JbdA4nkESi1p8%26dib_tag%3Dse%26qid%3D1713238774%26s%3Delectronics%26sr%3D1-41-spons%26sp_csd%3Dd2lkZ2V0TmFtZT1zcF9tdGZfYnJvd3Nl%26psc%3D1,https://m.media-amazon.com/images/I/61XT0TmtFJL._AC_SL1500_.jpg
47,Samsung,Samsung Galaxy Z Fold 5,Phantom Black,Amazon,256,12GB,,,4400,"65,450.00",https://www.amazon.eg/-/en/sspa/click?ie=UTF8&spc=MToyMjE2OTYwNzA4NTMxMTA2OjE3MTMyMzg3NzQ6c3BfbXRmX2Jyb3dzZTozMDAxNTM2Njc3MzQ4MzI6OjA6Og&url=%2FSamsung-Galaxy-Android-Smartphone-Phantom%2Fdp%2FB0CC9VZDVS%2Fref%3Dsr_1_42_sspa%3Fdib%3DeyJ2IjoiMSJ9.NibK6Xfjo9g1MColQhQkpRB_eOfI0bQO9cLPsmbOF-XF0qPiYfgYYIatHeBtc1w79J-BF6rm_WIQkTFw-xjQ97VItDcTmnN-KYgnb90hLD0FoT0E8Qt_iiKA0xHogaGV6ct_UJOsaD830p4Awn5eBoFHKIoVppuiF5ZzaWnzTLXN5ASRh1TrUL99oSPg7kDM2fJnVW20YKKAScYlai6HDQvY7sZJtMoULTuRCCQ_pmaxEuH7GJBdzTorgjSilDw_FP7oXdukGTDhlvsy4DS-IBZSkemwPxrYQsp_z4JDZOg.uFPIIppq81VE6yTFFKuIWPerOPY9M-JbdA4nkESi1p8%26dib_tag%3Dse%26qid%3D1713238774%26s%3Delectronics%26sr%3D1-42-spons%26sp_csd%3Dd2lkZ2V0TmFtZT1zcF9tdGZfYnJvd3Nl%26psc%3D1,https://m.media-amazon.com/images/I/7102NAlM6FL._AC_SL1500_.jpg
48,Redmi,Redmi 12 - Midnight Black,Sky Blue,Amazon,256,8GB,,,5000,"7,599.00",https://www.amazon.eg/-/en/Redmi-12-256GB-6-79-Inches/dp/B0CVND8111,https://m.media-amazon.com/images/I/5130q70SzrL._AC_SL1000_.jpg
49,realme,realme 12 pro+,Submarine Blue,Amazon,12,12GB,,,,250,https://www.amazon.eg/-/en/realme-Pro-Dual-12GB-512GB/dp/B0CTZW624P,https://m.media-amazon.com/images/I/81GvcYAFKbL._AC_SL1500_.jpg
50,SAMSUNG,Samsung Galaxy A25 5G,Black,Amazon,128,6GB,,,,"9,999.00",https://www.amazon.eg/-/en/Samsung-Galaxy-Android-Smartphone-Storage/dp/B0CQ5CQG31,https://m.media-amazon.com/images/I/61n8R-QRkUL._AC_SL1500_.jpg
51,realme,Realme C51,Carbon Black,Amazon,4,4GB,,,,"5,598.00",https://www.amazon.eg/-/en/Realme-Supper-Charger-Dynamic-Inches/dp/B0CHZ29FRV,https://m.media-amazon.com/images/I/51XS4DYEgQL._AC_SL1500_.jpg
52,OPPO,A58,black,Amazon,128,6GB,,,33,"6,850.00",https://www.amazon.eg/-/en/Oppo-A58-Dual-128GB-Black/dp/B0CDBP5HFB,https://m.media-amazon.com/images/I/81gpCfWufkL._AC_SL1500_.jpg
53,Egyptian Saudi Insurance House,1 Year Extended Warranty Plan,red,Amazon,,,,,,27,https://www.amazon.eg/-/en/Extended-Household-Appliance-Equipment-EGP499-99/dp/B09TTLKL6C,https://m.media-amazon.com/images/I/61eiunz3JaL._AC_SL1500_.jpg
54,Nokia,Nokia C10,Grey,Amazon,32,2gb,,,3000,"3,725.00",https://www.amazon.eg/-/en/Nokia-c10-dual-sim-32gb/dp/B0C1ZNGYJQ,https://m.media-amazon.com/images/I/71nZAbL5+BL._AC_SL1500_.jpg
55,realme,Realme C 55,Sunshower,Amazon,8,,,,,"7,399.00",https://www.amazon.eg/-/en/Realme-55-8G-256G-Sunshower/dp/B0BZWNNRSD,https://m.media-amazon.com/images/I/81tZSD6b3UL._AC_SL1500_.jpg
56,,,Cool Black,Amazon,,8GB,,,,12,https://www.amazon.eg/-/en/OPPO-Smartphone-Version-Fingerprint-Recognition/dp/B0C5N2V1C3,https://m.media-amazon.com/images/I/71JwRA-AUfL._AC_SL1500_.jpg
57,Xiaomi,Redmi 12 - Sky Blue,Sky Blue,Amazon,256,8GB,,,22,"7,680.00",https://www.amazon.eg/-/en/Redmi-Hybrid-Dual-256GB-Inches/dp/B0C9LTLSN2,https://m.media-amazon.com/images/I/51Pm+LJGR3L._AC_SL1000_.jpg
58,SAMSUNG,Galaxy S24 Ultra,Titanium Violet,Amazon,512,12GB,,,,"77,000.00",https://www.amazon.eg/-/en/SAMSUNG-Android-Smartphone-Storage-Battery/dp/B0CQZ1JYNY,https://m.media-amazon.com/images/I/71DMZEvfSVL._AC_SL1500_.jpg
59,OPPO,A38,black,Amazon,128,4GB,,,33,"6,390.00",https://www.amazon.eg/-/en/OPPO-SUPERVOOC-Waterdrop-Additional-Exchange/dp/B0CHDW6N8J,https://m.media-amazon.com/images/I/810mPWLr-SL._AC_SL1500_.jpg
60,Generic,1,Black,Amazon,15,,,,,464,https://www.amazon.eg/-/en/sspa/click?ie=UTF8&spc=MTo0MzI1MDA1MzYxMDAxMTA2OjE3MTMyMzkyMzQ6c3BfYXRmX2Jyb3dzZTozMDAxNTE4OTAwOTM3MzI6OjA6Og&url=%2FMobile-Phone-105-Black-Single%2Fdp%2FB0CY93TDL8%2Fref%3Dsr_1_49_sspa%3Fdib%3DeyJ2IjoiMSJ9.N9HfeN986yi177-03Tt9fZC579e0YYmjCznvtaBgIantz9NVnEXJ3vFhaAFcl-7ZL657l2DmFBZj56Lrv3ygu_62Zg8TxNiWcRnPeMPGsk4.DzaI4spm56_RcQ8ECI60KjSrJcikkCX-xzWR4f5LDgU%26dib_tag%3Dse%26qid%3D1713239234%26s%3Delectronics%26sr%3D1-49-spons%26sp_csd%3Dd2lkZ2V0TmFtZT1zcF9hdGZfYnJvd3Nl%26psc%3D1,https://m.media-amazon.com/images/I/513up6tVw5L._AC_SL1500_.jpg
61,Generic,"105 EG Mobile TA-1459 DS Charcoal Black, Dual Sim",Black,Amazon,1.99,SIM,,,,679,https://www.amazon.eg/-/en/sspa/click?ie=UTF8&spc=MTo0MzI1MDA1MzYxMDAxMTA2OjE3MTMyMzkyMzQ6c3BfYXRmX2Jyb3dzZTozMDAxMzM1MzYwNTY1MzI6OjA6Og&url=%2FMobile-Phone-TA-1459-Charcoal-Ramadan%2Fdp%2FB0CV3GMYY5%2Fref%3Dsr_1_50_sspa%3Fdib%3DeyJ2IjoiMSJ9.N9HfeN986yi177-03Tt9fZC579e0YYmjCznvtaBgIantz9NVnEXJ3vFhaAFcl-7ZL657l2DmFBZj56Lrv3ygu_62Zg8TxNiWcRnPeMPGsk4.DzaI4spm56_RcQ8ECI60KjSrJcikkCX-xzWR4f5LDgU%26dib_tag%3Dse%26qid%3D1713239234%26s%3Delectronics%26sr%3D1-50-spons%26sp_csd%3Dd2lkZ2V0TmFtZT1zcF9hdGZfYnJvd3Nl%26psc%3D1,https://m.media-amazon.com/images/I/41ZvwWEkBiL._AC_.jpg
62,Generic,1,White,Amazon,15,,,,,694,https://www.amazon.eg/-/en/sspa/click?ie=UTF8&spc=MTo0MzI1MDA1MzYxMDAxMTA2OjE3MTMyMzkyMzQ6c3BfYXRmX2Jyb3dzZTozMDAxNTE4OTAwOTMzMzI6OjA6Og&url=%2FDual-B310-2G-Mobile-Phone-White%2Fdp%2FB0CYDSRKKK%2Fref%3Dsr_1_51_sspa%3Fdib%3DeyJ2IjoiMSJ9.N9HfeN986yi177-03Tt9fZC579e0YYmjCznvtaBgIantz9NVnEXJ3vFhaAFcl-7ZL657l2DmFBZj56Lrv3ygu_62Zg8TxNiWcRnPeMPGsk4.DzaI4spm56_RcQ8ECI60KjSrJcikkCX-xzWR4f5LDgU%26dib_tag%3Dse%26qid%3D1713239234%26s%3Delectronics%26sr%3D1-51-spons%26sp_csd%3Dd2lkZ2V0TmFtZT1zcF9hdGZfYnJvd3Nl%26psc%3D1,https://m.media-amazon.com/images/I/61j4wLZg8CL._AC_SL1280_.jpg
63,HONOR,Honor 90,Midnight Black,Amazon,12,,,,,"24,399.00",https://www.amazon.eg/-/en/HONOR-90-Smartphone-SuperCharge-Midnight/dp/B0CB4L248T,https://m.media-amazon.com/images/I/71uWVsDVdfL._AC_SL1500_.jpg
64,realme,realme 12 Pro,Submarine Blue,Amazon,128,Dynamic,,,5000,"17,810.00",https://www.amazon.eg/-/en/realme-Submarine-Flagship-Telephoto-Snapdragon/dp/B0CTK9M2M2,https://m.media-amazon.com/images/I/81QvAGRjTAL._AC_SL1500_.jpg
65,egyptian saudi insurance house,1 Year Extended Warranty Plan,red,Amazon,,,,,,54,https://www.amazon.eg/-/en/Extended-Household-Appliance-Equipment-EGP999-99/dp/B09TTMTS5S,https://m.media-amazon.com/images/I/61sGcnnqZQL._AC_SL1500_.jpg
66,SAMSUNG,Galaxy-A24,BLACK,Amazon,128,6GB,,,,29,https://www.amazon.eg/-/en/Samsung-Galaxy-Android-Smartphone-Storage/dp/B0C3GZLLZC,https://m.media-amazon.com/images/I/71Qw85xhy+L._AC_SL1500_.jpg
67,realme,realme 12 pro+,Navigator Beige,Amazon,12,12GB,,,,"21,659.00",https://www.amazon.eg/-/en/realme-Pro-Dual-12GB-512GB/dp/B0CTZW6XGC,https://m.media-amazon.com/images/I/819TByLAOZL._AC_SL1500_.jpg
68,egyptian saudi insurance house,1 Year Extended Warranty Plan,red,Amazon,,,,,,27,https://www.amazon.eg/-/en/Extended-Warranty-Audio-Video-products-EGP499-99/dp/B09TTNR2VW,https://m.media-amazon.com/images/I/61sGcnnqZQL._AC_SL1500_.jpg
69,OPPO,Oppo Reno 8T,red,Amazon,256,8GB,,,,60,https://www.amazon.eg/-/en/OPPO-Smartphone-Fingerprint-Recognition-Bluetooth/dp/B0BVVP8711,https://m.media-amazon.com/images/I/61elxy1AgFL._AC_SL1390_.jpg
70,Apple,iPhone 14,Starlight,Amazon,128,,,,,"36,929.00",https://www.amazon.eg/-/en/Apple-iPhone-128-Starlight-Bluetooth/dp/B0BDHWM4VX,https://m.media-amazon.com/images/I/51FQoP3cCGL._AC_SL1500_.jpg
71,Samsung,Samsung Galaxy A34,Awesome Silver,Amazon,8,8GB,,,,"13,990.00",https://www.amazon.eg/-/en/Galaxy-Dual-Awesome-Silver-256GB/dp/B0CTGHG8Q3,https://m.media-amazon.com/images/I/31sAgsqo2cL._AC_.jpg
72,realme,9 Pro - Green,Grren,Amazon,128,8GB,,,5000,"8,550.00",https://www.amazon.eg/-/en/Realme-Pro-Dual-Smartphone-128GB/dp/B0CN6ZHVTG,https://m.media-amazon.com/images/I/61EjSPXLvNL._AC_SL1000_.jpg
73,realme,Realme C67,Sunny Oasis,Amazon,256,8GB,,,,"7,997.00",https://www.amazon.eg/-/en/realme-Dual-SIM-Factory-Unlocked-Smartphone/dp/B0CQRCWH7P,https://m.media-amazon.com/images/I/715bzjyJkYL._AC_SL1500_.jpg
74,,,,Amazon,,8GB,,,,"13,666.00",https://www.amazon.eg/-/en/Samsung-Galaxy-Dual-128GB-Inches/dp/B0BXNY4YD3,https://m.media-amazon.com/images/I/71RqyKk2eBL._AC_SL1500_.jpg
75,Generic,Nokia 110 Dual SIM Mobile,Black,Amazon,,(&&,,,,553,https://www.amazon.eg/-/en/sspa/click?ie=UTF8&spc=MTo0MzI1MDA1MzYxMDAxMTA2OjE3MTMyMzkyMzQ6c3BfbXRmX2Jyb3dzZTozMDAxMDc3NjEzMzY5MzI6OjA6Og&url=%2FMobile-Phone-Black-Ramadan-Kareem%2Fdp%2FB0CQ3PG5WJ%2Fref%3Dsr_1_54_sspa%3Fdib%3DeyJ2IjoiMSJ9.JISrDXZYEQKNrSpw6uaPy9iDsYDS2_Nb6nYseE7fWb_RoT-JozhjlC2BWKd40xVPlr1FAfF3uyGTpvDnmr-SF89Po9zrfbJL13DEBtUFV5tEvYn8kxw388leZR9RyZ5ZxsZ5XKIIQZtXdCAdFWcD_gmiFADfbRJgEu2RkbwArpYVvlLmG4ed_TepAWVgM4d033rYv7Htn3IXD5mijZYx0jaAFN3imkL0C7dhN-nVmOIoIhK7kvk72taS1Ox4qKiJ.w99g0RlLZzfzgvvpz6QckSCkv1QbzBHrEfyviucz8Qw%26dib_tag%3Dse%26qid%3D1713239234%26s%3Delectronics%26sr%3D1-54-spons%26sp_csd%3Dd2lkZ2V0TmFtZT1zcF9tdGZfYnJvd3Nl%26psc%3D1,https://m.media-amazon.com/images/I/41g7zULUMlL._AC_.jpg
76,Generic,105,Black,Amazon,1,,,,,535,https://www.amazon.eg/-/en/sspa/click?ie=UTF8&spc=MTo0MzI1MDA1MzYxMDAxMTA2OjE3MTMyMzkyMzQ6c3BfbXRmX2Jyb3dzZTozMDAxMzI1NTIzMTQ3MzI6OjA6Og&url=%2FMobile-105-Phone-105-Black-Dual-SIM%2Fdp%2FB0CV9TRH4W%2Fref%3Dsr_1_55_sspa%3Fdib%3DeyJ2IjoiMSJ9.JISrDXZYEQKNrSpw6uaPy9iDsYDS2_Nb6nYseE7fWb_RoT-JozhjlC2BWKd40xVPlr1FAfF3uyGTpvDnmr-SF89Po9zrfbJL13DEBtUFV5tEvYn8kxw388leZR9RyZ5ZxsZ5XKIIQZtXdCAdFWcD_gmiFADfbRJgEu2RkbwArpYVvlLmG4ed_TepAWVgM4d033rYv7Htn3IXD5mijZYx0jaAFN3imkL0C7dhN-nVmOIoIhK7kvk72taS1Ox4qKiJ.w99g0RlLZzfzgvvpz6QckSCkv1QbzBHrEfyviucz8Qw%26dib_tag%3Dse%26qid%3D1713239234%26s%3Delectronics%26sr%3D1-55-spons%26sp_csd%3Dd2lkZ2V0TmFtZT1zcF9tdGZfYnJvd3Nl%26psc%3D1,https://m.media-amazon.com/images/I/61XT0TmtFJL._AC_SL1500_.jpg
77,Samsung,Samsung Galaxy Z Fold 5,Phantom Black,Amazon,256,12GB,,,4400,"65,450.00",https://www.amazon.eg/-/en/sspa/click?ie=UTF8&spc=MTo0MzI1MDA1MzYxMDAxMTA2OjE3MTMyMzkyMzQ6c3BfbXRmX2Jyb3dzZTozMDAxNTM2Njc3MzQ4MzI6OjA6Og&url=%2FSamsung-Galaxy-Android-Smartphone-Phantom%2Fdp%2FB0CC9VZDVS%2Fref%3Dsr_1_56_sspa%3Fdib%3DeyJ2IjoiMSJ9.JISrDXZYEQKNrSpw6uaPy9iDsYDS2_Nb6nYseE7fWb_RoT-JozhjlC2BWKd40xVPlr1FAfF3uyGTpvDnmr-SF89Po9zrfbJL13DEBtUFV5tEvYn8kxw388leZR9RyZ5ZxsZ5XKIIQZtXdCAdFWcD_gmiFADfbRJgEu2RkbwArpYVvlLmG4ed_TepAWVgM4d033rYv7Htn3IXD5mijZYx0jaAFN3imkL0C7dhN-nVmOIoIhK7kvk72taS1Ox4qKiJ.w99g0RlLZzfzgvvpz6QckSCkv1QbzBHrEfyviucz8Qw%26dib_tag%3Dse%26qid%3D1713239234%26s%3Delectronics%26sr%3D1-56-spons%26sp_csd%3Dd2lkZ2V0TmFtZT1zcF9tdGZfYnJvd3Nl%26psc%3D1,https://m.media-amazon.com/images/I/7102NAlM6FL._AC_SL1500_.jpg
78,Samsung,Samsung Galaxy A15,Yellow,Amazon,128,6GB,,,,"7,350.00",https://www.amazon.eg/-/en/Samsung-Galaxy-Dual-128GB-Inches/dp/B0CQ5CHKM5,https://m.media-amazon.com/images/I/61hdrs3-MuL._AC_SL1500_.jpg
79,OPPO,Oppo A58,black,Amazon,8,,,,,"6,670.00",https://www.amazon.eg/-/en/OPPO-A58-SmartPhone-Glowing-Black/dp/B0CDXDVPHR,https://m.media-amazon.com/images/I/81syiAT-7oL._AC_SL1500_.jpg
80,SAMSUNG,Galaxy S24 Ultra,Titanium Black,Amazon,512,12GB,,,,"75,000.00",https://www.amazon.eg/-/en/SAMSUNG-Android-Smartphone-Storage-Battery/dp/B0CQZ1NNLD,https://m.media-amazon.com/images/I/71+WncNIt7L._AC_SL1500_.jpg
81,Xiaomi,Redmi A2+/ 64GB - Black,Black,Amazon,64,3GB,,,5000,"4,666.00",https://www.amazon.eg/-/en/Xiaomi-Redmi-Dual-SIM-64GB/dp/B0CF2FYG43,https://m.media-amazon.com/images/I/71NA7Z6L7FL._AC_SL1500_.jpg
82,SAMSUNG,Galaxy S24 Ultra,Titanium Gray,Amazon,512,12GB,,,,"77,000.00",https://www.amazon.eg/-/en/SAMSUNG-Android-Smartphone-Storage-Battery/dp/B0CQZ1562C,https://m.media-amazon.com/images/I/713icYPjIZL._AC_SL1500_.jpg
83,Nokia,Nokia 106,Black,Amazon,512,,,,1000,490,https://www.amazon.eg/-/en/Nokia-106-30-Cell-Phone/dp/B098TYZRZ3,https://m.media-amazon.com/images/I/618bNXFwmXL._AC_SL1500_.jpg
84,Nokia,106 TA-1114 DS,Black,Amazon,,,,,,780,https://www.amazon.eg/-/en/Nokia-106-Dual-Sim-black/dp/B085N4B378,https://m.media-amazon.com/images/I/61rTSeWyUpL._AC_SL1500_.jpg
85,Oppo,OPPO A18 128GB 4GB Glowing Black UAE VERSION,BLACK,Amazon,128,,,,,"6,199.00",https://www.amazon.eg/-/en/A18-128GB-Glowing-Black-VERSION/dp/B0CKHMH1YB,https://m.media-amazon.com/images/I/61MUYMX4SXL._AC_SL1200_.jpg
86,,,,Amazon,,4GB,,,,"5,463.00",https://www.amazon.eg/-/en/realme-Dual-Carbon-Black-128GB/dp/B0CBTK7G27,https://m.media-amazon.com/images/I/51byClcWXML._AC_SL1500_.jpg
87,Infinix,Hot 30i,GLACIER BLUE,Amazon,128,4GB,,,5000,"5,499.00",https://www.amazon.eg/-/en/Infinix-X669C-Dual-128GB-Inches/dp/B0CB1K8DRG,https://m.media-amazon.com/images/I/61NFeH8NdYL._AC_SL1500_.jpg
88,OPPO,Oppo A17,light blue,Amazon,64,3GB,,,5000,"5,150.00",https://www.amazon.eg/-/en/OPPO-Smartphone-5000mAh-Fingerprint-CPH2471/dp/B0BT4P79F2,https://m.media-amazon.com/images/I/61mVkdJfDsL._AC_SL1500_.jpg
89,Xiaomi,Redmi note 13 pro,Midnight Black,Amazon,512,(12GB,,,,"21,999.00",https://www.amazon.eg/-/en/Xiaomi-Smartphone-Snapdragon-2-4GHz-Midnight/dp/B0CS4KH3VF,https://m.media-amazon.com/images/I/516ja7b3f+L._AC_SL1000_.jpg
90,Generic,1,Black,Amazon,15,,,,,464,https://www.amazon.eg/-/en/sspa/click?ie=UTF8&spc=MTo2NDA1NDUyMDA5ODM3MTA2OjE3MTMyMzk3NTU6c3BfYXRmX2Jyb3dzZTozMDAxNTE4OTAwOTM3MzI6OjA6Og&url=%2FMobile-Phone-105-Black-Single%2Fdp%2FB0CY93TDL8%2Fref%3Dsr_1_73_sspa%3Fdib%3DeyJ2IjoiMSJ9.8IIFXG-2ItNZDaq-vxYvIlbmz_UJau5IhAMQ2VzTU4tAXR1PfSICfAS86lzkC6EQSgIagwkITbImWDZtvuy3HL3jTGqLo8ZTr8N45b5wmuI.QeN1GWPU7Gdwrt-JLoXm6Dbik0l2-awD0pQWaj3LslA%26dib_tag%3Dse%26qid%3D1713239755%26s%3Delectronics%26sr%3D1-73-spons%26sp_csd%3Dd2lkZ2V0TmFtZT1zcF9hdGZfYnJvd3Nl%26psc%3D1,https://m.media-amazon.com/images/I/513up6tVw5L._AC_SL1500_.jpg
91,Generic,"105 EG Mobile TA-1459 DS Charcoal Black, Dual Sim",Black,Amazon,1.99,SIM,,,,679,https://www.amazon.eg/-/en/sspa/click?ie=UTF8&spc=MTo2NDA1NDUyMDA5ODM3MTA2OjE3MTMyMzk3NTU6c3BfYXRmX2Jyb3dzZTozMDAxMzM1MzYwNTY1MzI6OjA6Og&url=%2FMobile-Phone-TA-1459-Charcoal-Ramadan%2Fdp%2FB0CV3GMYY5%2Fref%3Dsr_1_74_sspa%3Fdib%3DeyJ2IjoiMSJ9.8IIFXG-2ItNZDaq-vxYvIlbmz_UJau5IhAMQ2VzTU4tAXR1PfSICfAS86lzkC6EQSgIagwkITbImWDZtvuy3HL3jTGqLo8ZTr8N45b5wmuI.QeN1GWPU7Gdwrt-JLoXm6Dbik0l2-awD0pQWaj3LslA%26dib_tag%3Dse%26qid%3D1713239755%26s%3Delectronics%26sr%3D1-74-spons%26sp_csd%3Dd2lkZ2V0TmFtZT1zcF9hdGZfYnJvd3Nl%26psc%3D1,https://m.media-amazon.com/images/I/41ZvwWEkBiL._AC_.jpg
92,Generic,1,White,Amazon,15,,,,,694,https://www.amazon.eg/-/en/sspa/click?ie=UTF8&spc=MTo2NDA1NDUyMDA5ODM3MTA2OjE3MTMyMzk3NTU6c3BfYXRmX2Jyb3dzZTozMDAxNTE4OTAwOTMzMzI6OjA6Og&url=%2FDual-B310-2G-Mobile-Phone-White%2Fdp%2FB0CYDSRKKK%2Fref%3Dsr_1_75_sspa%3Fdib%3DeyJ2IjoiMSJ9.8IIFXG-2ItNZDaq-vxYvIlbmz_UJau5IhAMQ2VzTU4tAXR1PfSICfAS86lzkC6EQSgIagwkITbImWDZtvuy3HL3jTGqLo8ZTr8N45b5wmuI.QeN1GWPU7Gdwrt-JLoXm6Dbik0l2-awD0pQWaj3LslA%26dib_tag%3Dse%26qid%3D1713239755%26s%3Delectronics%26sr%3D1-75-spons%26sp_csd%3Dd2lkZ2V0TmFtZT1zcF9hdGZfYnJvd3Nl%26psc%3D1,https://m.media-amazon.com/images/I/61j4wLZg8CL._AC_SL1280_.jpg
93,Redmi,Redmi 12 - Midnight Black,Midnight Black,Amazon,128,8GB,,,5000,"7,777.00",https://www.amazon.eg/-/en/Redmi-12-128GB-6-79-Inches/dp/B0CV5XBSMQ,https://m.media-amazon.com/images/I/513rNt-cvGL._AC_SL1000_.jpg
94,OPPO,,black,Amazon,256,8GB,,,,"8,499.00",https://www.amazon.eg/-/en/OPPO-A78-Dual-256GB-Inches/dp/B0CJQ2S227,https://m.media-amazon.com/images/I/51WRPmrEH+L._AC_SL1000_.jpg
95,egyptian saudi insurance house,1 Year Extended Warranty Plan,red,Amazon,,,,,,80,https://www.amazon.eg/-/en/Extended-Household-Appliance-Equipment-EGP1499-99/dp/B09TTM3NFF,https://m.media-amazon.com/images/I/61wDIlo+8+L._AC_SL1500_.jpg
96,Nokia,Nokia C10,Grey,Amazon,32,2gb,,,,"3,999.00",https://www.amazon.eg/-/en/Nokia-android-smartphone-v-notch-proximity/dp/B0B39LN2N6,https://m.media-amazon.com/images/I/81LrJ-Q-TgS._AC_SL1500_.jpg
97,HONOR,Honor X9b,Sunrise Orange,Amazon,12,,,,,"21,550.00",https://www.amazon.eg/-/en/HONOR-12GB-256GB-Sunrise-Orange/dp/B0CLDSD5B4,https://m.media-amazon.com/images/I/81FmX+ooJQL._AC_SL1500_.jpg
98,Oppo,Oppo Find,red,Amazon,12,12GB,,,,"28,699.00",https://www.amazon.eg/-/en/Oppo-Find-256GB-Black-Bluetooth/dp/B09TBDZ92X,https://m.media-amazon.com/images/I/91SqLMOJxML._AC_SL1500_.jpg
99,POCO,Poco C65,Matte Black,Amazon,128,6GB,,,5000,"6,650.00",https://www.amazon.eg/-/en/POCO-C65-Matte-Black-128GB/dp/B0CQG79KT8,https://m.media-amazon.com/images/I/51PQfSwIqyL._AC_SL1100_.jpg
100,SAMSUNG,SM-A235FLBKMEB,blue,Amazon,128,6GB,,,,"8,233.00",https://www.amazon.eg/-/en/Samsung-Galaxy-A23-Dual-128GB/dp/B09Y67RDN7,https://m.media-amazon.com/images/I/61mOx8va+LL._AC_SL1500_.jpg
101,Samsung,Samsung Galaxy Z Fold 5,Phantom Black,Amazon,256,12GB,,,4400,"65,450.00",https://www.amazon.eg/-/en/Samsung-Galaxy-Android-Smartphone-Phantom/dp/B0CC9VZDVS,https://m.media-amazon.com/images/I/7102NAlM6FL._AC_SL1500_.jpg
102,Aode,Lava Iris 46,B09JLWDNJ1,Amazon,32,1GB,,,5,"1,900.00",https://www.amazon.eg/-/en/Lava-Iris-46-Dual-Sim/dp/B09JLWDNJ1,https://m.media-amazon.com/images/I/61X3H93G30L._AC_SL1500_.jpg
103,realme,C67,Black Rock,Amazon,8,8GB,,,,"7,974.00",https://www.amazon.eg/-/en/realme-256GB-RMX3890-Black-Rock/dp/B0CRDST15K,https://m.media-amazon.com/images/I/510eKsW7xLL._AC_SL1500_.jpg
104,,,,Amazon,,8gb,,,,80,https://www.amazon.eg/-/en/Samsung-galaxy-mobile-android-awesome/dp/B0BXNWFS19,https://m.media-amazon.com/images/I/71NvEbrOUFL._AC_SL1500_.jpg
105,Generic,Nokia 110 Dual SIM Mobile,Black,Amazon,,(&&,,,,553,https://www.amazon.eg/-/en/sspa/click?ie=UTF8&spc=MTo2NDA1NDUyMDA5ODM3MTA2OjE3MTMyMzk3NTU6c3BfbXRmX2Jyb3dzZTozMDAxMDc3NjEzMzY5MzI6OjA6Og&url=%2FMobile-Phone-Black-Ramadan-Kareem%2Fdp%2FB0CQ3PG5WJ%2Fref%3Dsr_1_78_sspa%3Fdib%3DeyJ2IjoiMSJ9.cATKxR_dnnQi8d2hloZRyYnrAec9PMC-ftuK5s40t4lMXd5VbQScSSLNJtJbDLoRr3SUGREj9waG710dIqCc6GjhTIGZx17njrB4oLcA0NfV9aYH0v54O2QVF7fRgtVo1YGsPG_SuBVnVziQSQHHVLuocQ0I8Aqp9ZNrSgs6uEkR6wlRwmTViZxpqF6mzY6S6GE4c17CD6n1GzcqKz8ZN2Zeujtn1hiipQFhtI47jbAtZq2NNW7l0pqtS_A9jshN.83Ys00qXDXpIM_B0zUSuspRh3hpOjTYWWNfokKIsvNg%26dib_tag%3Dse%26qid%3D1713239755%26s%3Delectronics%26sr%3D1-78-spons%26sp_csd%3Dd2lkZ2V0TmFtZT1zcF9tdGZfYnJvd3Nl%26psc%3D1,https://m.media-amazon.com/images/I/41g7zULUMlL._AC_.jpg
106,Generic,105,Black,Amazon,1,,,,,535,https://www.amazon.eg/-/en/sspa/click?ie=UTF8&spc=MTo2NDA1NDUyMDA5ODM3MTA2OjE3MTMyMzk3NTU6c3BfbXRmX2Jyb3dzZTozMDAxMzI1NTIzMTQ3MzI6OjA6Og&url=%2FMobile-105-Phone-105-Black-Dual-SIM%2Fdp%2FB0CV9TRH4W%2Fref%3Dsr_1_79_sspa%3Fdib%3DeyJ2IjoiMSJ9.cATKxR_dnnQi8d2hloZRyYnrAec9PMC-ftuK5s40t4lMXd5VbQScSSLNJtJbDLoRr3SUGREj9waG710dIqCc6GjhTIGZx17njrB4oLcA0NfV9aYH0v54O2QVF7fRgtVo1YGsPG_SuBVnVziQSQHHVLuocQ0I8Aqp9ZNrSgs6uEkR6wlRwmTViZxpqF6mzY6S6GE4c17CD6n1GzcqKz8ZN2Zeujtn1hiipQFhtI47jbAtZq2NNW7l0pqtS_A9jshN.83Ys00qXDXpIM_B0zUSuspRh3hpOjTYWWNfokKIsvNg%26dib_tag%3Dse%26qid%3D1713239755%26s%3Delectronics%26sr%3D1-79-spons%26sp_csd%3Dd2lkZ2V0TmFtZT1zcF9tdGZfYnJvd3Nl%26psc%3D1,https://m.media-amazon.com/images/I/61XT0TmtFJL._AC_SL1500_.jpg
107,Samsung,Samsung Galaxy Z Fold 5,Phantom Black,Amazon,256,12GB,,,4400,"65,450.00",https://www.amazon.eg/-/en/sspa/click?ie=UTF8&spc=MTo2NDA1NDUyMDA5ODM3MTA2OjE3MTMyMzk3NTU6c3BfbXRmX2Jyb3dzZTozMDAxNTM2Njc3MzQ4MzI6OjA6Og&url=%2FSamsung-Galaxy-Android-Smartphone-Phantom%2Fdp%2FB0CC9VZDVS%2Fref%3Dsr_1_80_sspa%3Fdib%3DeyJ2IjoiMSJ9.cATKxR_dnnQi8d2hloZRyYnrAec9PMC-ftuK5s40t4lMXd5VbQScSSLNJtJbDLoRr3SUGREj9waG710dIqCc6GjhTIGZx17njrB4oLcA0NfV9aYH0v54O2QVF7fRgtVo1YGsPG_SuBVnVziQSQHHVLuocQ0I8Aqp9ZNrSgs6uEkR6wlRwmTViZxpqF6mzY6S6GE4c17CD6n1GzcqKz8ZN2Zeujtn1hiipQFhtI47jbAtZq2NNW7l0pqtS_A9jshN.83Ys00qXDXpIM_B0zUSuspRh3hpOjTYWWNfokKIsvNg%26dib_tag%3Dse%26qid%3D1713239755%26s%3Delectronics%26sr%3D1-80-spons%26sp_csd%3Dd2lkZ2V0TmFtZT1zcF9tdGZfYnJvd3Nl%26psc%3D1,https://m.media-amazon.com/images/I/7102NAlM6FL._AC_SL1500_.jpg
108,SAMSUNG,Galaxy S24+,Onyx Black,Amazon,256,Faster,,,,"50,399.00",https://www.amazon.eg/-/en/SAMSUNG-Android-Smartphone-Storage-Display/dp/B0CQZ26R23,https://m.media-amazon.com/images/I/61wfSxvntTL._AC_SL1500_.jpg
109,egyptian saudi insurance house,1 Year Extended Warranty Plan,red,Amazon,,,,,,107,https://www.amazon.eg/-/en/Extended-Household-Appliance-Equipment-EGP1999-99/dp/B09TTMCXSY,https://m.media-amazon.com/images/I/61MwxYWACNL._AC_SL1500_.jpg
110,Samsung,Samsung Galaxy A34,multi,Amazon,128,8gb,,,,67,https://www.amazon.eg/-/en/Samsung-galaxy-mobile-android-awesome/dp/B0BXNW9F51,https://m.media-amazon.com/images/I/71mHgTssjAL._AC_SL1500_.jpg
111,Xiaomi,redmi a3,Midnight Black Global ROM,Amazon,64,,,,,"4,995.00",https://www.amazon.eg/-/en/Xiaomi-Redmi-A3-Unlocked-Midnight/dp/B0CW7X2SBH,https://m.media-amazon.com/images/I/712EPllHDiL._AC_SL1500_.jpg
112,Itel,it2160Blue,Blue,Amazon,32,,,,,567,https://www.amazon.eg/-/en/iTel-it2160-1-77-inch-Dual-Mobile-Phone/dp/B091P12MVF,https://m.media-amazon.com/images/I/51fT5JS88FL._AC_SL1500_.jpg
113,OPPO,Oppo Reno 10,silver,Amazon,256,8GB,,,,"15,950.00",https://www.amazon.eg/-/en/Storage-Mobile-4600mAh-Battery-6-7-Inch/dp/B0CBKL7X78,https://m.media-amazon.com/images/I/61MKU03F5-L._AC_SL1280_.jpg
114,Samsung,Galaxy-A04,bronze,Amazon,64,4GB,,,,"5,125.00",https://www.amazon.eg/-/en/SAMSUNG-Galaxy-Smartphone-Storage-Copper/dp/B0BN4RQKN3,https://m.media-amazon.com/images/I/81i6m64KmUL._AC_SL1500_.jpg
115,Generic,HOPE K19 4 SIM CARDS PHONE,Black,Amazon,2.12,,,,,"1,900.00",https://www.amazon.eg/-/en/Mobile-Phone-1-22000mAh-Light-Black/dp/B0CV4F7SBP,https://m.media-amazon.com/images/I/417BOAjSsrL._AC_.jpg
116,SAMSUNG,Samsung SM,White,Amazon,16,,,,,795,https://www.amazon.eg/-/en/Samsung-SM-B310E-Dual-Sim-White/dp/B07MTQ7K5T,https://m.media-amazon.com/images/I/51zTHAWglxL._AC_SL1500_.jpg
117,Nokia,Nokia 105,Blue,Amazon,512,,,,,538,https://www.amazon.eg/-/en/Nokia-105-2017-4Mb-Blue-Single/dp/B092DZV5D7,https://m.media-amazon.com/images/I/519zxFIaswL._AC_SL1500_.jpg
118,Nokia,110 Dual SIM,black,Amazon,32,,,,,999,https://www.amazon.eg/-/en/Nokia-110-Dual-SIM-Black/dp/B07ZG5DQHV,https://m.media-amazon.com/images/I/51mpTklF2lL._AC_SL1500_.jpg
119,Apple,iPhone 13 128GB Blue,blue,Amazon,128,,,,,100,https://www.amazon.eg/-/en/Apple-iPhone-13-FaceTime-128GB/dp/B09G9DZFQ7,https://m.media-amazon.com/images/I/71xb2xkN5qL._AC_SL1500_.jpg
0,Generic,"105 EG Mobile TA-1459 DS Charcoal Black, Dual Sim",Black,Amazon,1.99,SIM,,,,679,https://www.amazon.eg/-/en/sspa/click?ie=UTF8&spc=MTo0MTAyNjg5MjgzMTgwMTA2OjE3MTMyMzgyOTE6c3BfYXRmX2Jyb3dzZTozMDAxMzM1MzYwNTY1MzI6OjA6Og&url=%2FMobile-Phone-TA-1459-Charcoal-Ramadan%2Fdp%2FB0CV3GMYY5%2Fref%3Dsr_1_1_sspa%3Fdib%3DeyJ2IjoiMSJ9.DUgnSqAGmobQ6tHFYzqJOemqOGGwYOhhJ7ada4AUda7pGL8cRLpwzJMIFVlYq5EqwKPGeplp2xTmM6ZVEJoJjkyASEscR1FMSQzl7hWEzAZ7rcGxriC8fatHnQ4IPuZ3BHqZ7kV62bFBDsilH9vYBlCNoW3S27BwAoy02tc1m2Ki5UlkTFq3PqgJYNdtrOrFDMjdW22cNoMcsSdVPJUowvJ40xkIl_tfsbRZRyKCaoOeaHEQZ6IcsG6JLmBtvlSqakwj5QEzmIzakrHEGAzO4KlFKX8Tgy_8pRANh0Gwcmo.4ADE55Oi_48XCwSHs34JmtGaHGvPgO04Btilhb1eZo4%26dib_tag%3Dse%26qid%3D1713238291%26s%3Delectronics%26sr%3D1-1-spons%26sp_csd%3Dd2lkZ2V0TmFtZT1zcF9hdGZfYnJvd3Nl%26psc%3D1,https://m.media-amazon.com/images/I/41ZvwWEkBiL._AC_.jpg
1,Generic,1,Black,Amazon,15,,,,,464,https://www.amazon.eg/-/en/sspa/click?ie=UTF8&spc=MTo0MTAyNjg5MjgzMTgwMTA2OjE3MTMyMzgyOTE6c3BfYXRmX2Jyb3dzZTozMDAxNTE4OTAwOTM3MzI6OjA6Og&url=%2FMobile-Phone-105-Black-Single%2Fdp%2FB0CY93TDL8%2Fref%3Dsr_1_2_sspa%3Fdib%3DeyJ2IjoiMSJ9.DUgnSqAGmobQ6tHFYzqJOemqOGGwYOhhJ7ada4AUda7pGL8cRLpwzJMIFVlYq5EqwKPGeplp2xTmM6ZVEJoJjkyASEscR1FMSQzl7hWEzAZ7rcGxriC8fatHnQ4IPuZ3BHqZ7kV62bFBDsilH9vYBlCNoW3S27BwAoy02tc1m2Ki5UlkTFq3PqgJYNdtrOrFDMjdW22cNoMcsSdVPJUowvJ40xkIl_tfsbRZRyKCaoOeaHEQZ6IcsG6JLmBtvlSqakwj5QEzmIzakrHEGAzO4KlFKX8Tgy_8pRANh0Gwcmo.4ADE55Oi_48XCwSHs34JmtGaHGvPgO04Btilhb1eZo4%26dib_tag%3Dse%26qid%3D1713238291%26s%3Delectronics%26sr%3D1-2-spons%26sp_csd%3Dd2lkZ2V0TmFtZT1zcF9hdGZfYnJvd3Nl%26psc%3D1,https://m.media-amazon.com/images/I/513up6tVw5L._AC_SL1500_.jpg
2,Generic,Nokia 110 Dual SIM Mobile,Black,Amazon,,(&&,,,,553,https://www.amazon.eg/-/en/sspa/click?ie=UTF8&spc=MTo0MTAyNjg5MjgzMTgwMTA2OjE3MTMyMzgyOTE6c3BfYXRmX2Jyb3dzZTozMDAxMDc3NjEzMzY5MzI6OjA6Og&url=%2FMobile-Phone-Black-Ramadan-Kareem%2Fdp%2FB0CQ3PG5WJ%2Fref%3Dsr_1_3_sspa%3Fdib%3DeyJ2IjoiMSJ9.DUgnSqAGmobQ6tHFYzqJOemqOGGwYOhhJ7ada4AUda7pGL8cRLpwzJMIFVlYq5EqwKPGeplp2xTmM6ZVEJoJjkyASEscR1FMSQzl7hWEzAZ7rcGxriC8fatHnQ4IPuZ3BHqZ7kV62bFBDsilH9vYBlCNoW3S27BwAoy02tc1m2Ki5UlkTFq3PqgJYNdtrOrFDMjdW22cNoMcsSdVPJUowvJ40xkIl_tfsbRZRyKCaoOeaHEQZ6IcsG6JLmBtvlSqakwj5QEzmIzakrHEGAzO4KlFKX8Tgy_8pRANh0Gwcmo.4ADE55Oi_48XCwSHs34JmtGaHGvPgO04Btilhb1eZo4%26dib_tag%3Dse%26qid%3D1713238291%26s%3Delectronics%26sr%3D1-3-spons%26sp_csd%3Dd2lkZ2V0TmFtZT1zcF9hdGZfYnJvd3Nl%26psc%3D1,https://m.media-amazon.com/images/I/41g7zULUMlL._AC_.jpg
3,Nokia,G21,Blue,Amazon,128,4GB,,,,"3,999.00",https://www.amazon.eg/-/en/Nokia-G21-Dual-128GB-Inches/dp/B0B39LMDKP,https://m.media-amazon.com/images/I/71AQ3qEZ-VL._AC_SL1500_.jpg
4,,,,Amazon,,8GB,,,5000,"15,444.00",https://www.amazon.eg/-/en/Samsung-Galaxy-Dual-128GB-Inches/dp/B0BXNW1KFB,https://m.media-amazon.com/images/I/71xU8w3fHJL._AC_SL1500_.jpg
5,SAMSUNG,Samsung Galaxy A05s,Black,Amazon,128,4GB,,,,"5,600.00",https://www.amazon.eg/-/en/Samsung-Galaxy-Android-Smartphone-Storage/dp/B0CP45G7C5,https://m.media-amazon.com/images/I/61jBR+KUEDL._AC_SL1500_.jpg
6,Samsung,Galaxy A54,Awesome Graphite,Amazon,256,8GB,,,5000,"16,840.00",https://www.amazon.eg/-/en/Samsung-Galaxy-A54-Graphite-Warranty/dp/B0BXP126BQ,https://m.media-amazon.com/images/I/71xU8w3fHJL._AC_SL1500_.jpg
7,Samsung,Samsung Galaxy A54,chartreuse,Amazon,256,8GB,,,5000,"17,415.00",https://www.amazon.eg/-/en/Samsung-Galaxy-Dual-256GB-Inches/dp/B0BXNWQZZB,https://m.media-amazon.com/images/I/716FwKy9FlL._AC_SL1500_.jpg
8,SAMSUNG,Samsung Galaxy A05s,Black,Amazon,128,6GB,,,,"6,499.00",https://www.amazon.eg/-/en/Samsung-Galaxy-Android-Smartphone-Storage/dp/B0CP45ZGRK,https://m.media-amazon.com/images/I/61jBR+KUEDL._AC_SL1500_.jpg
9,,,,Amazon,,8GB,,,5000,"15,444.00",https://www.amazon.eg/-/en/Samsung-Galaxy-A54-Android-Awesome/dp/B0BXNW1SP4,https://m.media-amazon.com/images/I/51kQgMblg9L._AC_.jpg
10,SAMSUNG,Galaxy S24 Ultra,Titanium Black,Amazon,256,12GB,,,,"1,200.00",https://www.amazon.eg/-/en/SAMSUNG-Android-Smartphone-Storage-Battery/dp/B0CQZ22Q7L,https://m.media-amazon.com/images/I/719HV2e6-sL._AC_SL1500_.jpg
11,Itel,A58 Pro,multi,Amazon,32,2GB,,,,"3,725.00",https://www.amazon.eg/-/en/Itel-A58-32GB-6-66-Inches/dp/B09TVT8ZL8,https://m.media-amazon.com/images/I/41-h5jK4PlL._AC_SL1000_.jpg
12,Generic,1,White,Amazon,15,,,,,694,https://www.amazon.eg/-/en/sspa/click?ie=UTF8&spc=MTo0MTAyNjg5MjgzMTgwMTA2OjE3MTMyMzgyOTE6c3BfbXRmX2Jyb3dzZTozMDAxNTE4OTAwOTMzMzI6OjA6Og&url=%2FDual-B310-2G-Mobile-Phone-White%2Fdp%2FB0CYDSRKKK%2Fref%3Dsr_1_13_sspa%3Fdib%3DeyJ2IjoiMSJ9.DUgnSqAGmobQ6tHFYzqJOemqOGGwYOhhJ7ada4AUda7pGL8cRLpwzJMIFVlYq5EqwKPGeplp2xTmM6ZVEJoJjkyASEscR1FMSQzl7hWEzAZ7rcGxriC8fatHnQ4IPuZ3BHqZ7kV62bFBDsilH9vYBlCNoW3S27BwAoy02tc1m2Ki5UlkTFq3PqgJYNdtrOrFDMjdW22cNoMcsSdVPJUowvJ40xkIl_tfsbRZRyKCaoOeaHEQZ6IcsG6JLmBtvlSqakwj5QEzmIzakrHEGAzO4KlFKX8Tgy_8pRANh0Gwcmo.4ADE55Oi_48XCwSHs34JmtGaHGvPgO04Btilhb1eZo4%26dib_tag%3Dse%26qid%3D1713238291%26s%3Delectronics%26sr%3D1-13-spons%26sp_csd%3Dd2lkZ2V0TmFtZT1zcF9tdGZfYnJvd3Nl%26psc%3D1,https://m.media-amazon.com/images/I/61j4wLZg8CL._AC_SL1280_.jpg
13,Generic,105,Black,Amazon,1,,,,,535,https://www.amazon.eg/-/en/sspa/click?ie=UTF8&spc=MTo0MTAyNjg5MjgzMTgwMTA2OjE3MTMyMzgyOTE6c3BfbXRmX2Jyb3dzZTozMDAxMzI1NTIzMTQ3MzI6OjA6Og&url=%2FMobile-105-Phone-105-Black-Dual-SIM%2Fdp%2FB0CV9TRH4W%2Fref%3Dsr_1_14_sspa%3Fdib%3DeyJ2IjoiMSJ9.DUgnSqAGmobQ6tHFYzqJOemqOGGwYOhhJ7ada4AUda7pGL8cRLpwzJMIFVlYq5EqwKPGeplp2xTmM6ZVEJoJjkyASEscR1FMSQzl7hWEzAZ7rcGxriC8fatHnQ4IPuZ3BHqZ7kV62bFBDsilH9vYBlCNoW3S27BwAoy02tc1m2Ki5UlkTFq3PqgJYNdtrOrFDMjdW22cNoMcsSdVPJUowvJ40xkIl_tfsbRZRyKCaoOeaHEQZ6IcsG6JLmBtvlSqakwj5QEzmIzakrHEGAzO4KlFKX8Tgy_8pRANh0Gwcmo.4ADE55Oi_48XCwSHs34JmtGaHGvPgO04Btilhb1eZo4%26dib_tag%3Dse%26qid%3D1713238291%26s%3Delectronics%26sr%3D1-14-spons%26sp_csd%3Dd2lkZ2V0TmFtZT1zcF9tdGZfYnJvd3Nl%26psc%3D1,https://m.media-amazon.com/images/I/61XT0TmtFJL._AC_SL1500_.jpg
14,Samsung,Samsung Galaxy Z Fold 5,Phantom Black,Amazon,256,12GB,,,4400,"65,450.00",https://www.amazon.eg/-/en/sspa/click?ie=UTF8&spc=MTo0MTAyNjg5MjgzMTgwMTA2OjE3MTMyMzgyOTE6c3BfbXRmX2Jyb3dzZTozMDAxNTM2Njc3MzQ4MzI6OjA6Og&url=%2FSamsung-Galaxy-Android-Smartphone-Phantom%2Fdp%2FB0CC9VZDVS%2Fref%3Dsr_1_15_sspa%3Fdib%3DeyJ2IjoiMSJ9.DUgnSqAGmobQ6tHFYzqJOemqOGGwYOhhJ7ada4AUda7pGL8cRLpwzJMIFVlYq5EqwKPGeplp2xTmM6ZVEJoJjkyASEscR1FMSQzl7hWEzAZ7rcGxriC8fatHnQ4IPuZ3BHqZ7kV62bFBDsilH9vYBlCNoW3S27BwAoy02tc1m2Ki5UlkTFq3PqgJYNdtrOrFDMjdW22cNoMcsSdVPJUowvJ40xkIl_tfsbRZRyKCaoOeaHEQZ6IcsG6JLmBtvlSqakwj5QEzmIzakrHEGAzO4KlFKX8Tgy_8pRANh0Gwcmo.4ADE55Oi_48XCwSHs34JmtGaHGvPgO04Btilhb1eZo4%26dib_tag%3Dse%26qid%3D1713238291%26s%3Delectronics%26sr%3D1-15-spons%26sp_csd%3Dd2lkZ2V0TmFtZT1zcF9tdGZfYnJvd3Nl%26psc%3D1,https://m.media-amazon.com/images/I/7102NAlM6FL._AC_SL1500_.jpg
15,SAMSUNG,Samsung Galaxy A05 LTE,Black,Amazon,64,4GB,,,,"4,999.00",https://www.amazon.eg/-/en/Samsung-Galaxy-Android-Smartphone-Storage/dp/B0CP45WBMP,https://m.media-amazon.com/images/I/71dYQdmhwFL._AC_SL1500_.jpg
16,SAMSUNG,Samsung Galaxy A25 5G,Light Blue,Amazon,256,8GB,,,,"10,999.00",https://www.amazon.eg/-/en/Samsung-Galaxy-Android-Smartphone-Storage/dp/B0CQ5BYHWY,https://m.media-amazon.com/images/I/614qsXB-XUL._AC_SL1500_.jpg
17,Samsung,Galaxy-A15,Black,Amazon,256,8GB,,,,"8,985.00",https://www.amazon.eg/-/en/Samsung-Galaxy-Dual-256GGB-Inches/dp/B0CQJZ76X9,https://m.media-amazon.com/images/I/514nSB8S9pL._AC_SL1000_.jpg
18,Samsung,Samsung Galaxy A15,Light Blue,Amazon,128,6GB,,,,"7,325.00",https://www.amazon.eg/-/en/Samsung-Galaxy-Dual-128GB-Inches/dp/B0CQ5CZ346,https://m.media-amazon.com/images/I/61cl1NEIrdL._AC_SL1500_.jpg
19,realme,realme 11 5g,Glory Black,Amazon,8,8GB,,,,"10,180.00",https://www.amazon.eg/-/en/Realme-Dual-SIM-256GB-Glory-Black/dp/B0CGJ3N268,https://m.media-amazon.com/images/I/71VVj2qIIgL._AC_SL1500_.jpg
20,realme,Realme C53,Champion Gold,Amazon,8,GB,,,,"6,999.00",https://www.amazon.eg/-/en/Realme-Dual-SIM-256GB-Champion-Gold/dp/B0CNLRD3SY,https://m.media-amazon.com/images/I/81ZZ+2aDSXL._AC_SL1500_.jpg
21,SAMSUNG,Galaxy-A05,Black,Amazon,128,6GB,,,5000,"5,899.00",https://www.amazon.eg/-/en/Samsung-Galaxy-Android-Smartphone-Storage/dp/B0CR6BZHYC,https://m.media-amazon.com/images/I/61xn0PNMjIL._AC_SL1485_.jpg
22,Samsung,Samsung Galaxy A15,Black,Amazon,128,6GB,,,,50,https://www.amazon.eg/-/en/Samsung-Galaxy-Dual-128GB-Inches/dp/B0CQ5BMBGN,https://m.media-amazon.com/images/I/61isHdQ+TDL._AC_SL1500_.jpg
23,realme,Realme C53,Champion Gold,Amazon,128,6GB,,,,"6,299.00",https://www.amazon.eg/-/en/Realme-Dual-SIM-128GB-Champion-Gold/dp/B0C5XJ2HRM,https://m.media-amazon.com/images/I/71uqxJZTm-L._AC_SL1500_.jpg
24,Xiaomi,MZB0E0IEU,Onyx Gray,Amazon,128,8GB,,,5000,"8,499.00",https://www.amazon.eg/-/en/Xiaomi-Redmi-Note-Dual-128GB/dp/B0BZJ2LLGL,https://m.media-amazon.com/images/I/51W1mldZtDL._AC_SL1500_.jpg
25,Nokia,NOKIA 105_DS_BLACK,Black,Amazon,0.03,,,,,475,https://www.amazon.eg/-/en/NOKIA-105-Dual-SIM-Black/dp/B07WXW8V4X,https://m.media-amazon.com/images/I/61LffJw7v4L._AC_SL1500_.jpg
26,Samsung,Samsung Galaxy A54,Awesome White,Amazon,128,8GB,,,5000,"15,444.00",https://www.amazon.eg/-/en/Samsung-Galaxy-A54-Android-Warranty/dp/B0BXNWHSM7,https://m.media-amazon.com/images/I/51ySQH9NhXL._AC_.jpg
27,Apple,Iphone 15,grey,Amazon,256,,,,,"75,000.00",https://www.amazon.eg/-/en/Apple-iPhone-Pro-Max-256/dp/B0CHXSKYN6,https://m.media-amazon.com/images/I/717trh2j6CL._AC_SL1500_.jpg
28,Xiaomi,Redmi Note 13,Green,Amazon,256,8GB,,,,"10,770.00",https://www.amazon.eg/-/en/Redmi-Note-Green-Storage-screen/dp/B0CQKDDCVK,https://m.media-amazon.com/images/I/51Q+-U8vAVL._AC_SL1200_.jpg
29,SAMSUNG,S23 Ultra,Phantom Black,Amazon,256,,,,,"44,980.00",https://www.amazon.eg/-/en/Samsung-Phantom-Smartphone-Manufacturer-Warranty/dp/B0BSLBMCB2,https://m.media-amazon.com/images/I/71iBKcLHXFL._AC_SL1500_.jpg
30,Generic,1,Black,Amazon,15,,,,,464,https://www.amazon.eg/-/en/sspa/click?ie=UTF8&spc=MToyMjE2OTYwNzA4NTMxMTA2OjE3MTMyMzg3NzQ6c3BfYXRmX2Jyb3dzZTozMDAxNTE4OTAwOTM3MzI6OjA6Og&url=%2FMobile-Phone-105-Black-Single%2Fdp%2FB0CY93TDL8%2Fref%3Dsr_1_25_sspa%3Fdib%3DeyJ2IjoiMSJ9.NibK6Xfjo9g1MColQhQkpRB_eOfI0bQO9cLPsmbOF-XF0qPiYfgYYIatHeBtc1w79J-BF6rm_WIQkTFw-xjQ97VItDcTmnN-KYgnb90hLD0FoT0E8Qt_iiKA0xHogaGV6ct_UJOsaD830p4Awn5eBoFHKIoVppuiF5ZzaWnzTLXN5ASRh1TrUL99oSPg7kDM2fJnVW20YKKAScYlai6HDQvY7sZJtMoULTuRCCQ_pmaxEuH7GJBdzTorgjSilDw_FP7oXdukGTDhlvsy4DS-IBZSkemwPxrYQsp_z4JDZOg.uFPIIppq81VE6yTFFKuIWPerOPY9M-JbdA4nkESi1p8%26dib_tag%3Dse%26qid%3D1713238774%26s%3Delectronics%26sr%3D1-25-spons%26sp_csd%3Dd2lkZ2V0TmFtZT1zcF9hdGZfYnJvd3Nl%26psc%3D1,https://m.media-amazon.com/images/I/513up6tVw5L._AC_SL1500_.jpg
31,Generic,"105 EG Mobile TA-1459 DS Charcoal Black, Dual Sim",Black,Amazon,1.99,SIM,,,,679,https://www.amazon.eg/-/en/sspa/click?ie=UTF8&spc=MToyMjE2OTYwNzA4NTMxMTA2OjE3MTMyMzg3NzQ6c3BfYXRmX2Jyb3dzZTozMDAxMzM1MzYwNTY1MzI6OjA6Og&url=%2FMobile-Phone-TA-1459-Charcoal-Ramadan%2Fdp%2FB0CV3GMYY5%2Fref%3Dsr_1_26_sspa%3Fdib%3DeyJ2IjoiMSJ9.NibK6Xfjo9g1MColQhQkpRB_eOfI0bQO9cLPsmbOF-XF0qPiYfgYYIatHeBtc1w79J-BF6rm_WIQkTFw-xjQ97VItDcTmnN-KYgnb90hLD0FoT0E8Qt_iiKA0xHogaGV6ct_UJOsaD830p4Awn5eBoFHKIoVppuiF5ZzaWnzTLXN5ASRh1TrUL99oSPg7kDM2fJnVW20YKKAScYlai6HDQvY7sZJtMoULTuRCCQ_pmaxEuH7GJBdzTorgjSilDw_FP7oXdukGTDhlvsy4DS-IBZSkemwPxrYQsp_z4JDZOg.uFPIIppq81VE6yTFFKuIWPerOPY9M-JbdA4nkESi1p8%26dib_tag%3Dse%26qid%3D1713238774%26s%3Delectronics%26sr%3D1-26-spons%26sp_csd%3Dd2lkZ2V0TmFtZT1zcF9hdGZfYnJvd3Nl%26psc%3D1,https://m.media-amazon.com/images/I/41ZvwWEkBiL._AC_.jpg
32,Generic,1,White,Amazon,15,,,,,694,https://www.amazon.eg/-/en/sspa/click?ie=UTF8&spc=MToyMjE2OTYwNzA4NTMxMTA2OjE3MTMyMzg3NzQ6c3BfYXRmX2Jyb3dzZTozMDAxNTE4OTAwOTMzMzI6OjA6Og&url=%2FDual-B310-2G-Mobile-Phone-White%2Fdp%2FB0CYDSRKKK%2Fref%3Dsr_1_27_sspa%3Fdib%3DeyJ2IjoiMSJ9.NibK6Xfjo9g1MColQhQkpRB_eOfI0bQO9cLPsmbOF-XF0qPiYfgYYIatHeBtc1w79J-BF6rm_WIQkTFw-xjQ97VItDcTmnN-KYgnb90hLD0FoT0E8Qt_iiKA0xHogaGV6ct_UJOsaD830p4Awn5eBoFHKIoVppuiF5ZzaWnzTLXN5ASRh1TrUL99oSPg7kDM2fJnVW20YKKAScYlai6HDQvY7sZJtMoULTuRCCQ_pmaxEuH7GJBdzTorgjSilDw_FP7oXdukGTDhlvsy4DS-IBZSkemwPxrYQsp_z4JDZOg.uFPIIppq81VE6yTFFKuIWPerOPY9M-JbdA4nkESi1p8%26dib_tag%3Dse%26qid%3D1713238774%26s%3Delectronics%26sr%3D1-27-spons%26sp_csd%3Dd2lkZ2V0TmFtZT1zcF9hdGZfYnJvd3Nl%26psc%3D1,https://m.media-amazon.com/images/I/61j4wLZg8CL._AC_SL1280_.jpg
33,Samsung,Samsung Galaxy S23 FE,Graphite,Amazon,256,8GB,,,,"27,995.00",https://www.amazon.eg/-/en/Samsung-Galaxy-Android-Smartphone-256GB/dp/B0CJXPW2GD,https://m.media-amazon.com/images/I/61-E0V81kBL._AC_SL1500_.jpg
34,OPPO,Oppo Reno 8T,red,Amazon,256,8GB,,,,"11,350.00",https://www.amazon.eg/-/en/OPPO-Reno-Dual-256GB-Inches/dp/B0BVVR3NBM,https://m.media-amazon.com/images/I/61cIST+osWL._AC_SL1390_.jpg
35,OPPO,Oppo Reno 10,light blue,Amazon,256,8GB,,,,"15,950.00",https://www.amazon.eg/-/en/OPPO-Reno10-Dual-256GB-Inches/dp/B0CBKKYDXF,https://m.media-amazon.com/images/I/71F+uT0BRAL._AC_SL1500_.jpg
36,HONOR,Honor Pad,Space Gray,Amazon,128,4GB,,,7250,"8,999.00",https://www.amazon.eg/-/en/Honor-Inches-Space-128GB-Wi-Fi/dp/B0CCY9C8QX,https://m.media-amazon.com/images/I/61+JGgRUWpL._AC_SL1080_.jpg
37,Samsung,Galaxy-A15,Light Blue,Amazon,256,8GB,,,,"9,399.00",https://www.amazon.eg/-/en/Samsung-Galaxy-Dual-256GGB-Inches/dp/B0CQJYYWLH,https://m.media-amazon.com/images/I/51Cida8RecL._AC_SL1000_.jpg
38,Xiaomi,Redmi Note 13,Midnight Black,Amazon,256,8GB,,,,"10,770.00",https://www.amazon.eg/-/en/Redmi-Note-13-256GB-Inches/dp/B0CWRLJYGJ,https://m.media-amazon.com/images/I/51xTkm8N0fL._AC_SL1000_.jpg
39,Samsung,Samsung Galaxy A15,Light Blue,Amazon,128,4GB,,,,"6,750.00",https://www.amazon.eg/-/en/Samsung-Galaxy-Dual-128GB-Inches/dp/B0CQ59K8F9,https://m.media-amazon.com/images/I/61cl1NEIrdL._AC_SL1500_.jpg
40,OPPO,Oppo A78,green,Amazon,256,8GB,,,,"8,500.00",https://www.amazon.eg/-/en/OPPO-A78-256GB-Inches-4G/dp/B0CCRXSWNP,https://m.media-amazon.com/images/I/61tl7PNht9L._AC_SL1200_.jpg
41,Redmi,,Graphite Gray,Amazon,32,3GB,,,,"5,199.00",https://www.amazon.eg/-/en/Redmi-12C-Dual-SIM-32GB/dp/B0CG5W46NH,https://m.media-amazon.com/images/I/61Pjk+wUoeL._AC_SL1500_.jpg
42,realme,Realme C55,Black,Amazon,8,8GB,,,,"7,399.00",https://www.amazon.eg/-/en/Realme-256GB-Rainy-Night-Black/dp/B0BXQ2HNDC,https://m.media-amazon.com/images/I/71z0GCE5GsL._AC_SL1500_.jpg
43,Xiaomi,Redmi 13C,Midnight Black,Amazon,256,8GB,,,18,"7,199.00",https://www.amazon.eg/-/en/Xiaomi-Redmi-13C-256GB-Inches/dp/B0CT3N5CFC,https://m.media-amazon.com/images/I/51z+jOOKlJL._AC_SL1000_.jpg
44,egyptian saudi insurance house,1 Year Extended Warranty Plan,red,Amazon,,,,,,54,https://www.amazon.eg/-/en/Extended-Warranty-Audio-Video-products-EGP999-99/dp/B09TTPFCLW,https://m.media-amazon.com/images/I/61wDIlo+8+L._AC_SL1500_.jpg
45,Generic,Nokia 110 Dual SIM Mobile,Black,Amazon,,(&&,,,,553,https://www.amazon.eg/-/en/sspa/click?ie=UTF8&spc=MToyMjE2OTYwNzA4NTMxMTA2OjE3MTMyMzg3NzQ6c3BfbXRmX2Jyb3dzZTozMDAxMDc3NjEzMzY5MzI6OjA6Og&url=%2FMobile-Phone-Black-Ramadan-Kareem%2Fdp%2FB0CQ3PG5WJ%2Fref%3Dsr_1_40_sspa%3Fdib%3DeyJ2IjoiMSJ9.NibK6Xfjo9g1MColQhQkpRB_eOfI0bQO9cLPsmbOF-XF0qPiYfgYYIatHeBtc1w79J-BF6rm_WIQkTFw-xjQ97VItDcTmnN-KYgnb90hLD0FoT0E8Qt_iiKA0xHogaGV6ct_UJOsaD830p4Awn5eBoFHKIoVppuiF5ZzaWnzTLXN5ASRh1TrUL99oSPg7kDM2fJnVW20YKKAScYlai6HDQvY7sZJtMoULTuRCCQ_pmaxEuH7GJBdzTorgjSilDw_FP7oXdukGTDhlvsy4DS-IBZSkemwPxrYQsp_z4JDZOg.uFPIIppq81VE6yTFFKuIWPerOPY9M-JbdA4nkESi1p8%26dib_tag%3Dse%26qid%3D1713238774%26s%3Delectronics%26sr%3D1-40-spons%26sp_csd%3Dd2lkZ2V0TmFtZT1zcF9tdGZfYnJvd3Nl%26psc%3D1,https://m.media-amazon.com/images/I/41g7zULUMlL._AC_.jpg
46,Generic,105,Black,Amazon,1,,,,,535,https://www.amazon.eg/-/en/sspa/click?ie=UTF8&spc=MToyMjE2OTYwNzA4NTMxMTA2OjE3MTMyMzg3NzQ6c3BfbXRmX2Jyb3dzZTozMDAxMzI1NTIzMTQ3MzI6OjA6Og&url=%2FMobile-105-Phone-105-Black-Dual-SIM%2Fdp%2FB0CV9TRH4W%2Fref%3Dsr_1_41_sspa%3Fdib%3DeyJ2IjoiMSJ9.NibK6Xfjo9g1MColQhQkpRB_eOfI0bQO9cLPsmbOF-XF0qPiYfgYYIatHeBtc1w79J-BF6rm_WIQkTFw-xjQ97VItDcTmnN-KYgnb90hLD0FoT0E8Qt_iiKA0xHogaGV6ct_UJOsaD830p4Awn5eBoFHKIoVppuiF5ZzaWnzTLXN5ASRh1TrUL99oSPg7kDM2fJnVW20YKKAScYlai6HDQvY7sZJtMoULTuRCCQ_pmaxEuH7GJBdzTorgjSilDw_FP7oXdukGTDhlvsy4DS-IBZSkemwPxrYQsp_z4JDZOg.uFPIIppq81VE6yTFFKuIWPerOPY9M-JbdA4nkESi1p8%26dib_tag%3Dse%26qid%3D1713238774%26s%3Delectronics%26sr%3D1-41-spons%26sp_csd%3Dd2lkZ2V0TmFtZT1zcF9tdGZfYnJvd3Nl%26psc%3D1,https://m.media-amazon.com/images/I/61XT0TmtFJL._AC_SL1500_.jpg
47,Samsung,Samsung Galaxy Z Fold 5,Phantom Black,Amazon,256,12GB,,,4400,"65,450.00",https://www.amazon.eg/-/en/sspa/click?ie=UTF8&spc=MToyMjE2OTYwNzA4NTMxMTA2OjE3MTMyMzg3NzQ6c3BfbXRmX2Jyb3dzZTozMDAxNTM2Njc3MzQ4MzI6OjA6Og&url=%2FSamsung-Galaxy-Android-Smartphone-Phantom%2Fdp%2FB0CC9VZDVS%2Fref%3Dsr_1_42_sspa%3Fdib%3DeyJ2IjoiMSJ9.NibK6Xfjo9g1MColQhQkpRB_eOfI0bQO9cLPsmbOF-XF0qPiYfgYYIatHeBtc1w79J-BF6rm_WIQkTFw-xjQ97VItDcTmnN-KYgnb90hLD0FoT0E8Qt_iiKA0xHogaGV6ct_UJOsaD830p4Awn5eBoFHKIoVppuiF5ZzaWnzTLXN5ASRh1TrUL99oSPg7kDM2fJnVW20YKKAScYlai6HDQvY7sZJtMoULTuRCCQ_pmaxEuH7GJBdzTorgjSilDw_FP7oXdukGTDhlvsy4DS-IBZSkemwPxrYQsp_z4JDZOg.uFPIIppq81VE6yTFFKuIWPerOPY9M-JbdA4nkESi1p8%26dib_tag%3Dse%26qid%3D1713238774%26s%3Delectronics%26sr%3D1-42-spons%26sp_csd%3Dd2lkZ2V0TmFtZT1zcF9tdGZfYnJvd3Nl%26psc%3D1,https://m.media-amazon.com/images/I/7102NAlM6FL._AC_SL1500_.jpg
48,Redmi,Redmi 12 - Midnight Black,Sky Blue,Amazon,256,8GB,,,5000,"7,599.00",https://www.amazon.eg/-/en/Redmi-12-256GB-6-79-Inches/dp/B0CVND8111,https://m.media-amazon.com/images/I/5130q70SzrL._AC_SL1000_.jpg
49,realme,realme 12 pro+,Submarine Blue,Amazon,12,12GB,,,,250,https://www.amazon.eg/-/en/realme-Pro-Dual-12GB-512GB/dp/B0CTZW624P,https://m.media-amazon.com/images/I/81GvcYAFKbL._AC_SL1500_.jpg
50,SAMSUNG,Samsung Galaxy A25 5G,Black,Amazon,128,6GB,,,,"9,999.00",https://www.amazon.eg/-/en/Samsung-Galaxy-Android-Smartphone-Storage/dp/B0CQ5CQG31,https://m.media-amazon.com/images/I/61n8R-QRkUL._AC_SL1500_.jpg
51,realme,Realme C51,Carbon Black,Amazon,4,4GB,,,,"5,598.00",https://www.amazon.eg/-/en/Realme-Supper-Charger-Dynamic-Inches/dp/B0CHZ29FRV,https://m.media-amazon.com/images/I/51XS4DYEgQL._AC_SL1500_.jpg
52,OPPO,A58,black,Amazon,128,6GB,,,33,"6,850.00",https://www.amazon.eg/-/en/Oppo-A58-Dual-128GB-Black/dp/B0CDBP5HFB,https://m.media-amazon.com/images/I/81gpCfWufkL._AC_SL1500_.jpg
53,Egyptian Saudi Insurance House,1 Year Extended Warranty Plan,red,Amazon,,,,,,27,https://www.amazon.eg/-/en/Extended-Household-Appliance-Equipment-EGP499-99/dp/B09TTLKL6C,https://m.media-amazon.com/images/I/61eiunz3JaL._AC_SL1500_.jpg
54,Nokia,Nokia C10,Grey,Amazon,32,2gb,,,3000,"3,725.00",https://www.amazon.eg/-/en/Nokia-c10-dual-sim-32gb/dp/B0C1ZNGYJQ,https://m.media-amazon.com/images/I/71nZAbL5+BL._AC_SL1500_.jpg
55,realme,Realme C 55,Sunshower,Amazon,8,,,,,"7,399.00",https://www.amazon.eg/-/en/Realme-55-8G-256G-Sunshower/dp/B0BZWNNRSD,https://m.media-amazon.com/images/I/81tZSD6b3UL._AC_SL1500_.jpg
56,,,Cool Black,Amazon,,8GB,,,,12,https://www.amazon.eg/-/en/OPPO-Smartphone-Version-Fingerprint-Recognition/dp/B0C5N2V1C3,https://m.media-amazon.com/images/I/71JwRA-AUfL._AC_SL1500_.jpg
57,Xiaomi,Redmi 12 - Sky Blue,Sky Blue,Amazon,256,8GB,,,22,"7,680.00",https://www.amazon.eg/-/en/Redmi-Hybrid-Dual-256GB-Inches/dp/B0C9LTLSN2,https://m.media-amazon.com/images/I/51Pm+LJGR3L._AC_SL1000_.jpg
58,SAMSUNG,Galaxy S24 Ultra,Titanium Violet,Amazon,512,12GB,,,,"77,000.00",https://www.amazon.eg/-/en/SAMSUNG-Android-Smartphone-Storage-Battery/dp/B0CQZ1JYNY,https://m.media-amazon.com/images/I/71DMZEvfSVL._AC_SL1500_.jpg
59,OPPO,A38,black,Amazon,128,4GB,,,33,"6,390.00",https://www.amazon.eg/-/en/OPPO-SUPERVOOC-Waterdrop-Additional-Exchange/dp/B0CHDW6N8J,https://m.media-amazon.com/images/I/810mPWLr-SL._AC_SL1500_.jpg
60,Generic,1,Black,Amazon,15,,,,,464,https://www.amazon.eg/-/en/sspa/click?ie=UTF8&spc=MTo0MzI1MDA1MzYxMDAxMTA2OjE3MTMyMzkyMzQ6c3BfYXRmX2Jyb3dzZTozMDAxNTE4OTAwOTM3MzI6OjA6Og&url=%2FMobile-Phone-105-Black-Single%2Fdp%2FB0CY93TDL8%2Fref%3Dsr_1_49_sspa%3Fdib%3DeyJ2IjoiMSJ9.N9HfeN986yi177-03Tt9fZC579e0YYmjCznvtaBgIantz9NVnEXJ3vFhaAFcl-7ZL657l2DmFBZj56Lrv3ygu_62Zg8TxNiWcRnPeMPGsk4.DzaI4spm56_RcQ8ECI60KjSrJcikkCX-xzWR4f5LDgU%26dib_tag%3Dse%26qid%3D1713239234%26s%3Delectronics%26sr%3D1-49-spons%26sp_csd%3Dd2lkZ2V0TmFtZT1zcF9hdGZfYnJvd3Nl%26psc%3D1,https://m.media-amazon.com/images/I/513up6tVw5L._AC_SL1500_.jpg
61,Generic,"105 EG Mobile TA-1459 DS Charcoal Black, Dual Sim",Black,Amazon,1.99,SIM,,,,679,https://www.amazon.eg/-/en/sspa/click?ie=UTF8&spc=MTo0MzI1MDA1MzYxMDAxMTA2OjE3MTMyMzkyMzQ6c3BfYXRmX2Jyb3dzZTozMDAxMzM1MzYwNTY1MzI6OjA6Og&url=%2FMobile-Phone-TA-1459-Charcoal-Ramadan%2Fdp%2FB0CV3GMYY5%2Fref%3Dsr_1_50_sspa%3Fdib%3DeyJ2IjoiMSJ9.N9HfeN986yi177-03Tt9fZC579e0YYmjCznvtaBgIantz9NVnEXJ3vFhaAFcl-7ZL657l2DmFBZj56Lrv3ygu_62Zg8TxNiWcRnPeMPGsk4.DzaI4spm56_RcQ8ECI60KjSrJcikkCX-xzWR4f5LDgU%26dib_tag%3Dse%26qid%3D1713239234%26s%3Delectronics%26sr%3D1-50-spons%26sp_csd%3Dd2lkZ2V0TmFtZT1zcF9hdGZfYnJvd3Nl%26psc%3D1,https://m.media-amazon.com/images/I/41ZvwWEkBiL._AC_.jpg
62,Generic,1,White,Amazon,15,,,,,694,https://www.amazon.eg/-/en/sspa/click?ie=UTF8&spc=MTo0MzI1MDA1MzYxMDAxMTA2OjE3MTMyMzkyMzQ6c3BfYXRmX2Jyb3dzZTozMDAxNTE4OTAwOTMzMzI6OjA6Og&url=%2FDual-B310-2G-Mobile-Phone-White%2Fdp%2FB0CYDSRKKK%2Fref%3Dsr_1_51_sspa%3Fdib%3DeyJ2IjoiMSJ9.N9HfeN986yi177-03Tt9fZC579e0YYmjCznvtaBgIantz9NVnEXJ3vFhaAFcl-7ZL657l2DmFBZj56Lrv3ygu_62Zg8TxNiWcRnPeMPGsk4.DzaI4spm56_RcQ8ECI60KjSrJcikkCX-xzWR4f5LDgU%26dib_tag%3Dse%26qid%3D1713239234%26s%3Delectronics%26sr%3D1-51-spons%26sp_csd%3Dd2lkZ2V0TmFtZT1zcF9hdGZfYnJvd3Nl%26psc%3D1,https://m.media-amazon.com/images/I/61j4wLZg8CL._AC_SL1280_.jpg
63,HONOR,Honor 90,Midnight Black,Amazon,12,,,,,"24,399.00",https://www.amazon.eg/-/en/HONOR-90-Smartphone-SuperCharge-Midnight/dp/B0CB4L248T,https://m.media-amazon.com/images/I/71uWVsDVdfL._AC_SL1500_.jpg
64,realme,realme 12 Pro,Submarine Blue,Amazon,128,Dynamic,,,5000,"17,810.00",https://www.amazon.eg/-/en/realme-Submarine-Flagship-Telephoto-Snapdragon/dp/B0CTK9M2M2,https://m.media-amazon.com/images/I/81QvAGRjTAL._AC_SL1500_.jpg
65,egyptian saudi insurance house,1 Year Extended Warranty Plan,red,Amazon,,,,,,54,https://www.amazon.eg/-/en/Extended-Household-Appliance-Equipment-EGP999-99/dp/B09TTMTS5S,https://m.media-amazon.com/images/I/61sGcnnqZQL._AC_SL1500_.jpg
66,SAMSUNG,Galaxy-A24,BLACK,Amazon,128,6GB,,,,29,https://www.amazon.eg/-/en/Samsung-Galaxy-Android-Smartphone-Storage/dp/B0C3GZLLZC,https://m.media-amazon.com/images/I/71Qw85xhy+L._AC_SL1500_.jpg
67,realme,realme 12 pro+,Navigator Beige,Amazon,12,12GB,,,,"21,659.00",https://www.amazon.eg/-/en/realme-Pro-Dual-12GB-512GB/dp/B0CTZW6XGC,https://m.media-amazon.com/images/I/819TByLAOZL._AC_SL1500_.jpg
68,egyptian saudi insurance house,1 Year Extended Warranty Plan,red,Amazon,,,,,,27,https://www.amazon.eg/-/en/Extended-Warranty-Audio-Video-products-EGP499-99/dp/B09TTNR2VW,https://m.media-amazon.com/images/I/61sGcnnqZQL._AC_SL1500_.jpg
69,OPPO,Oppo Reno 8T,red,Amazon,256,8GB,,,,60,https://www.amazon.eg/-/en/OPPO-Smartphone-Fingerprint-Recognition-Bluetooth/dp/B0BVVP8711,https://m.media-amazon.com/images/I/61elxy1AgFL._AC_SL1390_.jpg
70,Apple,iPhone 14,Starlight,Amazon,128,,,,,"36,929.00",https://www.amazon.eg/-/en/Apple-iPhone-128-Starlight-Bluetooth/dp/B0BDHWM4VX,https://m.media-amazon.com/images/I/51FQoP3cCGL._AC_SL1500_.jpg
71,Samsung,Samsung Galaxy A34,Awesome Silver,Amazon,8,8GB,,,,"13,990.00",https://www.amazon.eg/-/en/Galaxy-Dual-Awesome-Silver-256GB/dp/B0CTGHG8Q3,https://m.media-amazon.com/images/I/31sAgsqo2cL._AC_.jpg
72,realme,9 Pro - Green,Grren,Amazon,128,8GB,,,5000,"8,550.00",https://www.amazon.eg/-/en/Realme-Pro-Dual-Smartphone-128GB/dp/B0CN6ZHVTG,https://m.media-amazon.com/images/I/61EjSPXLvNL._AC_SL1000_.jpg
73,realme,Realme C67,Sunny Oasis,Amazon,256,8GB,,,,"7,997.00",https://www.amazon.eg/-/en/realme-Dual-SIM-Factory-Unlocked-Smartphone/dp/B0CQRCWH7P,https://m.media-amazon.com/images/I/715bzjyJkYL._AC_SL1500_.jpg
74,,,,Amazon,,8GB,,,,"13,666.00",https://www.amazon.eg/-/en/Samsung-Galaxy-Dual-128GB-Inches/dp/B0BXNY4YD3,https://m.media-amazon.com/images/I/71RqyKk2eBL._AC_SL1500_.jpg
75,Generic,Nokia 110 Dual SIM Mobile,Black,Amazon,,(&&,,,,553,https://www.amazon.eg/-/en/sspa/click?ie=UTF8&spc=MTo0MzI1MDA1MzYxMDAxMTA2OjE3MTMyMzkyMzQ6c3BfbXRmX2Jyb3dzZTozMDAxMDc3NjEzMzY5MzI6OjA6Og&url=%2FMobile-Phone-Black-Ramadan-Kareem%2Fdp%2FB0CQ3PG5WJ%2Fref%3Dsr_1_54_sspa%3Fdib%3DeyJ2IjoiMSJ9.JISrDXZYEQKNrSpw6uaPy9iDsYDS2_Nb6nYseE7fWb_RoT-JozhjlC2BWKd40xVPlr1FAfF3uyGTpvDnmr-SF89Po9zrfbJL13DEBtUFV5tEvYn8kxw388leZR9RyZ5ZxsZ5XKIIQZtXdCAdFWcD_gmiFADfbRJgEu2RkbwArpYVvlLmG4ed_TepAWVgM4d033rYv7Htn3IXD5mijZYx0jaAFN3imkL0C7dhN-nVmOIoIhK7kvk72taS1Ox4qKiJ.w99g0RlLZzfzgvvpz6QckSCkv1QbzBHrEfyviucz8Qw%26dib_tag%3Dse%26qid%3D1713239234%26s%3Delectronics%26sr%3D1-54-spons%26sp_csd%3Dd2lkZ2V0TmFtZT1zcF9tdGZfYnJvd3Nl%26psc%3D1,https://m.media-amazon.com/images/I/41g7zULUMlL._AC_.jpg
76,Generic,105,Black,Amazon,1,,,,,535,https://www.amazon.eg/-/en/sspa/click?ie=UTF8&spc=MTo0MzI1MDA1MzYxMDAxMTA2OjE3MTMyMzkyMzQ6c3BfbXRmX2Jyb3dzZTozMDAxMzI1NTIzMTQ3MzI6OjA6Og&url=%2FMobile-105-Phone-105-Black-Dual-SIM%2Fdp%2FB0CV9TRH4W%2Fref%3Dsr_1_55_sspa%3Fdib%3DeyJ2IjoiMSJ9.JISrDXZYEQKNrSpw6uaPy9iDsYDS2_Nb6nYseE7fWb_RoT-JozhjlC2BWKd40xVPlr1FAfF3uyGTpvDnmr-SF89Po9zrfbJL13DEBtUFV5tEvYn8kxw388leZR9RyZ5ZxsZ5XKIIQZtXdCAdFWcD_gmiFADfbRJgEu2RkbwArpYVvlLmG4ed_TepAWVgM4d033rYv7Htn3IXD5mijZYx0jaAFN3imkL0C7dhN-nVmOIoIhK7kvk72taS1Ox4qKiJ.w99g0RlLZzfzgvvpz6QckSCkv1QbzBHrEfyviucz8Qw%26dib_tag%3Dse%26qid%3D1713239234%26s%3Delectronics%26sr%3D1-55-spons%26sp_csd%3Dd2lkZ2V0TmFtZT1zcF9tdGZfYnJvd3Nl%26psc%3D1,https://m.media-amazon.com/images/I/61XT0TmtFJL._AC_SL1500_.jpg
77,Samsung,Samsung Galaxy Z Fold 5,Phantom Black,Amazon,256,12GB,,,4400,"65,450.00",https://www.amazon.eg/-/en/sspa/click?ie=UTF8&spc=MTo0MzI1MDA1MzYxMDAxMTA2OjE3MTMyMzkyMzQ6c3BfbXRmX2Jyb3dzZTozMDAxNTM2Njc3MzQ4MzI6OjA6Og&url=%2FSamsung-Galaxy-Android-Smartphone-Phantom%2Fdp%2FB0CC9VZDVS%2Fref%3Dsr_1_56_sspa%3Fdib%3DeyJ2IjoiMSJ9.JISrDXZYEQKNrSpw6uaPy9iDsYDS2_Nb6nYseE7fWb_RoT-JozhjlC2BWKd40xVPlr1FAfF3uyGTpvDnmr-SF89Po9zrfbJL13DEBtUFV5tEvYn8kxw388leZR9RyZ5ZxsZ5XKIIQZtXdCAdFWcD_gmiFADfbRJgEu2RkbwArpYVvlLmG4ed_TepAWVgM4d033rYv7Htn3IXD5mijZYx0jaAFN3imkL0C7dhN-nVmOIoIhK7kvk72taS1Ox4qKiJ.w99g0RlLZzfzgvvpz6QckSCkv1QbzBHrEfyviucz8Qw%26dib_tag%3Dse%26qid%3D1713239234%26s%3Delectronics%26sr%3D1-56-spons%26sp_csd%3Dd2lkZ2V0TmFtZT1zcF9tdGZfYnJvd3Nl%26psc%3D1,https://m.media-amazon.com/images/I/7102NAlM6FL._AC_SL1500_.jpg
78,Samsung,Samsung Galaxy A15,Yellow,Amazon,128,6GB,,,,"7,350.00",https://www.amazon.eg/-/en/Samsung-Galaxy-Dual-128GB-Inches/dp/B0CQ5CHKM5,https://m.media-amazon.com/images/I/61hdrs3-MuL._AC_SL1500_.jpg
79,OPPO,Oppo A58,black,Amazon,8,,,,,"6,670.00",https://www.amazon.eg/-/en/OPPO-A58-SmartPhone-Glowing-Black/dp/B0CDXDVPHR,https://m.media-amazon.com/images/I/81syiAT-7oL._AC_SL1500_.jpg
80,SAMSUNG,Galaxy S24 Ultra,Titanium Black,Amazon,512,12GB,,,,"75,000.00",https://www.amazon.eg/-/en/SAMSUNG-Android-Smartphone-Storage-Battery/dp/B0CQZ1NNLD,https://m.media-amazon.com/images/I/71+WncNIt7L._AC_SL1500_.jpg
81,Xiaomi,Redmi A2+/ 64GB - Black,Black,Amazon,64,3GB,,,5000,"4,666.00",https://www.amazon.eg/-/en/Xiaomi-Redmi-Dual-SIM-64GB/dp/B0CF2FYG43,https://m.media-amazon.com/images/I/71NA7Z6L7FL._AC_SL1500_.jpg
82,SAMSUNG,Galaxy S24 Ultra,Titanium Gray,Amazon,512,12GB,,,,"77,000.00",https://www.amazon.eg/-/en/SAMSUNG-Android-Smartphone-Storage-Battery/dp/B0CQZ1562C,https://m.media-amazon.com/images/I/713icYPjIZL._AC_SL1500_.jpg
83,Nokia,Nokia 106,Black,Amazon,512,,,,1000,490,https://www.amazon.eg/-/en/Nokia-106-30-Cell-Phone/dp/B098TYZRZ3,https://m.media-amazon.com/images/I/618bNXFwmXL._AC_SL1500_.jpg
84,Nokia,106 TA-1114 DS,Black,Amazon,,,,,,780,https://www.amazon.eg/-/en/Nokia-106-Dual-Sim-black/dp/B085N4B378,https://m.media-amazon.com/images/I/61rTSeWyUpL._AC_SL1500_.jpg
85,Oppo,OPPO A18 128GB 4GB Glowing Black UAE VERSION,BLACK,Amazon,128,,,,,"6,199.00",https://www.amazon.eg/-/en/A18-128GB-Glowing-Black-VERSION/dp/B0CKHMH1YB,https://m.media-amazon.com/images/I/61MUYMX4SXL._AC_SL1200_.jpg
86,,,,Amazon,,4GB,,,,"5,463.00",https://www.amazon.eg/-/en/realme-Dual-Carbon-Black-128GB/dp/B0CBTK7G27,https://m.media-amazon.com/images/I/51byClcWXML._AC_SL1500_.jpg
87,Infinix,Hot 30i,GLACIER BLUE,Amazon,128,4GB,,,5000,"5,499.00",https://www.amazon.eg/-/en/Infinix-X669C-Dual-128GB-Inches/dp/B0CB1K8DRG,https://m.media-amazon.com/images/I/61NFeH8NdYL._AC_SL1500_.jpg
88,OPPO,Oppo A17,light blue,Amazon,64,3GB,,,5000,"5,150.00",https://www.amazon.eg/-/en/OPPO-Smartphone-5000mAh-Fingerprint-CPH2471/dp/B0BT4P79F2,https://m.media-amazon.com/images/I/61mVkdJfDsL._AC_SL1500_.jpg
89,Xiaomi,Redmi note 13 pro,Midnight Black,Amazon,512,(12GB,,,,"21,999.00",https://www.amazon.eg/-/en/Xiaomi-Smartphone-Snapdragon-2-4GHz-Midnight/dp/B0CS4KH3VF,https://m.media-amazon.com/images/I/516ja7b3f+L._AC_SL1000_.jpg
90,Generic,1,Black,Amazon,15,,,,,464,https://www.amazon.eg/-/en/sspa/click?ie=UTF8&spc=MTo2NDA1NDUyMDA5ODM3MTA2OjE3MTMyMzk3NTU6c3BfYXRmX2Jyb3dzZTozMDAxNTE4OTAwOTM3MzI6OjA6Og&url=%2FMobile-Phone-105-Black-Single%2Fdp%2FB0CY93TDL8%2Fref%3Dsr_1_73_sspa%3Fdib%3DeyJ2IjoiMSJ9.8IIFXG-2ItNZDaq-vxYvIlbmz_UJau5IhAMQ2VzTU4tAXR1PfSICfAS86lzkC6EQSgIagwkITbImWDZtvuy3HL3jTGqLo8ZTr8N45b5wmuI.QeN1GWPU7Gdwrt-JLoXm6Dbik0l2-awD0pQWaj3LslA%26dib_tag%3Dse%26qid%3D1713239755%26s%3Delectronics%26sr%3D1-73-spons%26sp_csd%3Dd2lkZ2V0TmFtZT1zcF9hdGZfYnJvd3Nl%26psc%3D1,https://m.media-amazon.com/images/I/513up6tVw5L._AC_SL1500_.jpg
91,Generic,"105 EG Mobile TA-1459 DS Charcoal Black, Dual Sim",Black,Amazon,1.99,SIM,,,,679,https://www.amazon.eg/-/en/sspa/click?ie=UTF8&spc=MTo2NDA1NDUyMDA5ODM3MTA2OjE3MTMyMzk3NTU6c3BfYXRmX2Jyb3dzZTozMDAxMzM1MzYwNTY1MzI6OjA6Og&url=%2FMobile-Phone-TA-1459-Charcoal-Ramadan%2Fdp%2FB0CV3GMYY5%2Fref%3Dsr_1_74_sspa%3Fdib%3DeyJ2IjoiMSJ9.8IIFXG-2ItNZDaq-vxYvIlbmz_UJau5IhAMQ2VzTU4tAXR1PfSICfAS86lzkC6EQSgIagwkITbImWDZtvuy3HL3jTGqLo8ZTr8N45b5wmuI.QeN1GWPU7Gdwrt-JLoXm6Dbik0l2-awD0pQWaj3LslA%26dib_tag%3Dse%26qid%3D1713239755%26s%3Delectronics%26sr%3D1-74-spons%26sp_csd%3Dd2lkZ2V0TmFtZT1zcF9hdGZfYnJvd3Nl%26psc%3D1,https://m.media-amazon.com/images/I/41ZvwWEkBiL._AC_.jpg
92,Generic,1,White,Amazon,15,,,,,694,https://www.amazon.eg/-/en/sspa/click?ie=UTF8&spc=MTo2NDA1NDUyMDA5ODM3MTA2OjE3MTMyMzk3NTU6c3BfYXRmX2Jyb3dzZTozMDAxNTE4OTAwOTMzMzI6OjA6Og&url=%2FDual-B310-2G-Mobile-Phone-White%2Fdp%2FB0CYDSRKKK%2Fref%3Dsr_1_75_sspa%3Fdib%3DeyJ2IjoiMSJ9.8IIFXG-2ItNZDaq-vxYvIlbmz_UJau5IhAMQ2VzTU4tAXR1PfSICfAS86lzkC6EQSgIagwkITbImWDZtvuy3HL3jTGqLo8ZTr8N45b5wmuI.QeN1GWPU7Gdwrt-JLoXm6Dbik0l2-awD0pQWaj3LslA%26dib_tag%3Dse%26qid%3D1713239755%26s%3Delectronics%26sr%3D1-75-spons%26sp_csd%3Dd2lkZ2V0TmFtZT1zcF9hdGZfYnJvd3Nl%26psc%3D1,https://m.media-amazon.com/images/I/61j4wLZg8CL._AC_SL1280_.jpg
93,Redmi,Redmi 12 - Midnight Black,Midnight Black,Amazon,128,8GB,,,5000,"7,777.00",https://www.amazon.eg/-/en/Redmi-12-128GB-6-79-Inches/dp/B0CV5XBSMQ,https://m.media-amazon.com/images/I/513rNt-cvGL._AC_SL1000_.jpg
94,OPPO,,black,Amazon,256,8GB,,,,"8,499.00",https://www.amazon.eg/-/en/OPPO-A78-Dual-256GB-Inches/dp/B0CJQ2S227,https://m.media-amazon.com/images/I/51WRPmrEH+L._AC_SL1000_.jpg
95,egyptian saudi insurance house,1 Year Extended Warranty Plan,red,Amazon,,,,,,80,https://www.amazon.eg/-/en/Extended-Household-Appliance-Equipment-EGP1499-99/dp/B09TTM3NFF,https://m.media-amazon.com/images/I/61wDIlo+8+L._AC_SL1500_.jpg
96,Nokia,Nokia C10,Grey,Amazon,32,2gb,,,,"3,999.00",https://www.amazon.eg/-/en/Nokia-android-smartphone-v-notch-proximity/dp/B0B39LN2N6,https://m.media-amazon.com/images/I/81LrJ-Q-TgS._AC_SL1500_.jpg
97,HONOR,Honor X9b,Sunrise Orange,Amazon,12,,,,,"21,550.00",https://www.amazon.eg/-/en/HONOR-12GB-256GB-Sunrise-Orange/dp/B0CLDSD5B4,https://m.media-amazon.com/images/I/81FmX+ooJQL._AC_SL1500_.jpg
98,Oppo,Oppo Find,red,Amazon,12,12GB,,,,"28,699.00",https://www.amazon.eg/-/en/Oppo-Find-256GB-Black-Bluetooth/dp/B09TBDZ92X,https://m.media-amazon.com/images/I/91SqLMOJxML._AC_SL1500_.jpg
99,POCO,Poco C65,Matte Black,Amazon,128,6GB,,,5000,"6,650.00",https://www.amazon.eg/-/en/POCO-C65-Matte-Black-128GB/dp/B0CQG79KT8,https://m.media-amazon.com/images/I/51PQfSwIqyL._AC_SL1100_.jpg
100,SAMSUNG,SM-A235FLBKMEB,blue,Amazon,128,6GB,,,,"8,233.00",https://www.amazon.eg/-/en/Samsung-Galaxy-A23-Dual-128GB/dp/B09Y67RDN7,https://m.media-amazon.com/images/I/61mOx8va+LL._AC_SL1500_.jpg
101,Samsung,Samsung Galaxy Z Fold 5,Phantom Black,Amazon,256,12GB,,,4400,"65,450.00",https://www.amazon.eg/-/en/Samsung-Galaxy-Android-Smartphone-Phantom/dp/B0CC9VZDVS,https://m.media-amazon.com/images/I/7102NAlM6FL._AC_SL1500_.jpg
102,Aode,Lava Iris 46,B09JLWDNJ1,Amazon,32,1GB,,,5,"1,900.00",https://www.amazon.eg/-/en/Lava-Iris-46-Dual-Sim/dp/B09JLWDNJ1,https://m.media-amazon.com/images/I/61X3H93G30L._AC_SL1500_.jpg
103,realme,C67,Black Rock,Amazon,8,8GB,,,,"7,974.00",https://www.amazon.eg/-/en/realme-256GB-RMX3890-Black-Rock/dp/B0CRDST15K,https://m.media-amazon.com/images/I/510eKsW7xLL._AC_SL1500_.jpg
104,,,,Amazon,,8gb,,,,80,https://www.amazon.eg/-/en/Samsung-galaxy-mobile-android-awesome/dp/B0BXNWFS19,https://m.media-amazon.com/images/I/71NvEbrOUFL._AC_SL1500_.jpg
105,Generic,Nokia 110 Dual SIM Mobile,Black,Amazon,,(&&,,,,553,https://www.amazon.eg/-/en/sspa/click?ie=UTF8&spc=MTo2NDA1NDUyMDA5ODM3MTA2OjE3MTMyMzk3NTU6c3BfbXRmX2Jyb3dzZTozMDAxMDc3NjEzMzY5MzI6OjA6Og&url=%2FMobile-Phone-Black-Ramadan-Kareem%2Fdp%2FB0CQ3PG5WJ%2Fref%3Dsr_1_78_sspa%3Fdib%3DeyJ2IjoiMSJ9.cATKxR_dnnQi8d2hloZRyYnrAec9PMC-ftuK5s40t4lMXd5VbQScSSLNJtJbDLoRr3SUGREj9waG710dIqCc6GjhTIGZx17njrB4oLcA0NfV9aYH0v54O2QVF7fRgtVo1YGsPG_SuBVnVziQSQHHVLuocQ0I8Aqp9ZNrSgs6uEkR6wlRwmTViZxpqF6mzY6S6GE4c17CD6n1GzcqKz8ZN2Zeujtn1hiipQFhtI47jbAtZq2NNW7l0pqtS_A9jshN.83Ys00qXDXpIM_B0zUSuspRh3hpOjTYWWNfokKIsvNg%26dib_tag%3Dse%26qid%3D1713239755%26s%3Delectronics%26sr%3D1-78-spons%26sp_csd%3Dd2lkZ2V0TmFtZT1zcF9tdGZfYnJvd3Nl%26psc%3D1,https://m.media-amazon.com/images/I/41g7zULUMlL._AC_.jpg
106,Generic,105,Black,Amazon,1,,,,,535,https://www.amazon.eg/-/en/sspa/click?ie=UTF8&spc=MTo2NDA1NDUyMDA5ODM3MTA2OjE3MTMyMzk3NTU6c3BfbXRmX2Jyb3dzZTozMDAxMzI1NTIzMTQ3MzI6OjA6Og&url=%2FMobile-105-Phone-105-Black-Dual-SIM%2Fdp%2FB0CV9TRH4W%2Fref%3Dsr_1_79_sspa%3Fdib%3DeyJ2IjoiMSJ9.cATKxR_dnnQi8d2hloZRyYnrAec9PMC-ftuK5s40t4lMXd5VbQScSSLNJtJbDLoRr3SUGREj9waG710dIqCc6GjhTIGZx17njrB4oLcA0NfV9aYH0v54O2QVF7fRgtVo1YGsPG_SuBVnVziQSQHHVLuocQ0I8Aqp9ZNrSgs6uEkR6wlRwmTViZxpqF6mzY6S6GE4c17CD6n1GzcqKz8ZN2Zeujtn1hiipQFhtI47jbAtZq2NNW7l0pqtS_A9jshN.83Ys00qXDXpIM_B0zUSuspRh3hpOjTYWWNfokKIsvNg%26dib_tag%3Dse%26qid%3D1713239755%26s%3Delectronics%26sr%3D1-79-spons%26sp_csd%3Dd2lkZ2V0TmFtZT1zcF9tdGZfYnJvd3Nl%26psc%3D1,https://m.media-amazon.com/images/I/61XT0TmtFJL._AC_SL1500_.jpg
107,Samsung,Samsung Galaxy Z Fold 5,Phantom Black,Amazon,256,12GB,,,4400,"65,450.00",https://www.amazon.eg/-/en/sspa/click?ie=UTF8&spc=MTo2NDA1NDUyMDA5ODM3MTA2OjE3MTMyMzk3NTU6c3BfbXRmX2Jyb3dzZTozMDAxNTM2Njc3MzQ4MzI6OjA6Og&url=%2FSamsung-Galaxy-Android-Smartphone-Phantom%2Fdp%2FB0CC9VZDVS%2Fref%3Dsr_1_80_sspa%3Fdib%3DeyJ2IjoiMSJ9.cATKxR_dnnQi8d2hloZRyYnrAec9PMC-ftuK5s40t4lMXd5VbQScSSLNJtJbDLoRr3SUGREj9waG710dIqCc6GjhTIGZx17njrB4oLcA0NfV9aYH0v54O2QVF7fRgtVo1YGsPG_SuBVnVziQSQHHVLuocQ0I8Aqp9ZNrSgs6uEkR6wlRwmTViZxpqF6mzY6S6GE4c17CD6n1GzcqKz8ZN2Zeujtn1hiipQFhtI47jbAtZq2NNW7l0pqtS_A9jshN.83Ys00qXDXpIM_B0zUSuspRh3hpOjTYWWNfokKIsvNg%26dib_tag%3Dse%26qid%3D1713239755%26s%3Delectronics%26sr%3D1-80-spons%26sp_csd%3Dd2lkZ2V0TmFtZT1zcF9tdGZfYnJvd3Nl%26psc%3D1,https://m.media-amazon.com/images/I/7102NAlM6FL._AC_SL1500_.jpg
108,SAMSUNG,Galaxy S24+,Onyx Black,Amazon,256,Faster,,,,"50,399.00",https://www.amazon.eg/-/en/SAMSUNG-Android-Smartphone-Storage-Display/dp/B0CQZ26R23,https://m.media-amazon.com/images/I/61wfSxvntTL._AC_SL1500_.jpg
109,egyptian saudi insurance house,1 Year Extended Warranty Plan,red,Amazon,,,,,,107,https://www.amazon.eg/-/en/Extended-Household-Appliance-Equipment-EGP1999-99/dp/B09TTMCXSY,https://m.media-amazon.com/images/I/61MwxYWACNL._AC_SL1500_.jpg
110,Samsung,Samsung Galaxy A34,multi,Amazon,128,8gb,,,,67,https://www.amazon.eg/-/en/Samsung-galaxy-mobile-android-awesome/dp/B0BXNW9F51,https://m.media-amazon.com/images/I/71mHgTssjAL._AC_SL1500_.jpg
111,Xiaomi,redmi a3,Midnight Black Global ROM,Amazon,64,,,,,"4,995.00",https://www.amazon.eg/-/en/Xiaomi-Redmi-A3-Unlocked-Midnight/dp/B0CW7X2SBH,https://m.media-amazon.com/images/I/712EPllHDiL._AC_SL1500_.jpg
112,Itel,it2160Blue,Blue,Amazon,32,,,,,567,https://www.amazon.eg/-/en/iTel-it2160-1-77-inch-Dual-Mobile-Phone/dp/B091P12MVF,https://m.media-amazon.com/images/I/51fT5JS88FL._AC_SL1500_.jpg
113,OPPO,Oppo Reno 10,silver,Amazon,256,8GB,,,,"15,950.00",https://www.amazon.eg/-/en/Storage-Mobile-4600mAh-Battery-6-7-Inch/dp/B0CBKL7X78,https://m.media-amazon.com/images/I/61MKU03F5-L._AC_SL1280_.jpg
114,Samsung,Galaxy-A04,bronze,Amazon,64,4GB,,,,"5,125.00",https://www.amazon.eg/-/en/SAMSUNG-Galaxy-Smartphone-Storage-Copper/dp/B0BN4RQKN3,https://m.media-amazon.com/images/I/81i6m64KmUL._AC_SL1500_.jpg
115,Generic,HOPE K19 4 SIM CARDS PHONE,Black,Amazon,2.12,,,,,"1,900.00",https://www.amazon.eg/-/en/Mobile-Phone-1-22000mAh-Light-Black/dp/B0CV4F7SBP,https://m.media-amazon.com/images/I/417BOAjSsrL._AC_.jpg
116,SAMSUNG,Samsung SM,White,Amazon,16,,,,,795,https://www.amazon.eg/-/en/Samsung-SM-B310E-Dual-Sim-White/dp/B07MTQ7K5T,https://m.media-amazon.com/images/I/51zTHAWglxL._AC_SL1500_.jpg
117,Nokia,Nokia 105,Blue,Amazon,512,,,,,538,https://www.amazon.eg/-/en/Nokia-105-2017-4Mb-Blue-Single/dp/B092DZV5D7,https://m.media-amazon.com/images/I/519zxFIaswL._AC_SL1500_.jpg
118,Nokia,110 Dual SIM,black,Amazon,32,,,,,999,https://www.amazon.eg/-/en/Nokia-110-Dual-SIM-Black/dp/B07ZG5DQHV,https://m.media-amazon.com/images/I/51mpTklF2lL._AC_SL1500_.jpg
119,Apple,iPhone 13 128GB Blue,blue,Amazon,128,,,,,100,https://www.amazon.eg/-/en/Apple-iPhone-13-FaceTime-128GB/dp/B09G9DZFQ7,https://m.media-amazon.com/images/I/71xb2xkN5qL._AC_SL1500_.jpg
120,Generic,1,Black,Amazon,15,,,,,464,https://www.amazon.eg/-/en/sspa/click?ie=UTF8&spc=MToyNjA1ODYwNDYzNDEyMTA2OjE3MTMyNDAyMzk6c3BfYXRmX2Jyb3dzZTozMDAxNTE4OTAwOTM3MzI6OjA6Og&url=%2FMobile-Phone-105-Black-Single%2Fdp%2FB0CY93TDL8%2Fref%3Dsr_1_97_sspa%3Fdib%3DeyJ2IjoiMSJ9.ItXgFvDx6DgGRDIL5O8XQ_fgziRGPqx5fVj7XykfWekLd-jVmKSxRjZGis9NdyOocGvCeAZWQGUiKR7JkQN6_4ailuYMbcDfNjRkUeEfQus.rnjaFKNdSM_P8u_fI0CMzL85_1CRNkp1cCfxu3LCYNg%26dib_tag%3Dse%26qid%3D1713240239%26s%3Delectronics%26sr%3D1-97-spons%26sp_csd%3Dd2lkZ2V0TmFtZT1zcF9hdGZfYnJvd3Nl%26psc%3D1,https://m.media-amazon.com/images/I/513up6tVw5L._AC_SL1500_.jpg
121,Generic,"105 EG Mobile TA-1459 DS Charcoal Black, Dual Sim",Black,Amazon,1.99,SIM,,,,679,https://www.amazon.eg/-/en/sspa/click?ie=UTF8&spc=MToyNjA1ODYwNDYzNDEyMTA2OjE3MTMyNDAyMzk6c3BfYXRmX2Jyb3dzZTozMDAxMzM1MzYwNTY1MzI6OjA6Og&url=%2FMobile-Phone-TA-1459-Charcoal-Ramadan%2Fdp%2FB0CV3GMYY5%2Fref%3Dsr_1_98_sspa%3Fdib%3DeyJ2IjoiMSJ9.ItXgFvDx6DgGRDIL5O8XQ_fgziRGPqx5fVj7XykfWekLd-jVmKSxRjZGis9NdyOocGvCeAZWQGUiKR7JkQN6_4ailuYMbcDfNjRkUeEfQus.rnjaFKNdSM_P8u_fI0CMzL85_1CRNkp1cCfxu3LCYNg%26dib_tag%3Dse%26qid%3D1713240239%26s%3Delectronics%26sr%3D1-98-spons%26sp_csd%3Dd2lkZ2V0TmFtZT1zcF9hdGZfYnJvd3Nl%26psc%3D1,https://m.media-amazon.com/images/I/41ZvwWEkBiL._AC_.jpg
122,Generic,1,White,Amazon,15,,,,,694,https://www.amazon.eg/-/en/sspa/click?ie=UTF8&spc=MToyNjA1ODYwNDYzNDEyMTA2OjE3MTMyNDAyMzk6c3BfYXRmX2Jyb3dzZTozMDAxNTE4OTAwOTMzMzI6OjA6Og&url=%2FDual-B310-2G-Mobile-Phone-White%2Fdp%2FB0CYDSRKKK%2Fref%3Dsr_1_99_sspa%3Fdib%3DeyJ2IjoiMSJ9.ItXgFvDx6DgGRDIL5O8XQ_fgziRGPqx5fVj7XykfWekLd-jVmKSxRjZGis9NdyOocGvCeAZWQGUiKR7JkQN6_4ailuYMbcDfNjRkUeEfQus.rnjaFKNdSM_P8u_fI0CMzL85_1CRNkp1cCfxu3LCYNg%26dib_tag%3Dse%26qid%3D1713240239%26s%3Delectronics%26sr%3D1-99-spons%26sp_csd%3Dd2lkZ2V0TmFtZT1zcF9hdGZfYnJvd3Nl%26psc%3D1,https://m.media-amazon.com/images/I/61j4wLZg8CL._AC_SL1280_.jpg
123,Nokia,Nokia C1,Blue,Amazon,16,1gb,,,,70,https://www.amazon.eg/-/en/Nokia-android-smartphone-memory-5-45/dp/B0B39NZDMB,https://m.media-amazon.com/images/I/81ejU1gSrxL._AC_SL1500_.jpg
124,Xiaomi,Note 12 Pro,red,Amazon,256,,,,,"13,858.00",https://www.amazon.eg/-/en/Xiaomi-Factory-Unlocked-Graphite-Bluetooth/dp/B0C2PVSFD1,https://m.media-amazon.com/images/I/61gX0uIFEUL._AC_SL1000_.jpg
125,Nokia,Nokia 105 4G,Black,Amazon,0.13,"Sim,",,,,"12,990.00",https://www.amazon.eg/-/en/Nokia-Feature-Long-Lasting-Features-Flashlight/dp/B09JWRPMRF,https://m.media-amazon.com/images/I/61Z-8i5UuDL._AC_SL1500_.jpg
126,Infinix,Infinix X6823,Crytal Violet,Amazon,4,2GB,,,,"4,299.00",https://www.amazon.eg/-/en/Infinix-Smart-Plus-Dual-Inches/dp/B0BSTKJLTL,https://m.media-amazon.com/images/I/51bcx39QRtL._AC_SL1280_.jpg
127,Xiaomi,13C,Midnight Black,Amazon,256,256Gb,,,18,"7,555.00",https://www.amazon.eg/-/en/Xiaomi-Redmi-13C-256Gb-Midnight/dp/B0CNRQRJKM,https://m.media-amazon.com/images/I/51y8rWnam6L._AC_.jpg
128,Xiaomi,,Carbon Grey,Amazon,64,4GB,,,,"6,999.00",https://www.amazon.eg/-/en/Xiaomi-Redmi-Smartphone-4GB-64GB/dp/B0B2X4FZ7K,https://m.media-amazon.com/images/I/514XzQB5hYL._AC_SL1200_.jpg
129,Generic,Nokia 3310 2017,Blue,Amazon,16,,,,,"1,099.00",https://www.amazon.eg/-/en/3310-Mobile-Phone-Dark-Blue/dp/B0CTBH9H45,https://m.media-amazon.com/images/I/41Wbu84zNlL._AC_.jpg
130,OPPO,A98 5G,Dreamy Blue,Amazon,256,8GB,,,,"9,950.00",https://www.amazon.eg/-/en/OPPO-A98-Dual-256GB-Inches/dp/B0C628DTWF,https://m.media-amazon.com/images/I/71thuZr8OJL._AC_SL1500_.jpg
131,Itel,A70,Azure Blue,Amazon,256,12GB,,,,"5,555.00",https://www.amazon.eg/-/en/5000mAh-Charging-Fingerprint-Octa-Core-Processor/dp/B0CQ81YJ6R,https://m.media-amazon.com/images/I/61FVjhemmLL._AC_SL1500_.jpg
132,Nokia,Nokia,blue,Amazon,64,,,,,"4,444.00",https://www.amazon.eg/-/en/Nokia-smartphone-display-battery-security/dp/B0BJBZFTZ8,https://m.media-amazon.com/images/I/81s7aHLo2JL._AC_SL1500_.jpg
133,Apple,iPhone 13,blue,Amazon,128,4GB,,,,"37,999.00",https://www.amazon.eg/-/en/Apple-iPhone-FaceTime-SIM-International/dp/B09G9LHDV9,https://m.media-amazon.com/images/I/61RCRdEvQlL._AC_SL1500_.jpg
134,ACE,286782427,Blue,Amazon,2,2G,,,,"2,599.00",https://www.amazon.eg/-/en/ACE-BUZZ3-Dual-Smartphone-Blue/dp/B0CCSWXYDN,https://m.media-amazon.com/images/I/71HFZwlFZHL._AC_SL1500_.jpg
135,Generic,Nokia 110 Dual SIM Mobile,Black,Amazon,,(&&,,,,553,https://www.amazon.eg/-/en/sspa/click?ie=UTF8&spc=MToyNjA1ODYwNDYzNDEyMTA2OjE3MTMyNDAyMzk6c3BfbXRmX2Jyb3dzZTozMDAxMDc3NjEzMzY5MzI6OjA6Og&url=%2FMobile-Phone-Black-Ramadan-Kareem%2Fdp%2FB0CQ3PG5WJ%2Fref%3Dsr_1_102_sspa%3Fdib%3DeyJ2IjoiMSJ9.yRNxKndLktqb41_oBoIVcVFlmm186SLU6NE2DldiAhvlyAqjm_-gdC65OQILvgtsFUKeaQxVR_XtCxnCleTlmONdExeR3-o-Ou6jmCzDOOcAIxHeXjdsCxIuQqHwauEnHfWyeZZ7Voxn-iEfs0YL9bVtk_wTUP-OkuyjPApZNN5muFUDaVFHRYM-d0heHJ_TQSHkau9T6zOMq82LQKSBoUHpfIX8cr7pb26wtbE-N8yOB6_kQRso2J7e2fJi6Vb0.ifBlTk0yPiefh7pRNRkqtKt3UE3oe5sD-nrvAbkEN1E%26dib_tag%3Dse%26qid%3D1713240239%26s%3Delectronics%26sr%3D1-102-spons%26sp_csd%3Dd2lkZ2V0TmFtZT1zcF9tdGZfYnJvd3Nl%26psc%3D1,https://m.media-amazon.com/images/I/41g7zULUMlL._AC_.jpg
136,Generic,105,Black,Amazon,1,,,,,535,https://www.amazon.eg/-/en/sspa/click?ie=UTF8&spc=MToyNjA1ODYwNDYzNDEyMTA2OjE3MTMyNDAyMzk6c3BfbXRmX2Jyb3dzZTozMDAxMzI1NTIzMTQ3MzI6OjA6Og&url=%2FMobile-105-Phone-105-Black-Dual-SIM%2Fdp%2FB0CV9TRH4W%2Fref%3Dsr_1_103_sspa%3Fdib%3DeyJ2IjoiMSJ9.yRNxKndLktqb41_oBoIVcVFlmm186SLU6NE2DldiAhvlyAqjm_-gdC65OQILvgtsFUKeaQxVR_XtCxnCleTlmONdExeR3-o-Ou6jmCzDOOcAIxHeXjdsCxIuQqHwauEnHfWyeZZ7Voxn-iEfs0YL9bVtk_wTUP-OkuyjPApZNN5muFUDaVFHRYM-d0heHJ_TQSHkau9T6zOMq82LQKSBoUHpfIX8cr7pb26wtbE-N8yOB6_kQRso2J7e2fJi6Vb0.ifBlTk0yPiefh7pRNRkqtKt3UE3oe5sD-nrvAbkEN1E%26dib_tag%3Dse%26qid%3D1713240239%26s%3Delectronics%26sr%3D1-103-spons%26sp_csd%3Dd2lkZ2V0TmFtZT1zcF9tdGZfYnJvd3Nl%26psc%3D1,https://m.media-amazon.com/images/I/61XT0TmtFJL._AC_SL1500_.jpg
137,Samsung,Samsung Galaxy Z Fold 5,Phantom Black,Amazon,256,12GB,,,4400,"65,450.00",https://www.amazon.eg/-/en/sspa/click?ie=UTF8&spc=MToyNjA1ODYwNDYzNDEyMTA2OjE3MTMyNDAyMzk6c3BfbXRmX2Jyb3dzZTozMDAxNTM2Njc3MzQ4MzI6OjA6Og&url=%2FSamsung-Galaxy-Android-Smartphone-Phantom%2Fdp%2FB0CC9VZDVS%2Fref%3Dsr_1_104_sspa%3Fdib%3DeyJ2IjoiMSJ9.yRNxKndLktqb41_oBoIVcVFlmm186SLU6NE2DldiAhvlyAqjm_-gdC65OQILvgtsFUKeaQxVR_XtCxnCleTlmONdExeR3-o-Ou6jmCzDOOcAIxHeXjdsCxIuQqHwauEnHfWyeZZ7Voxn-iEfs0YL9bVtk_wTUP-OkuyjPApZNN5muFUDaVFHRYM-d0heHJ_TQSHkau9T6zOMq82LQKSBoUHpfIX8cr7pb26wtbE-N8yOB6_kQRso2J7e2fJi6Vb0.ifBlTk0yPiefh7pRNRkqtKt3UE3oe5sD-nrvAbkEN1E%26dib_tag%3Dse%26qid%3D1713240239%26s%3Delectronics%26sr%3D1-104-spons%26sp_csd%3Dd2lkZ2V0TmFtZT1zcF9tdGZfYnJvd3Nl%26psc%3D1,https://m.media-amazon.com/images/I/7102NAlM6FL._AC_SL1500_.jpg
138,realme,Realme 10,black,Amazon,128,8GB,,,,"9,395.00",https://www.amazon.eg/-/en/Realme-256GB-Black-Bluetooth-Wi-Fi/dp/B0BSCDPVS2,https://m.media-amazon.com/images/I/71t5U8h4hpL._AC_SL1500_.jpg
139,Aode,G30,Black,Amazon,32,,,,,559,https://www.amazon.eg/-/en/Girasole-G30-2-4-inch-Dual-Mobile-Phone/dp/B0CPWDQ5VJ,https://m.media-amazon.com/images/I/51+OgQFon7L._AC_SL1280_.jpg
140,OPPO,find x5,Black,Amazon,256,8GB,,,,"19,600.00",https://www.amazon.eg/-/en/OPPO-Find-Dual-256GB-Inches/dp/B0BZ87WNYF,https://m.media-amazon.com/images/I/71FxWNDpVEL._AC_SL1500_.jpg
141,Xiaomi,POCO X6 5G,Black,Amazon,256,12GB,,,,"17,999.00",https://www.amazon.eg/-/en/Xiaomi-POCO-X6-Black-256GB/dp/B0CPXX34K2,https://m.media-amazon.com/images/I/51tcseJjs8L._AC_SL1000_.jpg
142,Apple,iPhone 14,Midnight,Amazon,128,,,,,290,https://www.amazon.eg/-/en/Apple-iPhone-14-128-Bluetooth/dp/B0BDJ56TNF,https://m.media-amazon.com/images/I/51sFkTjuc3L._AC_SL1500_.jpg
143,OPPO,Oppo A17,black,Amazon,64,4Gb,,,,"5,123.00",https://www.amazon.eg/-/en/Smartphone-5000Mah-Lasting-Battery-Fingerprint/dp/B082GMR7VS,https://m.media-amazon.com/images/I/61hyTZi++eL._AC_SL1500_.jpg
144,Apple,Iphone 13,white,Amazon,128,4GB,,,,"37,999.00",https://www.amazon.eg/-/en/Apple-iPhone-FaceTime-SIM-International/dp/B09G983YFX,https://m.media-amazon.com/images/I/71GLMJ7TQiL._AC_SL1500_.jpg
145,OPPO,Reno10 CPH2531 Silvery Grey AE,Silvery Grey,Amazon,256,,,,,"19,999.00",https://www.amazon.eg/-/en/OPPO-Reno10-Silvery-Grey-extended/dp/B0CBQ1Q6TP,https://m.media-amazon.com/images/I/8164n7bBeSL._AC_SL1500_.jpg
146,realme,6.9414E+12,اخضر,Amazon,32,2GB,,,,"3,999.00",https://www.amazon.eg/-/en/Realme-C30-2GB-RAM-32GB/dp/B0BTTTTF7M,https://m.media-amazon.com/images/I/51zZkYz2wIL._AC_SL1000_.jpg
147,realme,Realme C21Y,black,Amazon,32,,,,,"4,199.00",https://www.amazon.eg/-/en/realme-C21Y-Black-Bluetooth-Wi-Fi/dp/B0BHFHYP51,https://m.media-amazon.com/images/I/61oeBzCKHSL._AC_SL1500_.jpg
148,Vivo,Y02s,Blue,Amazon,32,3GB,,,5,"4,199.00",https://www.amazon.eg/-/en/Vivo-Y02s-Dual-SIM-32GB/dp/B0B9C3CZJ5,https://m.media-amazon.com/images/I/51USF-7Z-xL._AC_SL1000_.jpg
149,SAMSUNG,Galaxy M33,Brown,Amazon,128,8GB,,,,"10,500.00",https://www.amazon.eg/-/en/Samsung-Galaxy-128GB-Storage-Brown/dp/B09V1LJD67,https://m.media-amazon.com/images/I/71rc4wx5L5L._AC_SL1500_.jpg
0,Generic,"105 EG Mobile TA-1459 DS Charcoal Black, Dual Sim",Black,Amazon,1.99,SIM,,,,679,https://www.amazon.eg/-/en/sspa/click?ie=UTF8&spc=MTo0MTAyNjg5MjgzMTgwMTA2OjE3MTMyMzgyOTE6c3BfYXRmX2Jyb3dzZTozMDAxMzM1MzYwNTY1MzI6OjA6Og&url=%2FMobile-Phone-TA-1459-Charcoal-Ramadan%2Fdp%2FB0CV3GMYY5%2Fref%3Dsr_1_1_sspa%3Fdib%3DeyJ2IjoiMSJ9.DUgnSqAGmobQ6tHFYzqJOemqOGGwYOhhJ7ada4AUda7pGL8cRLpwzJMIFVlYq5EqwKPGeplp2xTmM6ZVEJoJjkyASEscR1FMSQzl7hWEzAZ7rcGxriC8fatHnQ4IPuZ3BHqZ7kV62bFBDsilH9vYBlCNoW3S27BwAoy02tc1m2Ki5UlkTFq3PqgJYNdtrOrFDMjdW22cNoMcsSdVPJUowvJ40xkIl_tfsbRZRyKCaoOeaHEQZ6IcsG6JLmBtvlSqakwj5QEzmIzakrHEGAzO4KlFKX8Tgy_8pRANh0Gwcmo.4ADE55Oi_48XCwSHs34JmtGaHGvPgO04Btilhb1eZo4%26dib_tag%3Dse%26qid%3D1713238291%26s%3Delectronics%26sr%3D1-1-spons%26sp_csd%3Dd2lkZ2V0TmFtZT1zcF9hdGZfYnJvd3Nl%26psc%3D1,https://m.media-amazon.com/images/I/41ZvwWEkBiL._AC_.jpg
1,Generic,1,Black,Amazon,15,,,,,464,https://www.amazon.eg/-/en/sspa/click?ie=UTF8&spc=MTo0MTAyNjg5MjgzMTgwMTA2OjE3MTMyMzgyOTE6c3BfYXRmX2Jyb3dzZTozMDAxNTE4OTAwOTM3MzI6OjA6Og&url=%2FMobile-Phone-105-Black-Single%2Fdp%2FB0CY93TDL8%2Fref%3Dsr_1_2_sspa%3Fdib%3DeyJ2IjoiMSJ9.DUgnSqAGmobQ6tHFYzqJOemqOGGwYOhhJ7ada4AUda7pGL8cRLpwzJMIFVlYq5EqwKPGeplp2xTmM6ZVEJoJjkyASEscR1FMSQzl7hWEzAZ7rcGxriC8fatHnQ4IPuZ3BHqZ7kV62bFBDsilH9vYBlCNoW3S27BwAoy02tc1m2Ki5UlkTFq3PqgJYNdtrOrFDMjdW22cNoMcsSdVPJUowvJ40xkIl_tfsbRZRyKCaoOeaHEQZ6IcsG6JLmBtvlSqakwj5QEzmIzakrHEGAzO4KlFKX8Tgy_8pRANh0Gwcmo.4ADE55Oi_48XCwSHs34JmtGaHGvPgO04Btilhb1eZo4%26dib_tag%3Dse%26qid%3D1713238291%26s%3Delectronics%26sr%3D1-2-spons%26sp_csd%3Dd2lkZ2V0TmFtZT1zcF9hdGZfYnJvd3Nl%26psc%3D1,https://m.media-amazon.com/images/I/513up6tVw5L._AC_SL1500_.jpg
2,Generic,Nokia 110 Dual SIM Mobile,Black,Amazon,,(&&,,,,553,https://www.amazon.eg/-/en/sspa/click?ie=UTF8&spc=MTo0MTAyNjg5MjgzMTgwMTA2OjE3MTMyMzgyOTE6c3BfYXRmX2Jyb3dzZTozMDAxMDc3NjEzMzY5MzI6OjA6Og&url=%2FMobile-Phone-Black-Ramadan-Kareem%2Fdp%2FB0CQ3PG5WJ%2Fref%3Dsr_1_3_sspa%3Fdib%3DeyJ2IjoiMSJ9.DUgnSqAGmobQ6tHFYzqJOemqOGGwYOhhJ7ada4AUda7pGL8cRLpwzJMIFVlYq5EqwKPGeplp2xTmM6ZVEJoJjkyASEscR1FMSQzl7hWEzAZ7rcGxriC8fatHnQ4IPuZ3BHqZ7kV62bFBDsilH9vYBlCNoW3S27BwAoy02tc1m2Ki5UlkTFq3PqgJYNdtrOrFDMjdW22cNoMcsSdVPJUowvJ40xkIl_tfsbRZRyKCaoOeaHEQZ6IcsG6JLmBtvlSqakwj5QEzmIzakrHEGAzO4KlFKX8Tgy_8pRANh0Gwcmo.4ADE55Oi_48XCwSHs34JmtGaHGvPgO04Btilhb1eZo4%26dib_tag%3Dse%26qid%3D1713238291%26s%3Delectronics%26sr%3D1-3-spons%26sp_csd%3Dd2lkZ2V0TmFtZT1zcF9hdGZfYnJvd3Nl%26psc%3D1,https://m.media-amazon.com/images/I/41g7zULUMlL._AC_.jpg
3,Nokia,G21,Blue,Amazon,128,4GB,,,,"3,999.00",https://www.amazon.eg/-/en/Nokia-G21-Dual-128GB-Inches/dp/B0B39LMDKP,https://m.media-amazon.com/images/I/71AQ3qEZ-VL._AC_SL1500_.jpg
4,,,,Amazon,,8GB,,,5000,"15,444.00",https://www.amazon.eg/-/en/Samsung-Galaxy-Dual-128GB-Inches/dp/B0BXNW1KFB,https://m.media-amazon.com/images/I/71xU8w3fHJL._AC_SL1500_.jpg
5,SAMSUNG,Samsung Galaxy A05s,Black,Amazon,128,4GB,,,,"5,600.00",https://www.amazon.eg/-/en/Samsung-Galaxy-Android-Smartphone-Storage/dp/B0CP45G7C5,https://m.media-amazon.com/images/I/61jBR+KUEDL._AC_SL1500_.jpg
6,Samsung,Galaxy A54,Awesome Graphite,Amazon,256,8GB,,,5000,"16,840.00",https://www.amazon.eg/-/en/Samsung-Galaxy-A54-Graphite-Warranty/dp/B0BXP126BQ,https://m.media-amazon.com/images/I/71xU8w3fHJL._AC_SL1500_.jpg
7,Samsung,Samsung Galaxy A54,chartreuse,Amazon,256,8GB,,,5000,"17,415.00",https://www.amazon.eg/-/en/Samsung-Galaxy-Dual-256GB-Inches/dp/B0BXNWQZZB,https://m.media-amazon.com/images/I/716FwKy9FlL._AC_SL1500_.jpg
8,SAMSUNG,Samsung Galaxy A05s,Black,Amazon,128,6GB,,,,"6,499.00",https://www.amazon.eg/-/en/Samsung-Galaxy-Android-Smartphone-Storage/dp/B0CP45ZGRK,https://m.media-amazon.com/images/I/61jBR+KUEDL._AC_SL1500_.jpg
9,,,,Amazon,,8GB,,,5000,"15,444.00",https://www.amazon.eg/-/en/Samsung-Galaxy-A54-Android-Awesome/dp/B0BXNW1SP4,https://m.media-amazon.com/images/I/51kQgMblg9L._AC_.jpg
10,SAMSUNG,Galaxy S24 Ultra,Titanium Black,Amazon,256,12GB,,,,"1,200.00",https://www.amazon.eg/-/en/SAMSUNG-Android-Smartphone-Storage-Battery/dp/B0CQZ22Q7L,https://m.media-amazon.com/images/I/719HV2e6-sL._AC_SL1500_.jpg
11,Itel,A58 Pro,multi,Amazon,32,2GB,,,,"3,725.00",https://www.amazon.eg/-/en/Itel-A58-32GB-6-66-Inches/dp/B09TVT8ZL8,https://m.media-amazon.com/images/I/41-h5jK4PlL._AC_SL1000_.jpg
12,Generic,1,White,Amazon,15,,,,,694,https://www.amazon.eg/-/en/sspa/click?ie=UTF8&spc=MTo0MTAyNjg5MjgzMTgwMTA2OjE3MTMyMzgyOTE6c3BfbXRmX2Jyb3dzZTozMDAxNTE4OTAwOTMzMzI6OjA6Og&url=%2FDual-B310-2G-Mobile-Phone-White%2Fdp%2FB0CYDSRKKK%2Fref%3Dsr_1_13_sspa%3Fdib%3DeyJ2IjoiMSJ9.DUgnSqAGmobQ6tHFYzqJOemqOGGwYOhhJ7ada4AUda7pGL8cRLpwzJMIFVlYq5EqwKPGeplp2xTmM6ZVEJoJjkyASEscR1FMSQzl7hWEzAZ7rcGxriC8fatHnQ4IPuZ3BHqZ7kV62bFBDsilH9vYBlCNoW3S27BwAoy02tc1m2Ki5UlkTFq3PqgJYNdtrOrFDMjdW22cNoMcsSdVPJUowvJ40xkIl_tfsbRZRyKCaoOeaHEQZ6IcsG6JLmBtvlSqakwj5QEzmIzakrHEGAzO4KlFKX8Tgy_8pRANh0Gwcmo.4ADE55Oi_48XCwSHs34JmtGaHGvPgO04Btilhb1eZo4%26dib_tag%3Dse%26qid%3D1713238291%26s%3Delectronics%26sr%3D1-13-spons%26sp_csd%3Dd2lkZ2V0TmFtZT1zcF9tdGZfYnJvd3Nl%26psc%3D1,https://m.media-amazon.com/images/I/61j4wLZg8CL._AC_SL1280_.jpg
13,Generic,105,Black,Amazon,1,,,,,535,https://www.amazon.eg/-/en/sspa/click?ie=UTF8&spc=MTo0MTAyNjg5MjgzMTgwMTA2OjE3MTMyMzgyOTE6c3BfbXRmX2Jyb3dzZTozMDAxMzI1NTIzMTQ3MzI6OjA6Og&url=%2FMobile-105-Phone-105-Black-Dual-SIM%2Fdp%2FB0CV9TRH4W%2Fref%3Dsr_1_14_sspa%3Fdib%3DeyJ2IjoiMSJ9.DUgnSqAGmobQ6tHFYzqJOemqOGGwYOhhJ7ada4AUda7pGL8cRLpwzJMIFVlYq5EqwKPGeplp2xTmM6ZVEJoJjkyASEscR1FMSQzl7hWEzAZ7rcGxriC8fatHnQ4IPuZ3BHqZ7kV62bFBDsilH9vYBlCNoW3S27BwAoy02tc1m2Ki5UlkTFq3PqgJYNdtrOrFDMjdW22cNoMcsSdVPJUowvJ40xkIl_tfsbRZRyKCaoOeaHEQZ6IcsG6JLmBtvlSqakwj5QEzmIzakrHEGAzO4KlFKX8Tgy_8pRANh0Gwcmo.4ADE55Oi_48XCwSHs34JmtGaHGvPgO04Btilhb1eZo4%26dib_tag%3Dse%26qid%3D1713238291%26s%3Delectronics%26sr%3D1-14-spons%26sp_csd%3Dd2lkZ2V0TmFtZT1zcF9tdGZfYnJvd3Nl%26psc%3D1,https://m.media-amazon.com/images/I/61XT0TmtFJL._AC_SL1500_.jpg
14,Samsung,Samsung Galaxy Z Fold 5,Phantom Black,Amazon,256,12GB,,,4400,"65,450.00",https://www.amazon.eg/-/en/sspa/click?ie=UTF8&spc=MTo0MTAyNjg5MjgzMTgwMTA2OjE3MTMyMzgyOTE6c3BfbXRmX2Jyb3dzZTozMDAxNTM2Njc3MzQ4MzI6OjA6Og&url=%2FSamsung-Galaxy-Android-Smartphone-Phantom%2Fdp%2FB0CC9VZDVS%2Fref%3Dsr_1_15_sspa%3Fdib%3DeyJ2IjoiMSJ9.DUgnSqAGmobQ6tHFYzqJOemqOGGwYOhhJ7ada4AUda7pGL8cRLpwzJMIFVlYq5EqwKPGeplp2xTmM6ZVEJoJjkyASEscR1FMSQzl7hWEzAZ7rcGxriC8fatHnQ4IPuZ3BHqZ7kV62bFBDsilH9vYBlCNoW3S27BwAoy02tc1m2Ki5UlkTFq3PqgJYNdtrOrFDMjdW22cNoMcsSdVPJUowvJ40xkIl_tfsbRZRyKCaoOeaHEQZ6IcsG6JLmBtvlSqakwj5QEzmIzakrHEGAzO4KlFKX8Tgy_8pRANh0Gwcmo.4ADE55Oi_48XCwSHs34JmtGaHGvPgO04Btilhb1eZo4%26dib_tag%3Dse%26qid%3D1713238291%26s%3Delectronics%26sr%3D1-15-spons%26sp_csd%3Dd2lkZ2V0TmFtZT1zcF9tdGZfYnJvd3Nl%26psc%3D1,https://m.media-amazon.com/images/I/7102NAlM6FL._AC_SL1500_.jpg
15,SAMSUNG,Samsung Galaxy A05 LTE,Black,Amazon,64,4GB,,,,"4,999.00",https://www.amazon.eg/-/en/Samsung-Galaxy-Android-Smartphone-Storage/dp/B0CP45WBMP,https://m.media-amazon.com/images/I/71dYQdmhwFL._AC_SL1500_.jpg
16,SAMSUNG,Samsung Galaxy A25 5G,Light Blue,Amazon,256,8GB,,,,"10,999.00",https://www.amazon.eg/-/en/Samsung-Galaxy-Android-Smartphone-Storage/dp/B0CQ5BYHWY,https://m.media-amazon.com/images/I/614qsXB-XUL._AC_SL1500_.jpg
17,Samsung,Galaxy-A15,Black,Amazon,256,8GB,,,,"8,985.00",https://www.amazon.eg/-/en/Samsung-Galaxy-Dual-256GGB-Inches/dp/B0CQJZ76X9,https://m.media-amazon.com/images/I/514nSB8S9pL._AC_SL1000_.jpg
18,Samsung,Samsung Galaxy A15,Light Blue,Amazon,128,6GB,,,,"7,325.00",https://www.amazon.eg/-/en/Samsung-Galaxy-Dual-128GB-Inches/dp/B0CQ5CZ346,https://m.media-amazon.com/images/I/61cl1NEIrdL._AC_SL1500_.jpg
19,realme,realme 11 5g,Glory Black,Amazon,8,8GB,,,,"10,180.00",https://www.amazon.eg/-/en/Realme-Dual-SIM-256GB-Glory-Black/dp/B0CGJ3N268,https://m.media-amazon.com/images/I/71VVj2qIIgL._AC_SL1500_.jpg
20,realme,Realme C53,Champion Gold,Amazon,8,GB,,,,"6,999.00",https://www.amazon.eg/-/en/Realme-Dual-SIM-256GB-Champion-Gold/dp/B0CNLRD3SY,https://m.media-amazon.com/images/I/81ZZ+2aDSXL._AC_SL1500_.jpg
21,SAMSUNG,Galaxy-A05,Black,Amazon,128,6GB,,,5000,"5,899.00",https://www.amazon.eg/-/en/Samsung-Galaxy-Android-Smartphone-Storage/dp/B0CR6BZHYC,https://m.media-amazon.com/images/I/61xn0PNMjIL._AC_SL1485_.jpg
22,Samsung,Samsung Galaxy A15,Black,Amazon,128,6GB,,,,50,https://www.amazon.eg/-/en/Samsung-Galaxy-Dual-128GB-Inches/dp/B0CQ5BMBGN,https://m.media-amazon.com/images/I/61isHdQ+TDL._AC_SL1500_.jpg
23,realme,Realme C53,Champion Gold,Amazon,128,6GB,,,,"6,299.00",https://www.amazon.eg/-/en/Realme-Dual-SIM-128GB-Champion-Gold/dp/B0C5XJ2HRM,https://m.media-amazon.com/images/I/71uqxJZTm-L._AC_SL1500_.jpg
24,Xiaomi,MZB0E0IEU,Onyx Gray,Amazon,128,8GB,,,5000,"8,499.00",https://www.amazon.eg/-/en/Xiaomi-Redmi-Note-Dual-128GB/dp/B0BZJ2LLGL,https://m.media-amazon.com/images/I/51W1mldZtDL._AC_SL1500_.jpg
25,Nokia,NOKIA 105_DS_BLACK,Black,Amazon,0.03,,,,,475,https://www.amazon.eg/-/en/NOKIA-105-Dual-SIM-Black/dp/B07WXW8V4X,https://m.media-amazon.com/images/I/61LffJw7v4L._AC_SL1500_.jpg
26,Samsung,Samsung Galaxy A54,Awesome White,Amazon,128,8GB,,,5000,"15,444.00",https://www.amazon.eg/-/en/Samsung-Galaxy-A54-Android-Warranty/dp/B0BXNWHSM7,https://m.media-amazon.com/images/I/51ySQH9NhXL._AC_.jpg
27,Apple,Iphone 15,grey,Amazon,256,,,,,"75,000.00",https://www.amazon.eg/-/en/Apple-iPhone-Pro-Max-256/dp/B0CHXSKYN6,https://m.media-amazon.com/images/I/717trh2j6CL._AC_SL1500_.jpg
28,Xiaomi,Redmi Note 13,Green,Amazon,256,8GB,,,,"10,770.00",https://www.amazon.eg/-/en/Redmi-Note-Green-Storage-screen/dp/B0CQKDDCVK,https://m.media-amazon.com/images/I/51Q+-U8vAVL._AC_SL1200_.jpg
29,SAMSUNG,S23 Ultra,Phantom Black,Amazon,256,,,,,"44,980.00",https://www.amazon.eg/-/en/Samsung-Phantom-Smartphone-Manufacturer-Warranty/dp/B0BSLBMCB2,https://m.media-amazon.com/images/I/71iBKcLHXFL._AC_SL1500_.jpg
30,Generic,1,Black,Amazon,15,,,,,464,https://www.amazon.eg/-/en/sspa/click?ie=UTF8&spc=MToyMjE2OTYwNzA4NTMxMTA2OjE3MTMyMzg3NzQ6c3BfYXRmX2Jyb3dzZTozMDAxNTE4OTAwOTM3MzI6OjA6Og&url=%2FMobile-Phone-105-Black-Single%2Fdp%2FB0CY93TDL8%2Fref%3Dsr_1_25_sspa%3Fdib%3DeyJ2IjoiMSJ9.NibK6Xfjo9g1MColQhQkpRB_eOfI0bQO9cLPsmbOF-XF0qPiYfgYYIatHeBtc1w79J-BF6rm_WIQkTFw-xjQ97VItDcTmnN-KYgnb90hLD0FoT0E8Qt_iiKA0xHogaGV6ct_UJOsaD830p4Awn5eBoFHKIoVppuiF5ZzaWnzTLXN5ASRh1TrUL99oSPg7kDM2fJnVW20YKKAScYlai6HDQvY7sZJtMoULTuRCCQ_pmaxEuH7GJBdzTorgjSilDw_FP7oXdukGTDhlvsy4DS-IBZSkemwPxrYQsp_z4JDZOg.uFPIIppq81VE6yTFFKuIWPerOPY9M-JbdA4nkESi1p8%26dib_tag%3Dse%26qid%3D1713238774%26s%3Delectronics%26sr%3D1-25-spons%26sp_csd%3Dd2lkZ2V0TmFtZT1zcF9hdGZfYnJvd3Nl%26psc%3D1,https://m.media-amazon.com/images/I/513up6tVw5L._AC_SL1500_.jpg
31,Generic,"105 EG Mobile TA-1459 DS Charcoal Black, Dual Sim",Black,Amazon,1.99,SIM,,,,679,https://www.amazon.eg/-/en/sspa/click?ie=UTF8&spc=MToyMjE2OTYwNzA4NTMxMTA2OjE3MTMyMzg3NzQ6c3BfYXRmX2Jyb3dzZTozMDAxMzM1MzYwNTY1MzI6OjA6Og&url=%2FMobile-Phone-TA-1459-Charcoal-Ramadan%2Fdp%2FB0CV3GMYY5%2Fref%3Dsr_1_26_sspa%3Fdib%3DeyJ2IjoiMSJ9.NibK6Xfjo9g1MColQhQkpRB_eOfI0bQO9cLPsmbOF-XF0qPiYfgYYIatHeBtc1w79J-BF6rm_WIQkTFw-xjQ97VItDcTmnN-KYgnb90hLD0FoT0E8Qt_iiKA0xHogaGV6ct_UJOsaD830p4Awn5eBoFHKIoVppuiF5ZzaWnzTLXN5ASRh1TrUL99oSPg7kDM2fJnVW20YKKAScYlai6HDQvY7sZJtMoULTuRCCQ_pmaxEuH7GJBdzTorgjSilDw_FP7oXdukGTDhlvsy4DS-IBZSkemwPxrYQsp_z4JDZOg.uFPIIppq81VE6yTFFKuIWPerOPY9M-JbdA4nkESi1p8%26dib_tag%3Dse%26qid%3D1713238774%26s%3Delectronics%26sr%3D1-26-spons%26sp_csd%3Dd2lkZ2V0TmFtZT1zcF9hdGZfYnJvd3Nl%26psc%3D1,https://m.media-amazon.com/images/I/41ZvwWEkBiL._AC_.jpg
32,Generic,1,White,Amazon,15,,,,,694,https://www.amazon.eg/-/en/sspa/click?ie=UTF8&spc=MToyMjE2OTYwNzA4NTMxMTA2OjE3MTMyMzg3NzQ6c3BfYXRmX2Jyb3dzZTozMDAxNTE4OTAwOTMzMzI6OjA6Og&url=%2FDual-B310-2G-Mobile-Phone-White%2Fdp%2FB0CYDSRKKK%2Fref%3Dsr_1_27_sspa%3Fdib%3DeyJ2IjoiMSJ9.NibK6Xfjo9g1MColQhQkpRB_eOfI0bQO9cLPsmbOF-XF0qPiYfgYYIatHeBtc1w79J-BF6rm_WIQkTFw-xjQ97VItDcTmnN-KYgnb90hLD0FoT0E8Qt_iiKA0xHogaGV6ct_UJOsaD830p4Awn5eBoFHKIoVppuiF5ZzaWnzTLXN5ASRh1TrUL99oSPg7kDM2fJnVW20YKKAScYlai6HDQvY7sZJtMoULTuRCCQ_pmaxEuH7GJBdzTorgjSilDw_FP7oXdukGTDhlvsy4DS-IBZSkemwPxrYQsp_z4JDZOg.uFPIIppq81VE6yTFFKuIWPerOPY9M-JbdA4nkESi1p8%26dib_tag%3Dse%26qid%3D1713238774%26s%3Delectronics%26sr%3D1-27-spons%26sp_csd%3Dd2lkZ2V0TmFtZT1zcF9hdGZfYnJvd3Nl%26psc%3D1,https://m.media-amazon.com/images/I/61j4wLZg8CL._AC_SL1280_.jpg
33,Samsung,Samsung Galaxy S23 FE,Graphite,Amazon,256,8GB,,,,"27,995.00",https://www.amazon.eg/-/en/Samsung-Galaxy-Android-Smartphone-256GB/dp/B0CJXPW2GD,https://m.media-amazon.com/images/I/61-E0V81kBL._AC_SL1500_.jpg
34,OPPO,Oppo Reno 8T,red,Amazon,256,8GB,,,,"11,350.00",https://www.amazon.eg/-/en/OPPO-Reno-Dual-256GB-Inches/dp/B0BVVR3NBM,https://m.media-amazon.com/images/I/61cIST+osWL._AC_SL1390_.jpg
35,OPPO,Oppo Reno 10,light blue,Amazon,256,8GB,,,,"15,950.00",https://www.amazon.eg/-/en/OPPO-Reno10-Dual-256GB-Inches/dp/B0CBKKYDXF,https://m.media-amazon.com/images/I/71F+uT0BRAL._AC_SL1500_.jpg
36,HONOR,Honor Pad,Space Gray,Amazon,128,4GB,,,7250,"8,999.00",https://www.amazon.eg/-/en/Honor-Inches-Space-128GB-Wi-Fi/dp/B0CCY9C8QX,https://m.media-amazon.com/images/I/61+JGgRUWpL._AC_SL1080_.jpg
37,Samsung,Galaxy-A15,Light Blue,Amazon,256,8GB,,,,"9,399.00",https://www.amazon.eg/-/en/Samsung-Galaxy-Dual-256GGB-Inches/dp/B0CQJYYWLH,https://m.media-amazon.com/images/I/51Cida8RecL._AC_SL1000_.jpg
38,Xiaomi,Redmi Note 13,Midnight Black,Amazon,256,8GB,,,,"10,770.00",https://www.amazon.eg/-/en/Redmi-Note-13-256GB-Inches/dp/B0CWRLJYGJ,https://m.media-amazon.com/images/I/51xTkm8N0fL._AC_SL1000_.jpg
39,Samsung,Samsung Galaxy A15,Light Blue,Amazon,128,4GB,,,,"6,750.00",https://www.amazon.eg/-/en/Samsung-Galaxy-Dual-128GB-Inches/dp/B0CQ59K8F9,https://m.media-amazon.com/images/I/61cl1NEIrdL._AC_SL1500_.jpg
40,OPPO,Oppo A78,green,Amazon,256,8GB,,,,"8,500.00",https://www.amazon.eg/-/en/OPPO-A78-256GB-Inches-4G/dp/B0CCRXSWNP,https://m.media-amazon.com/images/I/61tl7PNht9L._AC_SL1200_.jpg
41,Redmi,,Graphite Gray,Amazon,32,3GB,,,,"5,199.00",https://www.amazon.eg/-/en/Redmi-12C-Dual-SIM-32GB/dp/B0CG5W46NH,https://m.media-amazon.com/images/I/61Pjk+wUoeL._AC_SL1500_.jpg
42,realme,Realme C55,Black,Amazon,8,8GB,,,,"7,399.00",https://www.amazon.eg/-/en/Realme-256GB-Rainy-Night-Black/dp/B0BXQ2HNDC,https://m.media-amazon.com/images/I/71z0GCE5GsL._AC_SL1500_.jpg
43,Xiaomi,Redmi 13C,Midnight Black,Amazon,256,8GB,,,18,"7,199.00",https://www.amazon.eg/-/en/Xiaomi-Redmi-13C-256GB-Inches/dp/B0CT3N5CFC,https://m.media-amazon.com/images/I/51z+jOOKlJL._AC_SL1000_.jpg
44,egyptian saudi insurance house,1 Year Extended Warranty Plan,red,Amazon,,,,,,54,https://www.amazon.eg/-/en/Extended-Warranty-Audio-Video-products-EGP999-99/dp/B09TTPFCLW,https://m.media-amazon.com/images/I/61wDIlo+8+L._AC_SL1500_.jpg
45,Generic,Nokia 110 Dual SIM Mobile,Black,Amazon,,(&&,,,,553,https://www.amazon.eg/-/en/sspa/click?ie=UTF8&spc=MToyMjE2OTYwNzA4NTMxMTA2OjE3MTMyMzg3NzQ6c3BfbXRmX2Jyb3dzZTozMDAxMDc3NjEzMzY5MzI6OjA6Og&url=%2FMobile-Phone-Black-Ramadan-Kareem%2Fdp%2FB0CQ3PG5WJ%2Fref%3Dsr_1_40_sspa%3Fdib%3DeyJ2IjoiMSJ9.NibK6Xfjo9g1MColQhQkpRB_eOfI0bQO9cLPsmbOF-XF0qPiYfgYYIatHeBtc1w79J-BF6rm_WIQkTFw-xjQ97VItDcTmnN-KYgnb90hLD0FoT0E8Qt_iiKA0xHogaGV6ct_UJOsaD830p4Awn5eBoFHKIoVppuiF5ZzaWnzTLXN5ASRh1TrUL99oSPg7kDM2fJnVW20YKKAScYlai6HDQvY7sZJtMoULTuRCCQ_pmaxEuH7GJBdzTorgjSilDw_FP7oXdukGTDhlvsy4DS-IBZSkemwPxrYQsp_z4JDZOg.uFPIIppq81VE6yTFFKuIWPerOPY9M-JbdA4nkESi1p8%26dib_tag%3Dse%26qid%3D1713238774%26s%3Delectronics%26sr%3D1-40-spons%26sp_csd%3Dd2lkZ2V0TmFtZT1zcF9tdGZfYnJvd3Nl%26psc%3D1,https://m.media-amazon.com/images/I/41g7zULUMlL._AC_.jpg
46,Generic,105,Black,Amazon,1,,,,,535,https://www.amazon.eg/-/en/sspa/click?ie=UTF8&spc=MToyMjE2OTYwNzA4NTMxMTA2OjE3MTMyMzg3NzQ6c3BfbXRmX2Jyb3dzZTozMDAxMzI1NTIzMTQ3MzI6OjA6Og&url=%2FMobile-105-Phone-105-Black-Dual-SIM%2Fdp%2FB0CV9TRH4W%2Fref%3Dsr_1_41_sspa%3Fdib%3DeyJ2IjoiMSJ9.NibK6Xfjo9g1MColQhQkpRB_eOfI0bQO9cLPsmbOF-XF0qPiYfgYYIatHeBtc1w79J-BF6rm_WIQkTFw-xjQ97VItDcTmnN-KYgnb90hLD0FoT0E8Qt_iiKA0xHogaGV6ct_UJOsaD830p4Awn5eBoFHKIoVppuiF5ZzaWnzTLXN5ASRh1TrUL99oSPg7kDM2fJnVW20YKKAScYlai6HDQvY7sZJtMoULTuRCCQ_pmaxEuH7GJBdzTorgjSilDw_FP7oXdukGTDhlvsy4DS-IBZSkemwPxrYQsp_z4JDZOg.uFPIIppq81VE6yTFFKuIWPerOPY9M-JbdA4nkESi1p8%26dib_tag%3Dse%26qid%3D1713238774%26s%3Delectronics%26sr%3D1-41-spons%26sp_csd%3Dd2lkZ2V0TmFtZT1zcF9tdGZfYnJvd3Nl%26psc%3D1,https://m.media-amazon.com/images/I/61XT0TmtFJL._AC_SL1500_.jpg
47,Samsung,Samsung Galaxy Z Fold 5,Phantom Black,Amazon,256,12GB,,,4400,"65,450.00",https://www.amazon.eg/-/en/sspa/click?ie=UTF8&spc=MToyMjE2OTYwNzA4NTMxMTA2OjE3MTMyMzg3NzQ6c3BfbXRmX2Jyb3dzZTozMDAxNTM2Njc3MzQ4MzI6OjA6Og&url=%2FSamsung-Galaxy-Android-Smartphone-Phantom%2Fdp%2FB0CC9VZDVS%2Fref%3Dsr_1_42_sspa%3Fdib%3DeyJ2IjoiMSJ9.NibK6Xfjo9g1MColQhQkpRB_eOfI0bQO9cLPsmbOF-XF0qPiYfgYYIatHeBtc1w79J-BF6rm_WIQkTFw-xjQ97VItDcTmnN-KYgnb90hLD0FoT0E8Qt_iiKA0xHogaGV6ct_UJOsaD830p4Awn5eBoFHKIoVppuiF5ZzaWnzTLXN5ASRh1TrUL99oSPg7kDM2fJnVW20YKKAScYlai6HDQvY7sZJtMoULTuRCCQ_pmaxEuH7GJBdzTorgjSilDw_FP7oXdukGTDhlvsy4DS-IBZSkemwPxrYQsp_z4JDZOg.uFPIIppq81VE6yTFFKuIWPerOPY9M-JbdA4nkESi1p8%26dib_tag%3Dse%26qid%3D1713238774%26s%3Delectronics%26sr%3D1-42-spons%26sp_csd%3Dd2lkZ2V0TmFtZT1zcF9tdGZfYnJvd3Nl%26psc%3D1,https://m.media-amazon.com/images/I/7102NAlM6FL._AC_SL1500_.jpg
48,Redmi,Redmi 12 - Midnight Black,Sky Blue,Amazon,256,8GB,,,5000,"7,599.00",https://www.amazon.eg/-/en/Redmi-12-256GB-6-79-Inches/dp/B0CVND8111,https://m.media-amazon.com/images/I/5130q70SzrL._AC_SL1000_.jpg
49,realme,realme 12 pro+,Submarine Blue,Amazon,12,12GB,,,,250,https://www.amazon.eg/-/en/realme-Pro-Dual-12GB-512GB/dp/B0CTZW624P,https://m.media-amazon.com/images/I/81GvcYAFKbL._AC_SL1500_.jpg
50,SAMSUNG,Samsung Galaxy A25 5G,Black,Amazon,128,6GB,,,,"9,999.00",https://www.amazon.eg/-/en/Samsung-Galaxy-Android-Smartphone-Storage/dp/B0CQ5CQG31,https://m.media-amazon.com/images/I/61n8R-QRkUL._AC_SL1500_.jpg
51,realme,Realme C51,Carbon Black,Amazon,4,4GB,,,,"5,598.00",https://www.amazon.eg/-/en/Realme-Supper-Charger-Dynamic-Inches/dp/B0CHZ29FRV,https://m.media-amazon.com/images/I/51XS4DYEgQL._AC_SL1500_.jpg
52,OPPO,A58,black,Amazon,128,6GB,,,33,"6,850.00",https://www.amazon.eg/-/en/Oppo-A58-Dual-128GB-Black/dp/B0CDBP5HFB,https://m.media-amazon.com/images/I/81gpCfWufkL._AC_SL1500_.jpg
53,Egyptian Saudi Insurance House,1 Year Extended Warranty Plan,red,Amazon,,,,,,27,https://www.amazon.eg/-/en/Extended-Household-Appliance-Equipment-EGP499-99/dp/B09TTLKL6C,https://m.media-amazon.com/images/I/61eiunz3JaL._AC_SL1500_.jpg
54,Nokia,Nokia C10,Grey,Amazon,32,2gb,,,3000,"3,725.00",https://www.amazon.eg/-/en/Nokia-c10-dual-sim-32gb/dp/B0C1ZNGYJQ,https://m.media-amazon.com/images/I/71nZAbL5+BL._AC_SL1500_.jpg
55,realme,Realme C 55,Sunshower,Amazon,8,,,,,"7,399.00",https://www.amazon.eg/-/en/Realme-55-8G-256G-Sunshower/dp/B0BZWNNRSD,https://m.media-amazon.com/images/I/81tZSD6b3UL._AC_SL1500_.jpg
56,,,Cool Black,Amazon,,8GB,,,,12,https://www.amazon.eg/-/en/OPPO-Smartphone-Version-Fingerprint-Recognition/dp/B0C5N2V1C3,https://m.media-amazon.com/images/I/71JwRA-AUfL._AC_SL1500_.jpg
57,Xiaomi,Redmi 12 - Sky Blue,Sky Blue,Amazon,256,8GB,,,22,"7,680.00",https://www.amazon.eg/-/en/Redmi-Hybrid-Dual-256GB-Inches/dp/B0C9LTLSN2,https://m.media-amazon.com/images/I/51Pm+LJGR3L._AC_SL1000_.jpg
58,SAMSUNG,Galaxy S24 Ultra,Titanium Violet,Amazon,512,12GB,,,,"77,000.00",https://www.amazon.eg/-/en/SAMSUNG-Android-Smartphone-Storage-Battery/dp/B0CQZ1JYNY,https://m.media-amazon.com/images/I/71DMZEvfSVL._AC_SL1500_.jpg
59,OPPO,A38,black,Amazon,128,4GB,,,33,"6,390.00",https://www.amazon.eg/-/en/OPPO-SUPERVOOC-Waterdrop-Additional-Exchange/dp/B0CHDW6N8J,https://m.media-amazon.com/images/I/810mPWLr-SL._AC_SL1500_.jpg
60,Generic,1,Black,Amazon,15,,,,,464,https://www.amazon.eg/-/en/sspa/click?ie=UTF8&spc=MTo0MzI1MDA1MzYxMDAxMTA2OjE3MTMyMzkyMzQ6c3BfYXRmX2Jyb3dzZTozMDAxNTE4OTAwOTM3MzI6OjA6Og&url=%2FMobile-Phone-105-Black-Single%2Fdp%2FB0CY93TDL8%2Fref%3Dsr_1_49_sspa%3Fdib%3DeyJ2IjoiMSJ9.N9HfeN986yi177-03Tt9fZC579e0YYmjCznvtaBgIantz9NVnEXJ3vFhaAFcl-7ZL657l2DmFBZj56Lrv3ygu_62Zg8TxNiWcRnPeMPGsk4.DzaI4spm56_RcQ8ECI60KjSrJcikkCX-xzWR4f5LDgU%26dib_tag%3Dse%26qid%3D1713239234%26s%3Delectronics%26sr%3D1-49-spons%26sp_csd%3Dd2lkZ2V0TmFtZT1zcF9hdGZfYnJvd3Nl%26psc%3D1,https://m.media-amazon.com/images/I/513up6tVw5L._AC_SL1500_.jpg
61,Generic,"105 EG Mobile TA-1459 DS Charcoal Black, Dual Sim",Black,Amazon,1.99,SIM,,,,679,https://www.amazon.eg/-/en/sspa/click?ie=UTF8&spc=MTo0MzI1MDA1MzYxMDAxMTA2OjE3MTMyMzkyMzQ6c3BfYXRmX2Jyb3dzZTozMDAxMzM1MzYwNTY1MzI6OjA6Og&url=%2FMobile-Phone-TA-1459-Charcoal-Ramadan%2Fdp%2FB0CV3GMYY5%2Fref%3Dsr_1_50_sspa%3Fdib%3DeyJ2IjoiMSJ9.N9HfeN986yi177-03Tt9fZC579e0YYmjCznvtaBgIantz9NVnEXJ3vFhaAFcl-7ZL657l2DmFBZj56Lrv3ygu_62Zg8TxNiWcRnPeMPGsk4.DzaI4spm56_RcQ8ECI60KjSrJcikkCX-xzWR4f5LDgU%26dib_tag%3Dse%26qid%3D1713239234%26s%3Delectronics%26sr%3D1-50-spons%26sp_csd%3Dd2lkZ2V0TmFtZT1zcF9hdGZfYnJvd3Nl%26psc%3D1,https://m.media-amazon.com/images/I/41ZvwWEkBiL._AC_.jpg
62,Generic,1,White,Amazon,15,,,,,694,https://www.amazon.eg/-/en/sspa/click?ie=UTF8&spc=MTo0MzI1MDA1MzYxMDAxMTA2OjE3MTMyMzkyMzQ6c3BfYXRmX2Jyb3dzZTozMDAxNTE4OTAwOTMzMzI6OjA6Og&url=%2FDual-B310-2G-Mobile-Phone-White%2Fdp%2FB0CYDSRKKK%2Fref%3Dsr_1_51_sspa%3Fdib%3DeyJ2IjoiMSJ9.N9HfeN986yi177-03Tt9fZC579e0YYmjCznvtaBgIantz9NVnEXJ3vFhaAFcl-7ZL657l2DmFBZj56Lrv3ygu_62Zg8TxNiWcRnPeMPGsk4.DzaI4spm56_RcQ8ECI60KjSrJcikkCX-xzWR4f5LDgU%26dib_tag%3Dse%26qid%3D1713239234%26s%3Delectronics%26sr%3D1-51-spons%26sp_csd%3Dd2lkZ2V0TmFtZT1zcF9hdGZfYnJvd3Nl%26psc%3D1,https://m.media-amazon.com/images/I/61j4wLZg8CL._AC_SL1280_.jpg
63,HONOR,Honor 90,Midnight Black,Amazon,12,,,,,"24,399.00",https://www.amazon.eg/-/en/HONOR-90-Smartphone-SuperCharge-Midnight/dp/B0CB4L248T,https://m.media-amazon.com/images/I/71uWVsDVdfL._AC_SL1500_.jpg
64,realme,realme 12 Pro,Submarine Blue,Amazon,128,Dynamic,,,5000,"17,810.00",https://www.amazon.eg/-/en/realme-Submarine-Flagship-Telephoto-Snapdragon/dp/B0CTK9M2M2,https://m.media-amazon.com/images/I/81QvAGRjTAL._AC_SL1500_.jpg
65,egyptian saudi insurance house,1 Year Extended Warranty Plan,red,Amazon,,,,,,54,https://www.amazon.eg/-/en/Extended-Household-Appliance-Equipment-EGP999-99/dp/B09TTMTS5S,https://m.media-amazon.com/images/I/61sGcnnqZQL._AC_SL1500_.jpg
66,SAMSUNG,Galaxy-A24,BLACK,Amazon,128,6GB,,,,29,https://www.amazon.eg/-/en/Samsung-Galaxy-Android-Smartphone-Storage/dp/B0C3GZLLZC,https://m.media-amazon.com/images/I/71Qw85xhy+L._AC_SL1500_.jpg
67,realme,realme 12 pro+,Navigator Beige,Amazon,12,12GB,,,,"21,659.00",https://www.amazon.eg/-/en/realme-Pro-Dual-12GB-512GB/dp/B0CTZW6XGC,https://m.media-amazon.com/images/I/819TByLAOZL._AC_SL1500_.jpg
68,egyptian saudi insurance house,1 Year Extended Warranty Plan,red,Amazon,,,,,,27,https://www.amazon.eg/-/en/Extended-Warranty-Audio-Video-products-EGP499-99/dp/B09TTNR2VW,https://m.media-amazon.com/images/I/61sGcnnqZQL._AC_SL1500_.jpg
69,OPPO,Oppo Reno 8T,red,Amazon,256,8GB,,,,60,https://www.amazon.eg/-/en/OPPO-Smartphone-Fingerprint-Recognition-Bluetooth/dp/B0BVVP8711,https://m.media-amazon.com/images/I/61elxy1AgFL._AC_SL1390_.jpg
70,Apple,iPhone 14,Starlight,Amazon,128,,,,,"36,929.00",https://www.amazon.eg/-/en/Apple-iPhone-128-Starlight-Bluetooth/dp/B0BDHWM4VX,https://m.media-amazon.com/images/I/51FQoP3cCGL._AC_SL1500_.jpg
71,Samsung,Samsung Galaxy A34,Awesome Silver,Amazon,8,8GB,,,,"13,990.00",https://www.amazon.eg/-/en/Galaxy-Dual-Awesome-Silver-256GB/dp/B0CTGHG8Q3,https://m.media-amazon.com/images/I/31sAgsqo2cL._AC_.jpg
72,realme,9 Pro - Green,Grren,Amazon,128,8GB,,,5000,"8,550.00",https://www.amazon.eg/-/en/Realme-Pro-Dual-Smartphone-128GB/dp/B0CN6ZHVTG,https://m.media-amazon.com/images/I/61EjSPXLvNL._AC_SL1000_.jpg
73,realme,Realme C67,Sunny Oasis,Amazon,256,8GB,,,,"7,997.00",https://www.amazon.eg/-/en/realme-Dual-SIM-Factory-Unlocked-Smartphone/dp/B0CQRCWH7P,https://m.media-amazon.com/images/I/715bzjyJkYL._AC_SL1500_.jpg
74,,,,Amazon,,8GB,,,,"13,666.00",https://www.amazon.eg/-/en/Samsung-Galaxy-Dual-128GB-Inches/dp/B0BXNY4YD3,https://m.media-amazon.com/images/I/71RqyKk2eBL._AC_SL1500_.jpg
75,Generic,Nokia 110 Dual SIM Mobile,Black,Amazon,,(&&,,,,553,https://www.amazon.eg/-/en/sspa/click?ie=UTF8&spc=MTo0MzI1MDA1MzYxMDAxMTA2OjE3MTMyMzkyMzQ6c3BfbXRmX2Jyb3dzZTozMDAxMDc3NjEzMzY5MzI6OjA6Og&url=%2FMobile-Phone-Black-Ramadan-Kareem%2Fdp%2FB0CQ3PG5WJ%2Fref%3Dsr_1_54_sspa%3Fdib%3DeyJ2IjoiMSJ9.JISrDXZYEQKNrSpw6uaPy9iDsYDS2_Nb6nYseE7fWb_RoT-JozhjlC2BWKd40xVPlr1FAfF3uyGTpvDnmr-SF89Po9zrfbJL13DEBtUFV5tEvYn8kxw388leZR9RyZ5ZxsZ5XKIIQZtXdCAdFWcD_gmiFADfbRJgEu2RkbwArpYVvlLmG4ed_TepAWVgM4d033rYv7Htn3IXD5mijZYx0jaAFN3imkL0C7dhN-nVmOIoIhK7kvk72taS1Ox4qKiJ.w99g0RlLZzfzgvvpz6QckSCkv1QbzBHrEfyviucz8Qw%26dib_tag%3Dse%26qid%3D1713239234%26s%3Delectronics%26sr%3D1-54-spons%26sp_csd%3Dd2lkZ2V0TmFtZT1zcF9tdGZfYnJvd3Nl%26psc%3D1,https://m.media-amazon.com/images/I/41g7zULUMlL._AC_.jpg
76,Generic,105,Black,Amazon,1,,,,,535,https://www.amazon.eg/-/en/sspa/click?ie=UTF8&spc=MTo0MzI1MDA1MzYxMDAxMTA2OjE3MTMyMzkyMzQ6c3BfbXRmX2Jyb3dzZTozMDAxMzI1NTIzMTQ3MzI6OjA6Og&url=%2FMobile-105-Phone-105-Black-Dual-SIM%2Fdp%2FB0CV9TRH4W%2Fref%3Dsr_1_55_sspa%3Fdib%3DeyJ2IjoiMSJ9.JISrDXZYEQKNrSpw6uaPy9iDsYDS2_Nb6nYseE7fWb_RoT-JozhjlC2BWKd40xVPlr1FAfF3uyGTpvDnmr-SF89Po9zrfbJL13DEBtUFV5tEvYn8kxw388leZR9RyZ5ZxsZ5XKIIQZtXdCAdFWcD_gmiFADfbRJgEu2RkbwArpYVvlLmG4ed_TepAWVgM4d033rYv7Htn3IXD5mijZYx0jaAFN3imkL0C7dhN-nVmOIoIhK7kvk72taS1Ox4qKiJ.w99g0RlLZzfzgvvpz6QckSCkv1QbzBHrEfyviucz8Qw%26dib_tag%3Dse%26qid%3D1713239234%26s%3Delectronics%26sr%3D1-55-spons%26sp_csd%3Dd2lkZ2V0TmFtZT1zcF9tdGZfYnJvd3Nl%26psc%3D1,https://m.media-amazon.com/images/I/61XT0TmtFJL._AC_SL1500_.jpg
77,Samsung,Samsung Galaxy Z Fold 5,Phantom Black,Amazon,256,12GB,,,4400,"65,450.00",https://www.amazon.eg/-/en/sspa/click?ie=UTF8&spc=MTo0MzI1MDA1MzYxMDAxMTA2OjE3MTMyMzkyMzQ6c3BfbXRmX2Jyb3dzZTozMDAxNTM2Njc3MzQ4MzI6OjA6Og&url=%2FSamsung-Galaxy-Android-Smartphone-Phantom%2Fdp%2FB0CC9VZDVS%2Fref%3Dsr_1_56_sspa%3Fdib%3DeyJ2IjoiMSJ9.JISrDXZYEQKNrSpw6uaPy9iDsYDS2_Nb6nYseE7fWb_RoT-JozhjlC2BWKd40xVPlr1FAfF3uyGTpvDnmr-SF89Po9zrfbJL13DEBtUFV5tEvYn8kxw388leZR9RyZ5ZxsZ5XKIIQZtXdCAdFWcD_gmiFADfbRJgEu2RkbwArpYVvlLmG4ed_TepAWVgM4d033rYv7Htn3IXD5mijZYx0jaAFN3imkL0C7dhN-nVmOIoIhK7kvk72taS1Ox4qKiJ.w99g0RlLZzfzgvvpz6QckSCkv1QbzBHrEfyviucz8Qw%26dib_tag%3Dse%26qid%3D1713239234%26s%3Delectronics%26sr%3D1-56-spons%26sp_csd%3Dd2lkZ2V0TmFtZT1zcF9tdGZfYnJvd3Nl%26psc%3D1,https://m.media-amazon.com/images/I/7102NAlM6FL._AC_SL1500_.jpg
78,Samsung,Samsung Galaxy A15,Yellow,Amazon,128,6GB,,,,"7,350.00",https://www.amazon.eg/-/en/Samsung-Galaxy-Dual-128GB-Inches/dp/B0CQ5CHKM5,https://m.media-amazon.com/images/I/61hdrs3-MuL._AC_SL1500_.jpg
79,OPPO,Oppo A58,black,Amazon,8,,,,,"6,670.00",https://www.amazon.eg/-/en/OPPO-A58-SmartPhone-Glowing-Black/dp/B0CDXDVPHR,https://m.media-amazon.com/images/I/81syiAT-7oL._AC_SL1500_.jpg
80,SAMSUNG,Galaxy S24 Ultra,Titanium Black,Amazon,512,12GB,,,,"75,000.00",https://www.amazon.eg/-/en/SAMSUNG-Android-Smartphone-Storage-Battery/dp/B0CQZ1NNLD,https://m.media-amazon.com/images/I/71+WncNIt7L._AC_SL1500_.jpg
81,Xiaomi,Redmi A2+/ 64GB - Black,Black,Amazon,64,3GB,,,5000,"4,666.00",https://www.amazon.eg/-/en/Xiaomi-Redmi-Dual-SIM-64GB/dp/B0CF2FYG43,https://m.media-amazon.com/images/I/71NA7Z6L7FL._AC_SL1500_.jpg
82,SAMSUNG,Galaxy S24 Ultra,Titanium Gray,Amazon,512,12GB,,,,"77,000.00",https://www.amazon.eg/-/en/SAMSUNG-Android-Smartphone-Storage-Battery/dp/B0CQZ1562C,https://m.media-amazon.com/images/I/713icYPjIZL._AC_SL1500_.jpg
83,Nokia,Nokia 106,Black,Amazon,512,,,,1000,490,https://www.amazon.eg/-/en/Nokia-106-30-Cell-Phone/dp/B098TYZRZ3,https://m.media-amazon.com/images/I/618bNXFwmXL._AC_SL1500_.jpg
84,Nokia,106 TA-1114 DS,Black,Amazon,,,,,,780,https://www.amazon.eg/-/en/Nokia-106-Dual-Sim-black/dp/B085N4B378,https://m.media-amazon.com/images/I/61rTSeWyUpL._AC_SL1500_.jpg
85,Oppo,OPPO A18 128GB 4GB Glowing Black UAE VERSION,BLACK,Amazon,128,,,,,"6,199.00",https://www.amazon.eg/-/en/A18-128GB-Glowing-Black-VERSION/dp/B0CKHMH1YB,https://m.media-amazon.com/images/I/61MUYMX4SXL._AC_SL1200_.jpg
86,,,,Amazon,,4GB,,,,"5,463.00",https://www.amazon.eg/-/en/realme-Dual-Carbon-Black-128GB/dp/B0CBTK7G27,https://m.media-amazon.com/images/I/51byClcWXML._AC_SL1500_.jpg
87,Infinix,Hot 30i,GLACIER BLUE,Amazon,128,4GB,,,5000,"5,499.00",https://www.amazon.eg/-/en/Infinix-X669C-Dual-128GB-Inches/dp/B0CB1K8DRG,https://m.media-amazon.com/images/I/61NFeH8NdYL._AC_SL1500_.jpg
88,OPPO,Oppo A17,light blue,Amazon,64,3GB,,,5000,"5,150.00",https://www.amazon.eg/-/en/OPPO-Smartphone-5000mAh-Fingerprint-CPH2471/dp/B0BT4P79F2,https://m.media-amazon.com/images/I/61mVkdJfDsL._AC_SL1500_.jpg
89,Xiaomi,Redmi note 13 pro,Midnight Black,Amazon,512,(12GB,,,,"21,999.00",https://www.amazon.eg/-/en/Xiaomi-Smartphone-Snapdragon-2-4GHz-Midnight/dp/B0CS4KH3VF,https://m.media-amazon.com/images/I/516ja7b3f+L._AC_SL1000_.jpg
90,Generic,1,Black,Amazon,15,,,,,464,https://www.amazon.eg/-/en/sspa/click?ie=UTF8&spc=MTo2NDA1NDUyMDA5ODM3MTA2OjE3MTMyMzk3NTU6c3BfYXRmX2Jyb3dzZTozMDAxNTE4OTAwOTM3MzI6OjA6Og&url=%2FMobile-Phone-105-Black-Single%2Fdp%2FB0CY93TDL8%2Fref%3Dsr_1_73_sspa%3Fdib%3DeyJ2IjoiMSJ9.8IIFXG-2ItNZDaq-vxYvIlbmz_UJau5IhAMQ2VzTU4tAXR1PfSICfAS86lzkC6EQSgIagwkITbImWDZtvuy3HL3jTGqLo8ZTr8N45b5wmuI.QeN1GWPU7Gdwrt-JLoXm6Dbik0l2-awD0pQWaj3LslA%26dib_tag%3Dse%26qid%3D1713239755%26s%3Delectronics%26sr%3D1-73-spons%26sp_csd%3Dd2lkZ2V0TmFtZT1zcF9hdGZfYnJvd3Nl%26psc%3D1,https://m.media-amazon.com/images/I/513up6tVw5L._AC_SL1500_.jpg
91,Generic,"105 EG Mobile TA-1459 DS Charcoal Black, Dual Sim",Black,Amazon,1.99,SIM,,,,679,https://www.amazon.eg/-/en/sspa/click?ie=UTF8&spc=MTo2NDA1NDUyMDA5ODM3MTA2OjE3MTMyMzk3NTU6c3BfYXRmX2Jyb3dzZTozMDAxMzM1MzYwNTY1MzI6OjA6Og&url=%2FMobile-Phone-TA-1459-Charcoal-Ramadan%2Fdp%2FB0CV3GMYY5%2Fref%3Dsr_1_74_sspa%3Fdib%3DeyJ2IjoiMSJ9.8IIFXG-2ItNZDaq-vxYvIlbmz_UJau5IhAMQ2VzTU4tAXR1PfSICfAS86lzkC6EQSgIagwkITbImWDZtvuy3HL3jTGqLo8ZTr8N45b5wmuI.QeN1GWPU7Gdwrt-JLoXm6Dbik0l2-awD0pQWaj3LslA%26dib_tag%3Dse%26qid%3D1713239755%26s%3Delectronics%26sr%3D1-74-spons%26sp_csd%3Dd2lkZ2V0TmFtZT1zcF9hdGZfYnJvd3Nl%26psc%3D1,https://m.media-amazon.com/images/I/41ZvwWEkBiL._AC_.jpg
92,Generic,1,White,Amazon,15,,,,,694,https://www.amazon.eg/-/en/sspa/click?ie=UTF8&spc=MTo2NDA1NDUyMDA5ODM3MTA2OjE3MTMyMzk3NTU6c3BfYXRmX2Jyb3dzZTozMDAxNTE4OTAwOTMzMzI6OjA6Og&url=%2FDual-B310-2G-Mobile-Phone-White%2Fdp%2FB0CYDSRKKK%2Fref%3Dsr_1_75_sspa%3Fdib%3DeyJ2IjoiMSJ9.8IIFXG-2ItNZDaq-vxYvIlbmz_UJau5IhAMQ2VzTU4tAXR1PfSICfAS86lzkC6EQSgIagwkITbImWDZtvuy3HL3jTGqLo8ZTr8N45b5wmuI.QeN1GWPU7Gdwrt-JLoXm6Dbik0l2-awD0pQWaj3LslA%26dib_tag%3Dse%26qid%3D1713239755%26s%3Delectronics%26sr%3D1-75-spons%26sp_csd%3Dd2lkZ2V0TmFtZT1zcF9hdGZfYnJvd3Nl%26psc%3D1,https://m.media-amazon.com/images/I/61j4wLZg8CL._AC_SL1280_.jpg
93,Redmi,Redmi 12 - Midnight Black,Midnight Black,Amazon,128,8GB,,,5000,"7,777.00",https://www.amazon.eg/-/en/Redmi-12-128GB-6-79-Inches/dp/B0CV5XBSMQ,https://m.media-amazon.com/images/I/513rNt-cvGL._AC_SL1000_.jpg
94,OPPO,,black,Amazon,256,8GB,,,,"8,499.00",https://www.amazon.eg/-/en/OPPO-A78-Dual-256GB-Inches/dp/B0CJQ2S227,https://m.media-amazon.com/images/I/51WRPmrEH+L._AC_SL1000_.jpg
95,egyptian saudi insurance house,1 Year Extended Warranty Plan,red,Amazon,,,,,,80,https://www.amazon.eg/-/en/Extended-Household-Appliance-Equipment-EGP1499-99/dp/B09TTM3NFF,https://m.media-amazon.com/images/I/61wDIlo+8+L._AC_SL1500_.jpg
96,Nokia,Nokia C10,Grey,Amazon,32,2gb,,,,"3,999.00",https://www.amazon.eg/-/en/Nokia-android-smartphone-v-notch-proximity/dp/B0B39LN2N6,https://m.media-amazon.com/images/I/81LrJ-Q-TgS._AC_SL1500_.jpg
97,HONOR,Honor X9b,Sunrise Orange,Amazon,12,,,,,"21,550.00",https://www.amazon.eg/-/en/HONOR-12GB-256GB-Sunrise-Orange/dp/B0CLDSD5B4,https://m.media-amazon.com/images/I/81FmX+ooJQL._AC_SL1500_.jpg
98,Oppo,Oppo Find,red,Amazon,12,12GB,,,,"28,699.00",https://www.amazon.eg/-/en/Oppo-Find-256GB-Black-Bluetooth/dp/B09TBDZ92X,https://m.media-amazon.com/images/I/91SqLMOJxML._AC_SL1500_.jpg
99,POCO,Poco C65,Matte Black,Amazon,128,6GB,,,5000,"6,650.00",https://www.amazon.eg/-/en/POCO-C65-Matte-Black-128GB/dp/B0CQG79KT8,https://m.media-amazon.com/images/I/51PQfSwIqyL._AC_SL1100_.jpg
100,SAMSUNG,SM-A235FLBKMEB,blue,Amazon,128,6GB,,,,"8,233.00",https://www.amazon.eg/-/en/Samsung-Galaxy-A23-Dual-128GB/dp/B09Y67RDN7,https://m.media-amazon.com/images/I/61mOx8va+LL._AC_SL1500_.jpg
101,Samsung,Samsung Galaxy Z Fold 5,Phantom Black,Amazon,256,12GB,,,4400,"65,450.00",https://www.amazon.eg/-/en/Samsung-Galaxy-Android-Smartphone-Phantom/dp/B0CC9VZDVS,https://m.media-amazon.com/images/I/7102NAlM6FL._AC_SL1500_.jpg
102,Aode,Lava Iris 46,B09JLWDNJ1,Amazon,32,1GB,,,5,"1,900.00",https://www.amazon.eg/-/en/Lava-Iris-46-Dual-Sim/dp/B09JLWDNJ1,https://m.media-amazon.com/images/I/61X3H93G30L._AC_SL1500_.jpg
103,realme,C67,Black Rock,Amazon,8,8GB,,,,"7,974.00",https://www.amazon.eg/-/en/realme-256GB-RMX3890-Black-Rock/dp/B0CRDST15K,https://m.media-amazon.com/images/I/510eKsW7xLL._AC_SL1500_.jpg
104,,,,Amazon,,8gb,,,,80,https://www.amazon.eg/-/en/Samsung-galaxy-mobile-android-awesome/dp/B0BXNWFS19,https://m.media-amazon.com/images/I/71NvEbrOUFL._AC_SL1500_.jpg
105,Generic,Nokia 110 Dual SIM Mobile,Black,Amazon,,(&&,,,,553,https://www.amazon.eg/-/en/sspa/click?ie=UTF8&spc=MTo2NDA1NDUyMDA5ODM3MTA2OjE3MTMyMzk3NTU6c3BfbXRmX2Jyb3dzZTozMDAxMDc3NjEzMzY5MzI6OjA6Og&url=%2FMobile-Phone-Black-Ramadan-Kareem%2Fdp%2FB0CQ3PG5WJ%2Fref%3Dsr_1_78_sspa%3Fdib%3DeyJ2IjoiMSJ9.cATKxR_dnnQi8d2hloZRyYnrAec9PMC-ftuK5s40t4lMXd5VbQScSSLNJtJbDLoRr3SUGREj9waG710dIqCc6GjhTIGZx17njrB4oLcA0NfV9aYH0v54O2QVF7fRgtVo1YGsPG_SuBVnVziQSQHHVLuocQ0I8Aqp9ZNrSgs6uEkR6wlRwmTViZxpqF6mzY6S6GE4c17CD6n1GzcqKz8ZN2Zeujtn1hiipQFhtI47jbAtZq2NNW7l0pqtS_A9jshN.83Ys00qXDXpIM_B0zUSuspRh3hpOjTYWWNfokKIsvNg%26dib_tag%3Dse%26qid%3D1713239755%26s%3Delectronics%26sr%3D1-78-spons%26sp_csd%3Dd2lkZ2V0TmFtZT1zcF9tdGZfYnJvd3Nl%26psc%3D1,https://m.media-amazon.com/images/I/41g7zULUMlL._AC_.jpg
106,Generic,105,Black,Amazon,1,,,,,535,https://www.amazon.eg/-/en/sspa/click?ie=UTF8&spc=MTo2NDA1NDUyMDA5ODM3MTA2OjE3MTMyMzk3NTU6c3BfbXRmX2Jyb3dzZTozMDAxMzI1NTIzMTQ3MzI6OjA6Og&url=%2FMobile-105-Phone-105-Black-Dual-SIM%2Fdp%2FB0CV9TRH4W%2Fref%3Dsr_1_79_sspa%3Fdib%3DeyJ2IjoiMSJ9.cATKxR_dnnQi8d2hloZRyYnrAec9PMC-ftuK5s40t4lMXd5VbQScSSLNJtJbDLoRr3SUGREj9waG710dIqCc6GjhTIGZx17njrB4oLcA0NfV9aYH0v54O2QVF7fRgtVo1YGsPG_SuBVnVziQSQHHVLuocQ0I8Aqp9ZNrSgs6uEkR6wlRwmTViZxpqF6mzY6S6GE4c17CD6n1GzcqKz8ZN2Zeujtn1hiipQFhtI47jbAtZq2NNW7l0pqtS_A9jshN.83Ys00qXDXpIM_B0zUSuspRh3hpOjTYWWNfokKIsvNg%26dib_tag%3Dse%26qid%3D1713239755%26s%3Delectronics%26sr%3D1-79-spons%26sp_csd%3Dd2lkZ2V0TmFtZT1zcF9tdGZfYnJvd3Nl%26psc%3D1,https://m.media-amazon.com/images/I/61XT0TmtFJL._AC_SL1500_.jpg
107,Samsung,Samsung Galaxy Z Fold 5,Phantom Black,Amazon,256,12GB,,,4400,"65,450.00",https://www.amazon.eg/-/en/sspa/click?ie=UTF8&spc=MTo2NDA1NDUyMDA5ODM3MTA2OjE3MTMyMzk3NTU6c3BfbXRmX2Jyb3dzZTozMDAxNTM2Njc3MzQ4MzI6OjA6Og&url=%2FSamsung-Galaxy-Android-Smartphone-Phantom%2Fdp%2FB0CC9VZDVS%2Fref%3Dsr_1_80_sspa%3Fdib%3DeyJ2IjoiMSJ9.cATKxR_dnnQi8d2hloZRyYnrAec9PMC-ftuK5s40t4lMXd5VbQScSSLNJtJbDLoRr3SUGREj9waG710dIqCc6GjhTIGZx17njrB4oLcA0NfV9aYH0v54O2QVF7fRgtVo1YGsPG_SuBVnVziQSQHHVLuocQ0I8Aqp9ZNrSgs6uEkR6wlRwmTViZxpqF6mzY6S6GE4c17CD6n1GzcqKz8ZN2Zeujtn1hiipQFhtI47jbAtZq2NNW7l0pqtS_A9jshN.83Ys00qXDXpIM_B0zUSuspRh3hpOjTYWWNfokKIsvNg%26dib_tag%3Dse%26qid%3D1713239755%26s%3Delectronics%26sr%3D1-80-spons%26sp_csd%3Dd2lkZ2V0TmFtZT1zcF9tdGZfYnJvd3Nl%26psc%3D1,https://m.media-amazon.com/images/I/7102NAlM6FL._AC_SL1500_.jpg
108,SAMSUNG,Galaxy S24+,Onyx Black,Amazon,256,Faster,,,,"50,399.00",https://www.amazon.eg/-/en/SAMSUNG-Android-Smartphone-Storage-Display/dp/B0CQZ26R23,https://m.media-amazon.com/images/I/61wfSxvntTL._AC_SL1500_.jpg
109,egyptian saudi insurance house,1 Year Extended Warranty Plan,red,Amazon,,,,,,107,https://www.amazon.eg/-/en/Extended-Household-Appliance-Equipment-EGP1999-99/dp/B09TTMCXSY,https://m.media-amazon.com/images/I/61MwxYWACNL._AC_SL1500_.jpg
110,Samsung,Samsung Galaxy A34,multi,Amazon,128,8gb,,,,67,https://www.amazon.eg/-/en/Samsung-galaxy-mobile-android-awesome/dp/B0BXNW9F51,https://m.media-amazon.com/images/I/71mHgTssjAL._AC_SL1500_.jpg
111,Xiaomi,redmi a3,Midnight Black Global ROM,Amazon,64,,,,,"4,995.00",https://www.amazon.eg/-/en/Xiaomi-Redmi-A3-Unlocked-Midnight/dp/B0CW7X2SBH,https://m.media-amazon.com/images/I/712EPllHDiL._AC_SL1500_.jpg
112,Itel,it2160Blue,Blue,Amazon,32,,,,,567,https://www.amazon.eg/-/en/iTel-it2160-1-77-inch-Dual-Mobile-Phone/dp/B091P12MVF,https://m.media-amazon.com/images/I/51fT5JS88FL._AC_SL1500_.jpg
113,OPPO,Oppo Reno 10,silver,Amazon,256,8GB,,,,"15,950.00",https://www.amazon.eg/-/en/Storage-Mobile-4600mAh-Battery-6-7-Inch/dp/B0CBKL7X78,https://m.media-amazon.com/images/I/61MKU03F5-L._AC_SL1280_.jpg
114,Samsung,Galaxy-A04,bronze,Amazon,64,4GB,,,,"5,125.00",https://www.amazon.eg/-/en/SAMSUNG-Galaxy-Smartphone-Storage-Copper/dp/B0BN4RQKN3,https://m.media-amazon.com/images/I/81i6m64KmUL._AC_SL1500_.jpg
115,Generic,HOPE K19 4 SIM CARDS PHONE,Black,Amazon,2.12,,,,,"1,900.00",https://www.amazon.eg/-/en/Mobile-Phone-1-22000mAh-Light-Black/dp/B0CV4F7SBP,https://m.media-amazon.com/images/I/417BOAjSsrL._AC_.jpg
116,SAMSUNG,Samsung SM,White,Amazon,16,,,,,795,https://www.amazon.eg/-/en/Samsung-SM-B310E-Dual-Sim-White/dp/B07MTQ7K5T,https://m.media-amazon.com/images/I/51zTHAWglxL._AC_SL1500_.jpg
117,Nokia,Nokia 105,Blue,Amazon,512,,,,,538,https://www.amazon.eg/-/en/Nokia-105-2017-4Mb-Blue-Single/dp/B092DZV5D7,https://m.media-amazon.com/images/I/519zxFIaswL._AC_SL1500_.jpg
118,Nokia,110 Dual SIM,black,Amazon,32,,,,,999,https://www.amazon.eg/-/en/Nokia-110-Dual-SIM-Black/dp/B07ZG5DQHV,https://m.media-amazon.com/images/I/51mpTklF2lL._AC_SL1500_.jpg
119,Apple,iPhone 13 128GB Blue,blue,Amazon,128,,,,,100,https://www.amazon.eg/-/en/Apple-iPhone-13-FaceTime-128GB/dp/B09G9DZFQ7,https://m.media-amazon.com/images/I/71xb2xkN5qL._AC_SL1500_.jpg
120,Generic,1,Black,Amazon,15,,,,,464,https://www.amazon.eg/-/en/sspa/click?ie=UTF8&spc=MToyNjA1ODYwNDYzNDEyMTA2OjE3MTMyNDAyMzk6c3BfYXRmX2Jyb3dzZTozMDAxNTE4OTAwOTM3MzI6OjA6Og&url=%2FMobile-Phone-105-Black-Single%2Fdp%2FB0CY93TDL8%2Fref%3Dsr_1_97_sspa%3Fdib%3DeyJ2IjoiMSJ9.ItXgFvDx6DgGRDIL5O8XQ_fgziRGPqx5fVj7XykfWekLd-jVmKSxRjZGis9NdyOocGvCeAZWQGUiKR7JkQN6_4ailuYMbcDfNjRkUeEfQus.rnjaFKNdSM_P8u_fI0CMzL85_1CRNkp1cCfxu3LCYNg%26dib_tag%3Dse%26qid%3D1713240239%26s%3Delectronics%26sr%3D1-97-spons%26sp_csd%3Dd2lkZ2V0TmFtZT1zcF9hdGZfYnJvd3Nl%26psc%3D1,https://m.media-amazon.com/images/I/513up6tVw5L._AC_SL1500_.jpg
121,Generic,"105 EG Mobile TA-1459 DS Charcoal Black, Dual Sim",Black,Amazon,1.99,SIM,,,,679,https://www.amazon.eg/-/en/sspa/click?ie=UTF8&spc=MToyNjA1ODYwNDYzNDEyMTA2OjE3MTMyNDAyMzk6c3BfYXRmX2Jyb3dzZTozMDAxMzM1MzYwNTY1MzI6OjA6Og&url=%2FMobile-Phone-TA-1459-Charcoal-Ramadan%2Fdp%2FB0CV3GMYY5%2Fref%3Dsr_1_98_sspa%3Fdib%3DeyJ2IjoiMSJ9.ItXgFvDx6DgGRDIL5O8XQ_fgziRGPqx5fVj7XykfWekLd-jVmKSxRjZGis9NdyOocGvCeAZWQGUiKR7JkQN6_4ailuYMbcDfNjRkUeEfQus.rnjaFKNdSM_P8u_fI0CMzL85_1CRNkp1cCfxu3LCYNg%26dib_tag%3Dse%26qid%3D1713240239%26s%3Delectronics%26sr%3D1-98-spons%26sp_csd%3Dd2lkZ2V0TmFtZT1zcF9hdGZfYnJvd3Nl%26psc%3D1,https://m.media-amazon.com/images/I/41ZvwWEkBiL._AC_.jpg
122,Generic,1,White,Amazon,15,,,,,694,https://www.amazon.eg/-/en/sspa/click?ie=UTF8&spc=MToyNjA1ODYwNDYzNDEyMTA2OjE3MTMyNDAyMzk6c3BfYXRmX2Jyb3dzZTozMDAxNTE4OTAwOTMzMzI6OjA6Og&url=%2FDual-B310-2G-Mobile-Phone-White%2Fdp%2FB0CYDSRKKK%2Fref%3Dsr_1_99_sspa%3Fdib%3DeyJ2IjoiMSJ9.ItXgFvDx6DgGRDIL5O8XQ_fgziRGPqx5fVj7XykfWekLd-jVmKSxRjZGis9NdyOocGvCeAZWQGUiKR7JkQN6_4ailuYMbcDfNjRkUeEfQus.rnjaFKNdSM_P8u_fI0CMzL85_1CRNkp1cCfxu3LCYNg%26dib_tag%3Dse%26qid%3D1713240239%26s%3Delectronics%26sr%3D1-99-spons%26sp_csd%3Dd2lkZ2V0TmFtZT1zcF9hdGZfYnJvd3Nl%26psc%3D1,https://m.media-amazon.com/images/I/61j4wLZg8CL._AC_SL1280_.jpg
123,Nokia,Nokia C1,Blue,Amazon,16,1gb,,,,70,https://www.amazon.eg/-/en/Nokia-android-smartphone-memory-5-45/dp/B0B39NZDMB,https://m.media-amazon.com/images/I/81ejU1gSrxL._AC_SL1500_.jpg
124,Xiaomi,Note 12 Pro,red,Amazon,256,,,,,"13,858.00",https://www.amazon.eg/-/en/Xiaomi-Factory-Unlocked-Graphite-Bluetooth/dp/B0C2PVSFD1,https://m.media-amazon.com/images/I/61gX0uIFEUL._AC_SL1000_.jpg
125,Nokia,Nokia 105 4G,Black,Amazon,0.13,"Sim,",,,,"12,990.00",https://www.amazon.eg/-/en/Nokia-Feature-Long-Lasting-Features-Flashlight/dp/B09JWRPMRF,https://m.media-amazon.com/images/I/61Z-8i5UuDL._AC_SL1500_.jpg
126,Infinix,Infinix X6823,Crytal Violet,Amazon,4,2GB,,,,"4,299.00",https://www.amazon.eg/-/en/Infinix-Smart-Plus-Dual-Inches/dp/B0BSTKJLTL,https://m.media-amazon.com/images/I/51bcx39QRtL._AC_SL1280_.jpg
127,Xiaomi,13C,Midnight Black,Amazon,256,256Gb,,,18,"7,555.00",https://www.amazon.eg/-/en/Xiaomi-Redmi-13C-256Gb-Midnight/dp/B0CNRQRJKM,https://m.media-amazon.com/images/I/51y8rWnam6L._AC_.jpg
128,Xiaomi,,Carbon Grey,Amazon,64,4GB,,,,"6,999.00",https://www.amazon.eg/-/en/Xiaomi-Redmi-Smartphone-4GB-64GB/dp/B0B2X4FZ7K,https://m.media-amazon.com/images/I/514XzQB5hYL._AC_SL1200_.jpg
129,Generic,Nokia 3310 2017,Blue,Amazon,16,,,,,"1,099.00",https://www.amazon.eg/-/en/3310-Mobile-Phone-Dark-Blue/dp/B0CTBH9H45,https://m.media-amazon.com/images/I/41Wbu84zNlL._AC_.jpg
130,OPPO,A98 5G,Dreamy Blue,Amazon,256,8GB,,,,"9,950.00",https://www.amazon.eg/-/en/OPPO-A98-Dual-256GB-Inches/dp/B0C628DTWF,https://m.media-amazon.com/images/I/71thuZr8OJL._AC_SL1500_.jpg
131,Itel,A70,Azure Blue,Amazon,256,12GB,,,,"5,555.00",https://www.amazon.eg/-/en/5000mAh-Charging-Fingerprint-Octa-Core-Processor/dp/B0CQ81YJ6R,https://m.media-amazon.com/images/I/61FVjhemmLL._AC_SL1500_.jpg
132,Nokia,Nokia,blue,Amazon,64,,,,,"4,444.00",https://www.amazon.eg/-/en/Nokia-smartphone-display-battery-security/dp/B0BJBZFTZ8,https://m.media-amazon.com/images/I/81s7aHLo2JL._AC_SL1500_.jpg
133,Apple,iPhone 13,blue,Amazon,128,4GB,,,,"37,999.00",https://www.amazon.eg/-/en/Apple-iPhone-FaceTime-SIM-International/dp/B09G9LHDV9,https://m.media-amazon.com/images/I/61RCRdEvQlL._AC_SL1500_.jpg
134,ACE,286782427,Blue,Amazon,2,2G,,,,"2,599.00",https://www.amazon.eg/-/en/ACE-BUZZ3-Dual-Smartphone-Blue/dp/B0CCSWXYDN,https://m.media-amazon.com/images/I/71HFZwlFZHL._AC_SL1500_.jpg
135,Generic,Nokia 110 Dual SIM Mobile,Black,Amazon,,(&&,,,,553,https://www.amazon.eg/-/en/sspa/click?ie=UTF8&spc=MToyNjA1ODYwNDYzNDEyMTA2OjE3MTMyNDAyMzk6c3BfbXRmX2Jyb3dzZTozMDAxMDc3NjEzMzY5MzI6OjA6Og&url=%2FMobile-Phone-Black-Ramadan-Kareem%2Fdp%2FB0CQ3PG5WJ%2Fref%3Dsr_1_102_sspa%3Fdib%3DeyJ2IjoiMSJ9.yRNxKndLktqb41_oBoIVcVFlmm186SLU6NE2DldiAhvlyAqjm_-gdC65OQILvgtsFUKeaQxVR_XtCxnCleTlmONdExeR3-o-Ou6jmCzDOOcAIxHeXjdsCxIuQqHwauEnHfWyeZZ7Voxn-iEfs0YL9bVtk_wTUP-OkuyjPApZNN5muFUDaVFHRYM-d0heHJ_TQSHkau9T6zOMq82LQKSBoUHpfIX8cr7pb26wtbE-N8yOB6_kQRso2J7e2fJi6Vb0.ifBlTk0yPiefh7pRNRkqtKt3UE3oe5sD-nrvAbkEN1E%26dib_tag%3Dse%26qid%3D1713240239%26s%3Delectronics%26sr%3D1-102-spons%26sp_csd%3Dd2lkZ2V0TmFtZT1zcF9tdGZfYnJvd3Nl%26psc%3D1,https://m.media-amazon.com/images/I/41g7zULUMlL._AC_.jpg
136,Generic,105,Black,Amazon,1,,,,,535,https://www.amazon.eg/-/en/sspa/click?ie=UTF8&spc=MToyNjA1ODYwNDYzNDEyMTA2OjE3MTMyNDAyMzk6c3BfbXRmX2Jyb3dzZTozMDAxMzI1NTIzMTQ3MzI6OjA6Og&url=%2FMobile-105-Phone-105-Black-Dual-SIM%2Fdp%2FB0CV9TRH4W%2Fref%3Dsr_1_103_sspa%3Fdib%3DeyJ2IjoiMSJ9.yRNxKndLktqb41_oBoIVcVFlmm186SLU6NE2DldiAhvlyAqjm_-gdC65OQILvgtsFUKeaQxVR_XtCxnCleTlmONdExeR3-o-Ou6jmCzDOOcAIxHeXjdsCxIuQqHwauEnHfWyeZZ7Voxn-iEfs0YL9bVtk_wTUP-OkuyjPApZNN5muFUDaVFHRYM-d0heHJ_TQSHkau9T6zOMq82LQKSBoUHpfIX8cr7pb26wtbE-N8yOB6_kQRso2J7e2fJi6Vb0.ifBlTk0yPiefh7pRNRkqtKt3UE3oe5sD-nrvAbkEN1E%26dib_tag%3Dse%26qid%3D1713240239%26s%3Delectronics%26sr%3D1-103-spons%26sp_csd%3Dd2lkZ2V0TmFtZT1zcF9tdGZfYnJvd3Nl%26psc%3D1,https://m.media-amazon.com/images/I/61XT0TmtFJL._AC_SL1500_.jpg
137,Samsung,Samsung Galaxy Z Fold 5,Phantom Black,Amazon,256,12GB,,,4400,"65,450.00",https://www.amazon.eg/-/en/sspa/click?ie=UTF8&spc=MToyNjA1ODYwNDYzNDEyMTA2OjE3MTMyNDAyMzk6c3BfbXRmX2Jyb3dzZTozMDAxNTM2Njc3MzQ4MzI6OjA6Og&url=%2FSamsung-Galaxy-Android-Smartphone-Phantom%2Fdp%2FB0CC9VZDVS%2Fref%3Dsr_1_104_sspa%3Fdib%3DeyJ2IjoiMSJ9.yRNxKndLktqb41_oBoIVcVFlmm186SLU6NE2DldiAhvlyAqjm_-gdC65OQILvgtsFUKeaQxVR_XtCxnCleTlmONdExeR3-o-Ou6jmCzDOOcAIxHeXjdsCxIuQqHwauEnHfWyeZZ7Voxn-iEfs0YL9bVtk_wTUP-OkuyjPApZNN5muFUDaVFHRYM-d0heHJ_TQSHkau9T6zOMq82LQKSBoUHpfIX8cr7pb26wtbE-N8yOB6_kQRso2J7e2fJi6Vb0.ifBlTk0yPiefh7pRNRkqtKt3UE3oe5sD-nrvAbkEN1E%26dib_tag%3Dse%26qid%3D1713240239%26s%3Delectronics%26sr%3D1-104-spons%26sp_csd%3Dd2lkZ2V0TmFtZT1zcF9tdGZfYnJvd3Nl%26psc%3D1,https://m.media-amazon.com/images/I/7102NAlM6FL._AC_SL1500_.jpg
138,realme,Realme 10,black,Amazon,128,8GB,,,,"9,395.00",https://www.amazon.eg/-/en/Realme-256GB-Black-Bluetooth-Wi-Fi/dp/B0BSCDPVS2,https://m.media-amazon.com/images/I/71t5U8h4hpL._AC_SL1500_.jpg
139,Aode,G30,Black,Amazon,32,,,,,559,https://www.amazon.eg/-/en/Girasole-G30-2-4-inch-Dual-Mobile-Phone/dp/B0CPWDQ5VJ,https://m.media-amazon.com/images/I/51+OgQFon7L._AC_SL1280_.jpg
140,OPPO,find x5,Black,Amazon,256,8GB,,,,"19,600.00",https://www.amazon.eg/-/en/OPPO-Find-Dual-256GB-Inches/dp/B0BZ87WNYF,https://m.media-amazon.com/images/I/71FxWNDpVEL._AC_SL1500_.jpg
141,Xiaomi,POCO X6 5G,Black,Amazon,256,12GB,,,,"17,999.00",https://www.amazon.eg/-/en/Xiaomi-POCO-X6-Black-256GB/dp/B0CPXX34K2,https://m.media-amazon.com/images/I/51tcseJjs8L._AC_SL1000_.jpg
142,Apple,iPhone 14,Midnight,Amazon,128,,,,,290,https://www.amazon.eg/-/en/Apple-iPhone-14-128-Bluetooth/dp/B0BDJ56TNF,https://m.media-amazon.com/images/I/51sFkTjuc3L._AC_SL1500_.jpg
143,OPPO,Oppo A17,black,Amazon,64,4Gb,,,,"5,123.00",https://www.amazon.eg/-/en/Smartphone-5000Mah-Lasting-Battery-Fingerprint/dp/B082GMR7VS,https://m.media-amazon.com/images/I/61hyTZi++eL._AC_SL1500_.jpg
144,Apple,Iphone 13,white,Amazon,128,4GB,,,,"37,999.00",https://www.amazon.eg/-/en/Apple-iPhone-FaceTime-SIM-International/dp/B09G983YFX,https://m.media-amazon.com/images/I/71GLMJ7TQiL._AC_SL1500_.jpg
145,OPPO,Reno10 CPH2531 Silvery Grey AE,Silvery Grey,Amazon,256,,,,,"19,999.00",https://www.amazon.eg/-/en/OPPO-Reno10-Silvery-Grey-extended/dp/B0CBQ1Q6TP,https://m.media-amazon.com/images/I/8164n7bBeSL._AC_SL1500_.jpg
146,realme,6.9414E+12,اخضر,Amazon,32,2GB,,,,"3,999.00",https://www.amazon.eg/-/en/Realme-C30-2GB-RAM-32GB/dp/B0BTTTTF7M,https://m.media-amazon.com/images/I/51zZkYz2wIL._AC_SL1000_.jpg
147,realme,Realme C21Y,black,Amazon,32,,,,,"4,199.00",https://www.amazon.eg/-/en/realme-C21Y-Black-Bluetooth-Wi-Fi/dp/B0BHFHYP51,https://m.media-amazon.com/images/I/61oeBzCKHSL._AC_SL1500_.jpg
148,Vivo,Y02s,Blue,Amazon,32,3GB,,,5,"4,199.00",https://www.amazon.eg/-/en/Vivo-Y02s-Dual-SIM-32GB/dp/B0B9C3CZJ5,https://m.media-amazon.com/images/I/51USF-7Z-xL._AC_SL1000_.jpg
149,SAMSUNG,Galaxy M33,Brown,Amazon,128,8GB,,,,"10,500.00",https://www.amazon.eg/-/en/Samsung-Galaxy-128GB-Storage-Brown/dp/B09V1LJD67,https://m.media-amazon.com/images/I/71rc4wx5L5L._AC_SL1500_.jpg
150,Generic,1,Black,Amazon,15,,,,,464,https://www.amazon.eg/-/en/sspa/click?ie=UTF8&spc=MTo2MzI4OTE4Njc3NjI0MTA2OjE3MTMyNDA3NjY6c3BfYXRmX2Jyb3dzZTozMDAxNTE4OTAwOTM3MzI6OjA6Og&url=%2FMobile-Phone-105-Black-Single%2Fdp%2FB0CY93TDL8%2Fref%3Dsr_1_121_sspa%3Fdib%3DeyJ2IjoiMSJ9.rJ0lmPF6q9FBqDKXnDucYible1vPXd9gpeOB8770AgMCjq54kvXwPzo0HsSzJYUISbgljrVLbMmg7iYqhnx13o2EXpb4Bt8kd_fcPD0DeoA.HgA--P98ElMNdMkjfOB9x__gd7Bm7WLSj25nXVELHDA%26dib_tag%3Dse%26qid%3D1713240766%26s%3Delectronics%26sr%3D1-121-spons%26sp_csd%3Dd2lkZ2V0TmFtZT1zcF9hdGZfYnJvd3Nl%26psc%3D1,https://m.media-amazon.com/images/I/513up6tVw5L._AC_SL1500_.jpg
151,Generic,1,White,Amazon,15,,,,,694,https://www.amazon.eg/-/en/sspa/click?ie=UTF8&spc=MTo2MzI4OTE4Njc3NjI0MTA2OjE3MTMyNDA3NjY6c3BfYXRmX2Jyb3dzZTozMDAxNTE4OTAwOTMzMzI6OjA6Og&url=%2FDual-B310-2G-Mobile-Phone-White%2Fdp%2FB0CYDSRKKK%2Fref%3Dsr_1_123_sspa%3Fdib%3DeyJ2IjoiMSJ9.rJ0lmPF6q9FBqDKXnDucYible1vPXd9gpeOB8770AgMCjq54kvXwPzo0HsSzJYUISbgljrVLbMmg7iYqhnx13o2EXpb4Bt8kd_fcPD0DeoA.HgA--P98ElMNdMkjfOB9x__gd7Bm7WLSj25nXVELHDA%26dib_tag%3Dse%26qid%3D1713240766%26s%3Delectronics%26sr%3D1-123-spons%26sp_csd%3Dd2lkZ2V0TmFtZT1zcF9hdGZfYnJvd3Nl%26psc%3D1,https://m.media-amazon.com/images/I/61j4wLZg8CL._AC_SL1280_.jpg
152,Nokia,Nokia 6310,black,Amazon,8,,,,,133,https://www.amazon.eg/-/en/Nokia-TA-1400-Phone-Dark-Green/dp/B09XN1Z5SW,https://m.media-amazon.com/images/I/617UvsoZsNL._AC_SL1500_.jpg
153,SAMSUNG,,Black,Amazon,,4GB,,,,"5,499.00",https://www.amazon.eg/-/en/Samsung-Galaxy-Android-Smartphone-Storage/dp/B0CP4835TR,https://m.media-amazon.com/images/I/71dYQdmhwFL._AC_SL1500_.jpg
154,HONOR,HONOR X9a,green,Amazon,256,,,,12,"17,990.00",https://www.amazon.eg/-/en/HONOR-X9a-Smartphone-Display-Battery/dp/B0BQYDVL1B,https://m.media-amazon.com/images/I/61G+SDU-0TL._AC_SL1500_.jpg
155,SAMSUNG,Galaxy S24 Ultra,Titanium Yellow,Amazon,512,12GB,,,,"77,000.00",https://www.amazon.eg/-/en/SAMSUNG-Android-Smartphone-Storage-Battery/dp/B0CQYYD4S6,https://m.media-amazon.com/images/I/619BSySq3SL._AC_SL1500_.jpg
156,realme,Realme C35,Black,Amazon,64,4GB,,,,"5,999.00",https://www.amazon.eg/-/en/Realme-C35-4GB-RAM-64GB/dp/B0BTTT3JCS,https://m.media-amazon.com/images/I/51WAr5sgtXL._AC_SL1000_.jpg
157,realme,Realme 12 Pro,Submarine Blue,Amazon,256,8GB,,,,"16,740.00",https://www.amazon.eg/-/en/Dual-Submarine-Blue-256GB-International/dp/B0CWDF3NZF,https://m.media-amazon.com/images/I/61bQ9s+eqTL._AC_SL1500_.jpg
158,Apple,iPhone 14,Purple,Amazon,128,,,,,"36,882.00",https://www.amazon.eg/-/en/Apple-iPhone-14-128-Bluetooth/dp/B0BDJY38TY,https://m.media-amazon.com/images/I/619f09kK7tL._AC_SL1500_.jpg
159,Generic,Nokia 106,Black,Amazon,,,,,,559,https://www.amazon.eg/-/en/Nokia-106-Button-Black-Dual/dp/B0CSPDBXQY,https://m.media-amazon.com/images/I/21dWse8xjrL._AC_.jpg
160,,,,Amazon,,4GB,,,5000,"4,999.00",https://www.amazon.eg/-/en/Samsung-Galaxy-Dual-64GB-Inches/dp/B0C1WQKLPR,https://m.media-amazon.com/images/I/81L701E6piL._AC_SL1500_.jpg
161,Aode,G30,Black,Amazon,32,,,,,569,https://www.amazon.eg/-/en/Girasole-G30-2-4-inch-Dual-Mobile-Phone/dp/B0CPJK3VQB,https://m.media-amazon.com/images/I/61JMVF1WQcL._AC_SL1500_.jpg
162,HONOR,X9b,Emerald Green,Amazon,12,,,,5800,"17,990.00",https://www.amazon.eg/-/en/HONOR-256GB-Emerald-CHOICE-Earbuds/dp/B0CM28Z61K,https://m.media-amazon.com/images/I/61HTwnSV7QL._AC_SL1500_.jpg
163,SAMSUNG,Samsung Galaxy S23,,Amazon,12,,,,234,"44,950.00",https://www.amazon.eg/-/en/SAMSUNG-Galaxy-S23-Ultra-256GB/dp/B0CCQ85RLX,https://m.media-amazon.com/images/I/61ql-onWqML._AC_SL1500_.jpg
164,Generic,105,Black,Amazon,1,,,,,535,https://www.amazon.eg/-/en/sspa/click?ie=UTF8&spc=MTo2MzI4OTE4Njc3NjI0MTA2OjE3MTMyNDA3NjY6c3BfbXRmX2Jyb3dzZTozMDAxMzI1NTIzMTQ3MzI6OjA6Og&url=%2FMobile-105-Phone-105-Black-Dual-SIM%2Fdp%2FB0CV9TRH4W%2Fref%3Dsr_1_127_sspa%3Fdib%3DeyJ2IjoiMSJ9.K03jlks_fL5EOtIsEiU7ptXKhoq_uHSQlRseTfkpfXAVLxa9xGQ-s0s-dv8Au_DX3Id-OQ2ONpGdM1Ivl7uaNPEMW1_wcYH0Hu1Bx3Tz0LHwUcwZ-xIe9XUNzHycbnI-Am7L2zmUbYFTRT71SwqwbPcUwNL7n7vR_Tgaj2Fyra3kvGGkUF-_LVaQApCQrhXld-zee2jeAoMxytrc0PRviPwkLZ3nGcm2SwurMbkb8fMQtyICCsNRRrSUyMphlN1x.1iUrh1z_5GNrsBpge1GFKY87b6aH97RtHfJm1M7kgfY%26dib_tag%3Dse%26qid%3D1713240766%26s%3Delectronics%26sr%3D1-127-spons%26sp_csd%3Dd2lkZ2V0TmFtZT1zcF9tdGZfYnJvd3Nl%26psc%3D1,https://m.media-amazon.com/images/I/61XT0TmtFJL._AC_SL1500_.jpg
165,Samsung,Samsung Galaxy Z Fold 5,Phantom Black,Amazon,256,12GB,,,4400,"65,450.00",https://www.amazon.eg/-/en/sspa/click?ie=UTF8&spc=MTo2MzI4OTE4Njc3NjI0MTA2OjE3MTMyNDA3NjY6c3BfbXRmX2Jyb3dzZTozMDAxNTM2Njc3MzQ4MzI6OjA6Og&url=%2FSamsung-Galaxy-Android-Smartphone-Phantom%2Fdp%2FB0CC9VZDVS%2Fref%3Dsr_1_128_sspa%3Fdib%3DeyJ2IjoiMSJ9.K03jlks_fL5EOtIsEiU7ptXKhoq_uHSQlRseTfkpfXAVLxa9xGQ-s0s-dv8Au_DX3Id-OQ2ONpGdM1Ivl7uaNPEMW1_wcYH0Hu1Bx3Tz0LHwUcwZ-xIe9XUNzHycbnI-Am7L2zmUbYFTRT71SwqwbPcUwNL7n7vR_Tgaj2Fyra3kvGGkUF-_LVaQApCQrhXld-zee2jeAoMxytrc0PRviPwkLZ3nGcm2SwurMbkb8fMQtyICCsNRRrSUyMphlN1x.1iUrh1z_5GNrsBpge1GFKY87b6aH97RtHfJm1M7kgfY%26dib_tag%3Dse%26qid%3D1713240766%26s%3Delectronics%26sr%3D1-128-spons%26sp_csd%3Dd2lkZ2V0TmFtZT1zcF9tdGZfYnJvd3Nl%26psc%3D1,https://m.media-amazon.com/images/I/7102NAlM6FL._AC_SL1500_.jpg
166,realme,6.9414E+12,Black,Amazon,32,2GB,,,5000,"3,999.00",https://www.amazon.eg/-/en/Realme-C30-2GB-RAM-32GB/dp/B0BTTRJC1P,https://m.media-amazon.com/images/I/61NLuV6HVQL._AC_SL1080_.jpg
167,Xiaomi,Redmi 12,light blue,Amazon,128,8GB,,,,"7,955.00",https://www.amazon.eg/-/en/Xiaomi-Redmi-Blue-Storage-High-Resolution/dp/B0C7HJ8HP9,https://m.media-amazon.com/images/I/61Rb+Vyug9L._AC_SL1500_.jpg
168,Dl3 Mobilak,,Gray,Amazon,,,,,,140,https://www.amazon.eg/-/en/Dl3-Mobilak-Compatible-Protective-Anti-Scratch/dp/B0D162TVCV,https://m.media-amazon.com/images/I/61TGzTRcsbL._AC_SL1500_.jpg
169,realme,realme 11 Pro,beige,Amazon,256,Dynamic,,,29,"15,550.00",https://www.amazon.eg/-/en/realme-Sunrise-Prolight-Dimensity-SUPERVOOC/dp/B0C78GR61T,https://m.media-amazon.com/images/I/71HZ0tigFFL._AC_SL1500_.jpg
170,HONOR,HONOR X7b,Emerald Green,Amazon,256,6GB,,,,"11,499.00",https://www.amazon.eg/-/en/HONOR-Internal-storage-6000mAH-Emerald/dp/B0CVHDLD4P,https://m.media-amazon.com/images/I/51ykLhmalQL._AC_SL1000_.jpg
171,SAMSUNG,Samsung Galaxy S24,Onyx Black,Amazon,256,8GB,,,,"44,999.00",https://www.amazon.eg/-/en/SAMSUNG-Android-Smartphone-Storage-Battery/dp/B0CQYZM244,https://m.media-amazon.com/images/I/61K4MCJVkEL._AC_SL1426_.jpg
172,Apple,Apple 15 Bionic,,Amazon,128,,,,,"32,999.00",https://www.amazon.eg/-/en/Apple-iPhone-13-128-GB/dp/B09V3HDPRL,https://m.media-amazon.com/images/I/51yG1FjZVYL._AC_SL1500_.jpg
173,OPPO,CPH2349,Black,Amazon,32,3GB,,,,"4,766.00",https://www.amazon.eg/-/en/OPPO-A16K-Dual-32GB-Inches/dp/B09PY241T2,https://m.media-amazon.com/images/I/61uwPrEh7bL._AC_SL1500_.jpg
174,HONOR,HONOR X5,Sunrise Orange,Amazon,32,2GB,,,,"3,499.00",https://www.amazon.eg/-/en/Honor-Single-SIM-32GB-Inches/dp/B0CSBZP7JZ,https://m.media-amazon.com/images/I/61ca64DYlOL._AC_SL1000_.jpg
175,,,,Amazon,,MB,,,,490,https://www.amazon.eg/-/en/Nokia-106-4-RAM-Dual-Phone/dp/B07MJRQY64,https://m.media-amazon.com/images/I/612Slbt4wdL._AC_SL1500_.jpg
176,Apple,,blue,Amazon,256,GB,,,,"25,999.00",https://www.amazon.eg/-/en/Apple-Iphone-Max-Facetime-Sim/dp/B07HBCYHDH,https://m.media-amazon.com/images/I/71LNnMEDMyL._AC_SL1500_.jpg
177,SAMSUNG,,Blue,Amazon,64,4GB,,,,"6,060.00",https://www.amazon.eg/-/en/Samsung-Galaxy-Dual-64GB-Storage/dp/B0BBSHC469,https://m.media-amazon.com/images/I/61VgSCWzbXL._AC_SL1500_.jpg
0,Generic,"105 EG Mobile TA-1459 DS Charcoal Black, Dual Sim",Black,Amazon,1.99,SIM,,,,679,https://www.amazon.eg/-/en/sspa/click?ie=UTF8&spc=MTo0MTAyNjg5MjgzMTgwMTA2OjE3MTMyMzgyOTE6c3BfYXRmX2Jyb3dzZTozMDAxMzM1MzYwNTY1MzI6OjA6Og&url=%2FMobile-Phone-TA-1459-Charcoal-Ramadan%2Fdp%2FB0CV3GMYY5%2Fref%3Dsr_1_1_sspa%3Fdib%3DeyJ2IjoiMSJ9.DUgnSqAGmobQ6tHFYzqJOemqOGGwYOhhJ7ada4AUda7pGL8cRLpwzJMIFVlYq5EqwKPGeplp2xTmM6ZVEJoJjkyASEscR1FMSQzl7hWEzAZ7rcGxriC8fatHnQ4IPuZ3BHqZ7kV62bFBDsilH9vYBlCNoW3S27BwAoy02tc1m2Ki5UlkTFq3PqgJYNdtrOrFDMjdW22cNoMcsSdVPJUowvJ40xkIl_tfsbRZRyKCaoOeaHEQZ6IcsG6JLmBtvlSqakwj5QEzmIzakrHEGAzO4KlFKX8Tgy_8pRANh0Gwcmo.4ADE55Oi_48XCwSHs34JmtGaHGvPgO04Btilhb1eZo4%26dib_tag%3Dse%26qid%3D1713238291%26s%3Delectronics%26sr%3D1-1-spons%26sp_csd%3Dd2lkZ2V0TmFtZT1zcF9hdGZfYnJvd3Nl%26psc%3D1,https://m.media-amazon.com/images/I/41ZvwWEkBiL._AC_.jpg
1,Generic,1,Black,Amazon,15,,,,,464,https://www.amazon.eg/-/en/sspa/click?ie=UTF8&spc=MTo0MTAyNjg5MjgzMTgwMTA2OjE3MTMyMzgyOTE6c3BfYXRmX2Jyb3dzZTozMDAxNTE4OTAwOTM3MzI6OjA6Og&url=%2FMobile-Phone-105-Black-Single%2Fdp%2FB0CY93TDL8%2Fref%3Dsr_1_2_sspa%3Fdib%3DeyJ2IjoiMSJ9.DUgnSqAGmobQ6tHFYzqJOemqOGGwYOhhJ7ada4AUda7pGL8cRLpwzJMIFVlYq5EqwKPGeplp2xTmM6ZVEJoJjkyASEscR1FMSQzl7hWEzAZ7rcGxriC8fatHnQ4IPuZ3BHqZ7kV62bFBDsilH9vYBlCNoW3S27BwAoy02tc1m2Ki5UlkTFq3PqgJYNdtrOrFDMjdW22cNoMcsSdVPJUowvJ40xkIl_tfsbRZRyKCaoOeaHEQZ6IcsG6JLmBtvlSqakwj5QEzmIzakrHEGAzO4KlFKX8Tgy_8pRANh0Gwcmo.4ADE55Oi_48XCwSHs34JmtGaHGvPgO04Btilhb1eZo4%26dib_tag%3Dse%26qid%3D1713238291%26s%3Delectronics%26sr%3D1-2-spons%26sp_csd%3Dd2lkZ2V0TmFtZT1zcF9hdGZfYnJvd3Nl%26psc%3D1,https://m.media-amazon.com/images/I/513up6tVw5L._AC_SL1500_.jpg
2,Generic,Nokia 110 Dual SIM Mobile,Black,Amazon,,(&&,,,,553,https://www.amazon.eg/-/en/sspa/click?ie=UTF8&spc=MTo0MTAyNjg5MjgzMTgwMTA2OjE3MTMyMzgyOTE6c3BfYXRmX2Jyb3dzZTozMDAxMDc3NjEzMzY5MzI6OjA6Og&url=%2FMobile-Phone-Black-Ramadan-Kareem%2Fdp%2FB0CQ3PG5WJ%2Fref%3Dsr_1_3_sspa%3Fdib%3DeyJ2IjoiMSJ9.DUgnSqAGmobQ6tHFYzqJOemqOGGwYOhhJ7ada4AUda7pGL8cRLpwzJMIFVlYq5EqwKPGeplp2xTmM6ZVEJoJjkyASEscR1FMSQzl7hWEzAZ7rcGxriC8fatHnQ4IPuZ3BHqZ7kV62bFBDsilH9vYBlCNoW3S27BwAoy02tc1m2Ki5UlkTFq3PqgJYNdtrOrFDMjdW22cNoMcsSdVPJUowvJ40xkIl_tfsbRZRyKCaoOeaHEQZ6IcsG6JLmBtvlSqakwj5QEzmIzakrHEGAzO4KlFKX8Tgy_8pRANh0Gwcmo.4ADE55Oi_48XCwSHs34JmtGaHGvPgO04Btilhb1eZo4%26dib_tag%3Dse%26qid%3D1713238291%26s%3Delectronics%26sr%3D1-3-spons%26sp_csd%3Dd2lkZ2V0TmFtZT1zcF9hdGZfYnJvd3Nl%26psc%3D1,https://m.media-amazon.com/images/I/41g7zULUMlL._AC_.jpg
3,Nokia,G21,Blue,Amazon,128,4GB,,,,"3,999.00",https://www.amazon.eg/-/en/Nokia-G21-Dual-128GB-Inches/dp/B0B39LMDKP,https://m.media-amazon.com/images/I/71AQ3qEZ-VL._AC_SL1500_.jpg
4,,,,Amazon,,8GB,,,5000,"15,444.00",https://www.amazon.eg/-/en/Samsung-Galaxy-Dual-128GB-Inches/dp/B0BXNW1KFB,https://m.media-amazon.com/images/I/71xU8w3fHJL._AC_SL1500_.jpg
5,SAMSUNG,Samsung Galaxy A05s,Black,Amazon,128,4GB,,,,"5,600.00",https://www.amazon.eg/-/en/Samsung-Galaxy-Android-Smartphone-Storage/dp/B0CP45G7C5,https://m.media-amazon.com/images/I/61jBR+KUEDL._AC_SL1500_.jpg
6,Samsung,Galaxy A54,Awesome Graphite,Amazon,256,8GB,,,5000,"16,840.00",https://www.amazon.eg/-/en/Samsung-Galaxy-A54-Graphite-Warranty/dp/B0BXP126BQ,https://m.media-amazon.com/images/I/71xU8w3fHJL._AC_SL1500_.jpg
7,Samsung,Samsung Galaxy A54,chartreuse,Amazon,256,8GB,,,5000,"17,415.00",https://www.amazon.eg/-/en/Samsung-Galaxy-Dual-256GB-Inches/dp/B0BXNWQZZB,https://m.media-amazon.com/images/I/716FwKy9FlL._AC_SL1500_.jpg
8,SAMSUNG,Samsung Galaxy A05s,Black,Amazon,128,6GB,,,,"6,499.00",https://www.amazon.eg/-/en/Samsung-Galaxy-Android-Smartphone-Storage/dp/B0CP45ZGRK,https://m.media-amazon.com/images/I/61jBR+KUEDL._AC_SL1500_.jpg
9,,,,Amazon,,8GB,,,5000,"15,444.00",https://www.amazon.eg/-/en/Samsung-Galaxy-A54-Android-Awesome/dp/B0BXNW1SP4,https://m.media-amazon.com/images/I/51kQgMblg9L._AC_.jpg
10,SAMSUNG,Galaxy S24 Ultra,Titanium Black,Amazon,256,12GB,,,,"1,200.00",https://www.amazon.eg/-/en/SAMSUNG-Android-Smartphone-Storage-Battery/dp/B0CQZ22Q7L,https://m.media-amazon.com/images/I/719HV2e6-sL._AC_SL1500_.jpg
11,Itel,A58 Pro,multi,Amazon,32,2GB,,,,"3,725.00",https://www.amazon.eg/-/en/Itel-A58-32GB-6-66-Inches/dp/B09TVT8ZL8,https://m.media-amazon.com/images/I/41-h5jK4PlL._AC_SL1000_.jpg
12,Generic,1,White,Amazon,15,,,,,694,https://www.amazon.eg/-/en/sspa/click?ie=UTF8&spc=MTo0MTAyNjg5MjgzMTgwMTA2OjE3MTMyMzgyOTE6c3BfbXRmX2Jyb3dzZTozMDAxNTE4OTAwOTMzMzI6OjA6Og&url=%2FDual-B310-2G-Mobile-Phone-White%2Fdp%2FB0CYDSRKKK%2Fref%3Dsr_1_13_sspa%3Fdib%3DeyJ2IjoiMSJ9.DUgnSqAGmobQ6tHFYzqJOemqOGGwYOhhJ7ada4AUda7pGL8cRLpwzJMIFVlYq5EqwKPGeplp2xTmM6ZVEJoJjkyASEscR1FMSQzl7hWEzAZ7rcGxriC8fatHnQ4IPuZ3BHqZ7kV62bFBDsilH9vYBlCNoW3S27BwAoy02tc1m2Ki5UlkTFq3PqgJYNdtrOrFDMjdW22cNoMcsSdVPJUowvJ40xkIl_tfsbRZRyKCaoOeaHEQZ6IcsG6JLmBtvlSqakwj5QEzmIzakrHEGAzO4KlFKX8Tgy_8pRANh0Gwcmo.4ADE55Oi_48XCwSHs34JmtGaHGvPgO04Btilhb1eZo4%26dib_tag%3Dse%26qid%3D1713238291%26s%3Delectronics%26sr%3D1-13-spons%26sp_csd%3Dd2lkZ2V0TmFtZT1zcF9tdGZfYnJvd3Nl%26psc%3D1,https://m.media-amazon.com/images/I/61j4wLZg8CL._AC_SL1280_.jpg
13,Generic,105,Black,Amazon,1,,,,,535,https://www.amazon.eg/-/en/sspa/click?ie=UTF8&spc=MTo0MTAyNjg5MjgzMTgwMTA2OjE3MTMyMzgyOTE6c3BfbXRmX2Jyb3dzZTozMDAxMzI1NTIzMTQ3MzI6OjA6Og&url=%2FMobile-105-Phone-105-Black-Dual-SIM%2Fdp%2FB0CV9TRH4W%2Fref%3Dsr_1_14_sspa%3Fdib%3DeyJ2IjoiMSJ9.DUgnSqAGmobQ6tHFYzqJOemqOGGwYOhhJ7ada4AUda7pGL8cRLpwzJMIFVlYq5EqwKPGeplp2xTmM6ZVEJoJjkyASEscR1FMSQzl7hWEzAZ7rcGxriC8fatHnQ4IPuZ3BHqZ7kV62bFBDsilH9vYBlCNoW3S27BwAoy02tc1m2Ki5UlkTFq3PqgJYNdtrOrFDMjdW22cNoMcsSdVPJUowvJ40xkIl_tfsbRZRyKCaoOeaHEQZ6IcsG6JLmBtvlSqakwj5QEzmIzakrHEGAzO4KlFKX8Tgy_8pRANh0Gwcmo.4ADE55Oi_48XCwSHs34JmtGaHGvPgO04Btilhb1eZo4%26dib_tag%3Dse%26qid%3D1713238291%26s%3Delectronics%26sr%3D1-14-spons%26sp_csd%3Dd2lkZ2V0TmFtZT1zcF9tdGZfYnJvd3Nl%26psc%3D1,https://m.media-amazon.com/images/I/61XT0TmtFJL._AC_SL1500_.jpg
14,Samsung,Samsung Galaxy Z Fold 5,Phantom Black,Amazon,256,12GB,,,4400,"65,450.00",https://www.amazon.eg/-/en/sspa/click?ie=UTF8&spc=MTo0MTAyNjg5MjgzMTgwMTA2OjE3MTMyMzgyOTE6c3BfbXRmX2Jyb3dzZTozMDAxNTM2Njc3MzQ4MzI6OjA6Og&url=%2FSamsung-Galaxy-Android-Smartphone-Phantom%2Fdp%2FB0CC9VZDVS%2Fref%3Dsr_1_15_sspa%3Fdib%3DeyJ2IjoiMSJ9.DUgnSqAGmobQ6tHFYzqJOemqOGGwYOhhJ7ada4AUda7pGL8cRLpwzJMIFVlYq5EqwKPGeplp2xTmM6ZVEJoJjkyASEscR1FMSQzl7hWEzAZ7rcGxriC8fatHnQ4IPuZ3BHqZ7kV62bFBDsilH9vYBlCNoW3S27BwAoy02tc1m2Ki5UlkTFq3PqgJYNdtrOrFDMjdW22cNoMcsSdVPJUowvJ40xkIl_tfsbRZRyKCaoOeaHEQZ6IcsG6JLmBtvlSqakwj5QEzmIzakrHEGAzO4KlFKX8Tgy_8pRANh0Gwcmo.4ADE55Oi_48XCwSHs34JmtGaHGvPgO04Btilhb1eZo4%26dib_tag%3Dse%26qid%3D1713238291%26s%3Delectronics%26sr%3D1-15-spons%26sp_csd%3Dd2lkZ2V0TmFtZT1zcF9tdGZfYnJvd3Nl%26psc%3D1,https://m.media-amazon.com/images/I/7102NAlM6FL._AC_SL1500_.jpg
15,SAMSUNG,Samsung Galaxy A05 LTE,Black,Amazon,64,4GB,,,,"4,999.00",https://www.amazon.eg/-/en/Samsung-Galaxy-Android-Smartphone-Storage/dp/B0CP45WBMP,https://m.media-amazon.com/images/I/71dYQdmhwFL._AC_SL1500_.jpg
16,SAMSUNG,Samsung Galaxy A25 5G,Light Blue,Amazon,256,8GB,,,,"10,999.00",https://www.amazon.eg/-/en/Samsung-Galaxy-Android-Smartphone-Storage/dp/B0CQ5BYHWY,https://m.media-amazon.com/images/I/614qsXB-XUL._AC_SL1500_.jpg
17,Samsung,Galaxy-A15,Black,Amazon,256,8GB,,,,"8,985.00",https://www.amazon.eg/-/en/Samsung-Galaxy-Dual-256GGB-Inches/dp/B0CQJZ76X9,https://m.media-amazon.com/images/I/514nSB8S9pL._AC_SL1000_.jpg
18,Samsung,Samsung Galaxy A15,Light Blue,Amazon,128,6GB,,,,"7,325.00",https://www.amazon.eg/-/en/Samsung-Galaxy-Dual-128GB-Inches/dp/B0CQ5CZ346,https://m.media-amazon.com/images/I/61cl1NEIrdL._AC_SL1500_.jpg
19,realme,realme 11 5g,Glory Black,Amazon,8,8GB,,,,"10,180.00",https://www.amazon.eg/-/en/Realme-Dual-SIM-256GB-Glory-Black/dp/B0CGJ3N268,https://m.media-amazon.com/images/I/71VVj2qIIgL._AC_SL1500_.jpg
20,realme,Realme C53,Champion Gold,Amazon,8,GB,,,,"6,999.00",https://www.amazon.eg/-/en/Realme-Dual-SIM-256GB-Champion-Gold/dp/B0CNLRD3SY,https://m.media-amazon.com/images/I/81ZZ+2aDSXL._AC_SL1500_.jpg
21,SAMSUNG,Galaxy-A05,Black,Amazon,128,6GB,,,5000,"5,899.00",https://www.amazon.eg/-/en/Samsung-Galaxy-Android-Smartphone-Storage/dp/B0CR6BZHYC,https://m.media-amazon.com/images/I/61xn0PNMjIL._AC_SL1485_.jpg
22,Samsung,Samsung Galaxy A15,Black,Amazon,128,6GB,,,,50,https://www.amazon.eg/-/en/Samsung-Galaxy-Dual-128GB-Inches/dp/B0CQ5BMBGN,https://m.media-amazon.com/images/I/61isHdQ+TDL._AC_SL1500_.jpg
23,realme,Realme C53,Champion Gold,Amazon,128,6GB,,,,"6,299.00",https://www.amazon.eg/-/en/Realme-Dual-SIM-128GB-Champion-Gold/dp/B0C5XJ2HRM,https://m.media-amazon.com/images/I/71uqxJZTm-L._AC_SL1500_.jpg
24,Xiaomi,MZB0E0IEU,Onyx Gray,Amazon,128,8GB,,,5000,"8,499.00",https://www.amazon.eg/-/en/Xiaomi-Redmi-Note-Dual-128GB/dp/B0BZJ2LLGL,https://m.media-amazon.com/images/I/51W1mldZtDL._AC_SL1500_.jpg
25,Nokia,NOKIA 105_DS_BLACK,Black,Amazon,0.03,,,,,475,https://www.amazon.eg/-/en/NOKIA-105-Dual-SIM-Black/dp/B07WXW8V4X,https://m.media-amazon.com/images/I/61LffJw7v4L._AC_SL1500_.jpg
26,Samsung,Samsung Galaxy A54,Awesome White,Amazon,128,8GB,,,5000,"15,444.00",https://www.amazon.eg/-/en/Samsung-Galaxy-A54-Android-Warranty/dp/B0BXNWHSM7,https://m.media-amazon.com/images/I/51ySQH9NhXL._AC_.jpg
27,Apple,Iphone 15,grey,Amazon,256,,,,,"75,000.00",https://www.amazon.eg/-/en/Apple-iPhone-Pro-Max-256/dp/B0CHXSKYN6,https://m.media-amazon.com/images/I/717trh2j6CL._AC_SL1500_.jpg
28,Xiaomi,Redmi Note 13,Green,Amazon,256,8GB,,,,"10,770.00",https://www.amazon.eg/-/en/Redmi-Note-Green-Storage-screen/dp/B0CQKDDCVK,https://m.media-amazon.com/images/I/51Q+-U8vAVL._AC_SL1200_.jpg
29,SAMSUNG,S23 Ultra,Phantom Black,Amazon,256,,,,,"44,980.00",https://www.amazon.eg/-/en/Samsung-Phantom-Smartphone-Manufacturer-Warranty/dp/B0BSLBMCB2,https://m.media-amazon.com/images/I/71iBKcLHXFL._AC_SL1500_.jpg
30,Generic,1,Black,Amazon,15,,,,,464,https://www.amazon.eg/-/en/sspa/click?ie=UTF8&spc=MToyMjE2OTYwNzA4NTMxMTA2OjE3MTMyMzg3NzQ6c3BfYXRmX2Jyb3dzZTozMDAxNTE4OTAwOTM3MzI6OjA6Og&url=%2FMobile-Phone-105-Black-Single%2Fdp%2FB0CY93TDL8%2Fref%3Dsr_1_25_sspa%3Fdib%3DeyJ2IjoiMSJ9.NibK6Xfjo9g1MColQhQkpRB_eOfI0bQO9cLPsmbOF-XF0qPiYfgYYIatHeBtc1w79J-BF6rm_WIQkTFw-xjQ97VItDcTmnN-KYgnb90hLD0FoT0E8Qt_iiKA0xHogaGV6ct_UJOsaD830p4Awn5eBoFHKIoVppuiF5ZzaWnzTLXN5ASRh1TrUL99oSPg7kDM2fJnVW20YKKAScYlai6HDQvY7sZJtMoULTuRCCQ_pmaxEuH7GJBdzTorgjSilDw_FP7oXdukGTDhlvsy4DS-IBZSkemwPxrYQsp_z4JDZOg.uFPIIppq81VE6yTFFKuIWPerOPY9M-JbdA4nkESi1p8%26dib_tag%3Dse%26qid%3D1713238774%26s%3Delectronics%26sr%3D1-25-spons%26sp_csd%3Dd2lkZ2V0TmFtZT1zcF9hdGZfYnJvd3Nl%26psc%3D1,https://m.media-amazon.com/images/I/513up6tVw5L._AC_SL1500_.jpg
31,Generic,"105 EG Mobile TA-1459 DS Charcoal Black, Dual Sim",Black,Amazon,1.99,SIM,,,,679,https://www.amazon.eg/-/en/sspa/click?ie=UTF8&spc=MToyMjE2OTYwNzA4NTMxMTA2OjE3MTMyMzg3NzQ6c3BfYXRmX2Jyb3dzZTozMDAxMzM1MzYwNTY1MzI6OjA6Og&url=%2FMobile-Phone-TA-1459-Charcoal-Ramadan%2Fdp%2FB0CV3GMYY5%2Fref%3Dsr_1_26_sspa%3Fdib%3DeyJ2IjoiMSJ9.NibK6Xfjo9g1MColQhQkpRB_eOfI0bQO9cLPsmbOF-XF0qPiYfgYYIatHeBtc1w79J-BF6rm_WIQkTFw-xjQ97VItDcTmnN-KYgnb90hLD0FoT0E8Qt_iiKA0xHogaGV6ct_UJOsaD830p4Awn5eBoFHKIoVppuiF5ZzaWnzTLXN5ASRh1TrUL99oSPg7kDM2fJnVW20YKKAScYlai6HDQvY7sZJtMoULTuRCCQ_pmaxEuH7GJBdzTorgjSilDw_FP7oXdukGTDhlvsy4DS-IBZSkemwPxrYQsp_z4JDZOg.uFPIIppq81VE6yTFFKuIWPerOPY9M-JbdA4nkESi1p8%26dib_tag%3Dse%26qid%3D1713238774%26s%3Delectronics%26sr%3D1-26-spons%26sp_csd%3Dd2lkZ2V0TmFtZT1zcF9hdGZfYnJvd3Nl%26psc%3D1,https://m.media-amazon.com/images/I/41ZvwWEkBiL._AC_.jpg
32,Generic,1,White,Amazon,15,,,,,694,https://www.amazon.eg/-/en/sspa/click?ie=UTF8&spc=MToyMjE2OTYwNzA4NTMxMTA2OjE3MTMyMzg3NzQ6c3BfYXRmX2Jyb3dzZTozMDAxNTE4OTAwOTMzMzI6OjA6Og&url=%2FDual-B310-2G-Mobile-Phone-White%2Fdp%2FB0CYDSRKKK%2Fref%3Dsr_1_27_sspa%3Fdib%3DeyJ2IjoiMSJ9.NibK6Xfjo9g1MColQhQkpRB_eOfI0bQO9cLPsmbOF-XF0qPiYfgYYIatHeBtc1w79J-BF6rm_WIQkTFw-xjQ97VItDcTmnN-KYgnb90hLD0FoT0E8Qt_iiKA0xHogaGV6ct_UJOsaD830p4Awn5eBoFHKIoVppuiF5ZzaWnzTLXN5ASRh1TrUL99oSPg7kDM2fJnVW20YKKAScYlai6HDQvY7sZJtMoULTuRCCQ_pmaxEuH7GJBdzTorgjSilDw_FP7oXdukGTDhlvsy4DS-IBZSkemwPxrYQsp_z4JDZOg.uFPIIppq81VE6yTFFKuIWPerOPY9M-JbdA4nkESi1p8%26dib_tag%3Dse%26qid%3D1713238774%26s%3Delectronics%26sr%3D1-27-spons%26sp_csd%3Dd2lkZ2V0TmFtZT1zcF9hdGZfYnJvd3Nl%26psc%3D1,https://m.media-amazon.com/images/I/61j4wLZg8CL._AC_SL1280_.jpg
33,Samsung,Samsung Galaxy S23 FE,Graphite,Amazon,256,8GB,,,,"27,995.00",https://www.amazon.eg/-/en/Samsung-Galaxy-Android-Smartphone-256GB/dp/B0CJXPW2GD,https://m.media-amazon.com/images/I/61-E0V81kBL._AC_SL1500_.jpg
34,OPPO,Oppo Reno 8T,red,Amazon,256,8GB,,,,"11,350.00",https://www.amazon.eg/-/en/OPPO-Reno-Dual-256GB-Inches/dp/B0BVVR3NBM,https://m.media-amazon.com/images/I/61cIST+osWL._AC_SL1390_.jpg
35,OPPO,Oppo Reno 10,light blue,Amazon,256,8GB,,,,"15,950.00",https://www.amazon.eg/-/en/OPPO-Reno10-Dual-256GB-Inches/dp/B0CBKKYDXF,https://m.media-amazon.com/images/I/71F+uT0BRAL._AC_SL1500_.jpg
36,HONOR,Honor Pad,Space Gray,Amazon,128,4GB,,,7250,"8,999.00",https://www.amazon.eg/-/en/Honor-Inches-Space-128GB-Wi-Fi/dp/B0CCY9C8QX,https://m.media-amazon.com/images/I/61+JGgRUWpL._AC_SL1080_.jpg
37,Samsung,Galaxy-A15,Light Blue,Amazon,256,8GB,,,,"9,399.00",https://www.amazon.eg/-/en/Samsung-Galaxy-Dual-256GGB-Inches/dp/B0CQJYYWLH,https://m.media-amazon.com/images/I/51Cida8RecL._AC_SL1000_.jpg
38,Xiaomi,Redmi Note 13,Midnight Black,Amazon,256,8GB,,,,"10,770.00",https://www.amazon.eg/-/en/Redmi-Note-13-256GB-Inches/dp/B0CWRLJYGJ,https://m.media-amazon.com/images/I/51xTkm8N0fL._AC_SL1000_.jpg
39,Samsung,Samsung Galaxy A15,Light Blue,Amazon,128,4GB,,,,"6,750.00",https://www.amazon.eg/-/en/Samsung-Galaxy-Dual-128GB-Inches/dp/B0CQ59K8F9,https://m.media-amazon.com/images/I/61cl1NEIrdL._AC_SL1500_.jpg
40,OPPO,Oppo A78,green,Amazon,256,8GB,,,,"8,500.00",https://www.amazon.eg/-/en/OPPO-A78-256GB-Inches-4G/dp/B0CCRXSWNP,https://m.media-amazon.com/images/I/61tl7PNht9L._AC_SL1200_.jpg
41,Redmi,,Graphite Gray,Amazon,32,3GB,,,,"5,199.00",https://www.amazon.eg/-/en/Redmi-12C-Dual-SIM-32GB/dp/B0CG5W46NH,https://m.media-amazon.com/images/I/61Pjk+wUoeL._AC_SL1500_.jpg
42,realme,Realme C55,Black,Amazon,8,8GB,,,,"7,399.00",https://www.amazon.eg/-/en/Realme-256GB-Rainy-Night-Black/dp/B0BXQ2HNDC,https://m.media-amazon.com/images/I/71z0GCE5GsL._AC_SL1500_.jpg
43,Xiaomi,Redmi 13C,Midnight Black,Amazon,256,8GB,,,18,"7,199.00",https://www.amazon.eg/-/en/Xiaomi-Redmi-13C-256GB-Inches/dp/B0CT3N5CFC,https://m.media-amazon.com/images/I/51z+jOOKlJL._AC_SL1000_.jpg
44,egyptian saudi insurance house,1 Year Extended Warranty Plan,red,Amazon,,,,,,54,https://www.amazon.eg/-/en/Extended-Warranty-Audio-Video-products-EGP999-99/dp/B09TTPFCLW,https://m.media-amazon.com/images/I/61wDIlo+8+L._AC_SL1500_.jpg
45,Generic,Nokia 110 Dual SIM Mobile,Black,Amazon,,(&&,,,,553,https://www.amazon.eg/-/en/sspa/click?ie=UTF8&spc=MToyMjE2OTYwNzA4NTMxMTA2OjE3MTMyMzg3NzQ6c3BfbXRmX2Jyb3dzZTozMDAxMDc3NjEzMzY5MzI6OjA6Og&url=%2FMobile-Phone-Black-Ramadan-Kareem%2Fdp%2FB0CQ3PG5WJ%2Fref%3Dsr_1_40_sspa%3Fdib%3DeyJ2IjoiMSJ9.NibK6Xfjo9g1MColQhQkpRB_eOfI0bQO9cLPsmbOF-XF0qPiYfgYYIatHeBtc1w79J-BF6rm_WIQkTFw-xjQ97VItDcTmnN-KYgnb90hLD0FoT0E8Qt_iiKA0xHogaGV6ct_UJOsaD830p4Awn5eBoFHKIoVppuiF5ZzaWnzTLXN5ASRh1TrUL99oSPg7kDM2fJnVW20YKKAScYlai6HDQvY7sZJtMoULTuRCCQ_pmaxEuH7GJBdzTorgjSilDw_FP7oXdukGTDhlvsy4DS-IBZSkemwPxrYQsp_z4JDZOg.uFPIIppq81VE6yTFFKuIWPerOPY9M-JbdA4nkESi1p8%26dib_tag%3Dse%26qid%3D1713238774%26s%3Delectronics%26sr%3D1-40-spons%26sp_csd%3Dd2lkZ2V0TmFtZT1zcF9tdGZfYnJvd3Nl%26psc%3D1,https://m.media-amazon.com/images/I/41g7zULUMlL._AC_.jpg
46,Generic,105,Black,Amazon,1,,,,,535,https://www.amazon.eg/-/en/sspa/click?ie=UTF8&spc=MToyMjE2OTYwNzA4NTMxMTA2OjE3MTMyMzg3NzQ6c3BfbXRmX2Jyb3dzZTozMDAxMzI1NTIzMTQ3MzI6OjA6Og&url=%2FMobile-105-Phone-105-Black-Dual-SIM%2Fdp%2FB0CV9TRH4W%2Fref%3Dsr_1_41_sspa%3Fdib%3DeyJ2IjoiMSJ9.NibK6Xfjo9g1MColQhQkpRB_eOfI0bQO9cLPsmbOF-XF0qPiYfgYYIatHeBtc1w79J-BF6rm_WIQkTFw-xjQ97VItDcTmnN-KYgnb90hLD0FoT0E8Qt_iiKA0xHogaGV6ct_UJOsaD830p4Awn5eBoFHKIoVppuiF5ZzaWnzTLXN5ASRh1TrUL99oSPg7kDM2fJnVW20YKKAScYlai6HDQvY7sZJtMoULTuRCCQ_pmaxEuH7GJBdzTorgjSilDw_FP7oXdukGTDhlvsy4DS-IBZSkemwPxrYQsp_z4JDZOg.uFPIIppq81VE6yTFFKuIWPerOPY9M-JbdA4nkESi1p8%26dib_tag%3Dse%26qid%3D1713238774%26s%3Delectronics%26sr%3D1-41-spons%26sp_csd%3Dd2lkZ2V0TmFtZT1zcF9tdGZfYnJvd3Nl%26psc%3D1,https://m.media-amazon.com/images/I/61XT0TmtFJL._AC_SL1500_.jpg
47,Samsung,Samsung Galaxy Z Fold 5,Phantom Black,Amazon,256,12GB,,,4400,"65,450.00",https://www.amazon.eg/-/en/sspa/click?ie=UTF8&spc=MToyMjE2OTYwNzA4NTMxMTA2OjE3MTMyMzg3NzQ6c3BfbXRmX2Jyb3dzZTozMDAxNTM2Njc3MzQ4MzI6OjA6Og&url=%2FSamsung-Galaxy-Android-Smartphone-Phantom%2Fdp%2FB0CC9VZDVS%2Fref%3Dsr_1_42_sspa%3Fdib%3DeyJ2IjoiMSJ9.NibK6Xfjo9g1MColQhQkpRB_eOfI0bQO9cLPsmbOF-XF0qPiYfgYYIatHeBtc1w79J-BF6rm_WIQkTFw-xjQ97VItDcTmnN-KYgnb90hLD0FoT0E8Qt_iiKA0xHogaGV6ct_UJOsaD830p4Awn5eBoFHKIoVppuiF5ZzaWnzTLXN5ASRh1TrUL99oSPg7kDM2fJnVW20YKKAScYlai6HDQvY7sZJtMoULTuRCCQ_pmaxEuH7GJBdzTorgjSilDw_FP7oXdukGTDhlvsy4DS-IBZSkemwPxrYQsp_z4JDZOg.uFPIIppq81VE6yTFFKuIWPerOPY9M-JbdA4nkESi1p8%26dib_tag%3Dse%26qid%3D1713238774%26s%3Delectronics%26sr%3D1-42-spons%26sp_csd%3Dd2lkZ2V0TmFtZT1zcF9tdGZfYnJvd3Nl%26psc%3D1,https://m.media-amazon.com/images/I/7102NAlM6FL._AC_SL1500_.jpg
48,Redmi,Redmi 12 - Midnight Black,Sky Blue,Amazon,256,8GB,,,5000,"7,599.00",https://www.amazon.eg/-/en/Redmi-12-256GB-6-79-Inches/dp/B0CVND8111,https://m.media-amazon.com/images/I/5130q70SzrL._AC_SL1000_.jpg
49,realme,realme 12 pro+,Submarine Blue,Amazon,12,12GB,,,,250,https://www.amazon.eg/-/en/realme-Pro-Dual-12GB-512GB/dp/B0CTZW624P,https://m.media-amazon.com/images/I/81GvcYAFKbL._AC_SL1500_.jpg
50,SAMSUNG,Samsung Galaxy A25 5G,Black,Amazon,128,6GB,,,,"9,999.00",https://www.amazon.eg/-/en/Samsung-Galaxy-Android-Smartphone-Storage/dp/B0CQ5CQG31,https://m.media-amazon.com/images/I/61n8R-QRkUL._AC_SL1500_.jpg
51,realme,Realme C51,Carbon Black,Amazon,4,4GB,,,,"5,598.00",https://www.amazon.eg/-/en/Realme-Supper-Charger-Dynamic-Inches/dp/B0CHZ29FRV,https://m.media-amazon.com/images/I/51XS4DYEgQL._AC_SL1500_.jpg
52,OPPO,A58,black,Amazon,128,6GB,,,33,"6,850.00",https://www.amazon.eg/-/en/Oppo-A58-Dual-128GB-Black/dp/B0CDBP5HFB,https://m.media-amazon.com/images/I/81gpCfWufkL._AC_SL1500_.jpg
53,Egyptian Saudi Insurance House,1 Year Extended Warranty Plan,red,Amazon,,,,,,27,https://www.amazon.eg/-/en/Extended-Household-Appliance-Equipment-EGP499-99/dp/B09TTLKL6C,https://m.media-amazon.com/images/I/61eiunz3JaL._AC_SL1500_.jpg
54,Nokia,Nokia C10,Grey,Amazon,32,2gb,,,3000,"3,725.00",https://www.amazon.eg/-/en/Nokia-c10-dual-sim-32gb/dp/B0C1ZNGYJQ,https://m.media-amazon.com/images/I/71nZAbL5+BL._AC_SL1500_.jpg
55,realme,Realme C 55,Sunshower,Amazon,8,,,,,"7,399.00",https://www.amazon.eg/-/en/Realme-55-8G-256G-Sunshower/dp/B0BZWNNRSD,https://m.media-amazon.com/images/I/81tZSD6b3UL._AC_SL1500_.jpg
56,,,Cool Black,Amazon,,8GB,,,,12,https://www.amazon.eg/-/en/OPPO-Smartphone-Version-Fingerprint-Recognition/dp/B0C5N2V1C3,https://m.media-amazon.com/images/I/71JwRA-AUfL._AC_SL1500_.jpg
57,Xiaomi,Redmi 12 - Sky Blue,Sky Blue,Amazon,256,8GB,,,22,"7,680.00",https://www.amazon.eg/-/en/Redmi-Hybrid-Dual-256GB-Inches/dp/B0C9LTLSN2,https://m.media-amazon.com/images/I/51Pm+LJGR3L._AC_SL1000_.jpg
58,SAMSUNG,Galaxy S24 Ultra,Titanium Violet,Amazon,512,12GB,,,,"77,000.00",https://www.amazon.eg/-/en/SAMSUNG-Android-Smartphone-Storage-Battery/dp/B0CQZ1JYNY,https://m.media-amazon.com/images/I/71DMZEvfSVL._AC_SL1500_.jpg
59,OPPO,A38,black,Amazon,128,4GB,,,33,"6,390.00",https://www.amazon.eg/-/en/OPPO-SUPERVOOC-Waterdrop-Additional-Exchange/dp/B0CHDW6N8J,https://m.media-amazon.com/images/I/810mPWLr-SL._AC_SL1500_.jpg
60,Generic,1,Black,Amazon,15,,,,,464,https://www.amazon.eg/-/en/sspa/click?ie=UTF8&spc=MTo0MzI1MDA1MzYxMDAxMTA2OjE3MTMyMzkyMzQ6c3BfYXRmX2Jyb3dzZTozMDAxNTE4OTAwOTM3MzI6OjA6Og&url=%2FMobile-Phone-105-Black-Single%2Fdp%2FB0CY93TDL8%2Fref%3Dsr_1_49_sspa%3Fdib%3DeyJ2IjoiMSJ9.N9HfeN986yi177-03Tt9fZC579e0YYmjCznvtaBgIantz9NVnEXJ3vFhaAFcl-7ZL657l2DmFBZj56Lrv3ygu_62Zg8TxNiWcRnPeMPGsk4.DzaI4spm56_RcQ8ECI60KjSrJcikkCX-xzWR4f5LDgU%26dib_tag%3Dse%26qid%3D1713239234%26s%3Delectronics%26sr%3D1-49-spons%26sp_csd%3Dd2lkZ2V0TmFtZT1zcF9hdGZfYnJvd3Nl%26psc%3D1,https://m.media-amazon.com/images/I/513up6tVw5L._AC_SL1500_.jpg
61,Generic,"105 EG Mobile TA-1459 DS Charcoal Black, Dual Sim",Black,Amazon,1.99,SIM,,,,679,https://www.amazon.eg/-/en/sspa/click?ie=UTF8&spc=MTo0MzI1MDA1MzYxMDAxMTA2OjE3MTMyMzkyMzQ6c3BfYXRmX2Jyb3dzZTozMDAxMzM1MzYwNTY1MzI6OjA6Og&url=%2FMobile-Phone-TA-1459-Charcoal-Ramadan%2Fdp%2FB0CV3GMYY5%2Fref%3Dsr_1_50_sspa%3Fdib%3DeyJ2IjoiMSJ9.N9HfeN986yi177-03Tt9fZC579e0YYmjCznvtaBgIantz9NVnEXJ3vFhaAFcl-7ZL657l2DmFBZj56Lrv3ygu_62Zg8TxNiWcRnPeMPGsk4.DzaI4spm56_RcQ8ECI60KjSrJcikkCX-xzWR4f5LDgU%26dib_tag%3Dse%26qid%3D1713239234%26s%3Delectronics%26sr%3D1-50-spons%26sp_csd%3Dd2lkZ2V0TmFtZT1zcF9hdGZfYnJvd3Nl%26psc%3D1,https://m.media-amazon.com/images/I/41ZvwWEkBiL._AC_.jpg
62,Generic,1,White,Amazon,15,,,,,694,https://www.amazon.eg/-/en/sspa/click?ie=UTF8&spc=MTo0MzI1MDA1MzYxMDAxMTA2OjE3MTMyMzkyMzQ6c3BfYXRmX2Jyb3dzZTozMDAxNTE4OTAwOTMzMzI6OjA6Og&url=%2FDual-B310-2G-Mobile-Phone-White%2Fdp%2FB0CYDSRKKK%2Fref%3Dsr_1_51_sspa%3Fdib%3DeyJ2IjoiMSJ9.N9HfeN986yi177-03Tt9fZC579e0YYmjCznvtaBgIantz9NVnEXJ3vFhaAFcl-7ZL657l2DmFBZj56Lrv3ygu_62Zg8TxNiWcRnPeMPGsk4.DzaI4spm56_RcQ8ECI60KjSrJcikkCX-xzWR4f5LDgU%26dib_tag%3Dse%26qid%3D1713239234%26s%3Delectronics%26sr%3D1-51-spons%26sp_csd%3Dd2lkZ2V0TmFtZT1zcF9hdGZfYnJvd3Nl%26psc%3D1,https://m.media-amazon.com/images/I/61j4wLZg8CL._AC_SL1280_.jpg
63,HONOR,Honor 90,Midnight Black,Amazon,12,,,,,"24,399.00",https://www.amazon.eg/-/en/HONOR-90-Smartphone-SuperCharge-Midnight/dp/B0CB4L248T,https://m.media-amazon.com/images/I/71uWVsDVdfL._AC_SL1500_.jpg
64,realme,realme 12 Pro,Submarine Blue,Amazon,128,Dynamic,,,5000,"17,810.00",https://www.amazon.eg/-/en/realme-Submarine-Flagship-Telephoto-Snapdragon/dp/B0CTK9M2M2,https://m.media-amazon.com/images/I/81QvAGRjTAL._AC_SL1500_.jpg
65,egyptian saudi insurance house,1 Year Extended Warranty Plan,red,Amazon,,,,,,54,https://www.amazon.eg/-/en/Extended-Household-Appliance-Equipment-EGP999-99/dp/B09TTMTS5S,https://m.media-amazon.com/images/I/61sGcnnqZQL._AC_SL1500_.jpg
66,SAMSUNG,Galaxy-A24,BLACK,Amazon,128,6GB,,,,29,https://www.amazon.eg/-/en/Samsung-Galaxy-Android-Smartphone-Storage/dp/B0C3GZLLZC,https://m.media-amazon.com/images/I/71Qw85xhy+L._AC_SL1500_.jpg
67,realme,realme 12 pro+,Navigator Beige,Amazon,12,12GB,,,,"21,659.00",https://www.amazon.eg/-/en/realme-Pro-Dual-12GB-512GB/dp/B0CTZW6XGC,https://m.media-amazon.com/images/I/819TByLAOZL._AC_SL1500_.jpg
68,egyptian saudi insurance house,1 Year Extended Warranty Plan,red,Amazon,,,,,,27,https://www.amazon.eg/-/en/Extended-Warranty-Audio-Video-products-EGP499-99/dp/B09TTNR2VW,https://m.media-amazon.com/images/I/61sGcnnqZQL._AC_SL1500_.jpg
69,OPPO,Oppo Reno 8T,red,Amazon,256,8GB,,,,60,https://www.amazon.eg/-/en/OPPO-Smartphone-Fingerprint-Recognition-Bluetooth/dp/B0BVVP8711,https://m.media-amazon.com/images/I/61elxy1AgFL._AC_SL1390_.jpg
70,Apple,iPhone 14,Starlight,Amazon,128,,,,,"36,929.00",https://www.amazon.eg/-/en/Apple-iPhone-128-Starlight-Bluetooth/dp/B0BDHWM4VX,https://m.media-amazon.com/images/I/51FQoP3cCGL._AC_SL1500_.jpg
71,Samsung,Samsung Galaxy A34,Awesome Silver,Amazon,8,8GB,,,,"13,990.00",https://www.amazon.eg/-/en/Galaxy-Dual-Awesome-Silver-256GB/dp/B0CTGHG8Q3,https://m.media-amazon.com/images/I/31sAgsqo2cL._AC_.jpg
72,realme,9 Pro - Green,Grren,Amazon,128,8GB,,,5000,"8,550.00",https://www.amazon.eg/-/en/Realme-Pro-Dual-Smartphone-128GB/dp/B0CN6ZHVTG,https://m.media-amazon.com/images/I/61EjSPXLvNL._AC_SL1000_.jpg
73,realme,Realme C67,Sunny Oasis,Amazon,256,8GB,,,,"7,997.00",https://www.amazon.eg/-/en/realme-Dual-SIM-Factory-Unlocked-Smartphone/dp/B0CQRCWH7P,https://m.media-amazon.com/images/I/715bzjyJkYL._AC_SL1500_.jpg
74,,,,Amazon,,8GB,,,,"13,666.00",https://www.amazon.eg/-/en/Samsung-Galaxy-Dual-128GB-Inches/dp/B0BXNY4YD3,https://m.media-amazon.com/images/I/71RqyKk2eBL._AC_SL1500_.jpg
75,Generic,Nokia 110 Dual SIM Mobile,Black,Amazon,,(&&,,,,553,https://www.amazon.eg/-/en/sspa/click?ie=UTF8&spc=MTo0MzI1MDA1MzYxMDAxMTA2OjE3MTMyMzkyMzQ6c3BfbXRmX2Jyb3dzZTozMDAxMDc3NjEzMzY5MzI6OjA6Og&url=%2FMobile-Phone-Black-Ramadan-Kareem%2Fdp%2FB0CQ3PG5WJ%2Fref%3Dsr_1_54_sspa%3Fdib%3DeyJ2IjoiMSJ9.JISrDXZYEQKNrSpw6uaPy9iDsYDS2_Nb6nYseE7fWb_RoT-JozhjlC2BWKd40xVPlr1FAfF3uyGTpvDnmr-SF89Po9zrfbJL13DEBtUFV5tEvYn8kxw388leZR9RyZ5ZxsZ5XKIIQZtXdCAdFWcD_gmiFADfbRJgEu2RkbwArpYVvlLmG4ed_TepAWVgM4d033rYv7Htn3IXD5mijZYx0jaAFN3imkL0C7dhN-nVmOIoIhK7kvk72taS1Ox4qKiJ.w99g0RlLZzfzgvvpz6QckSCkv1QbzBHrEfyviucz8Qw%26dib_tag%3Dse%26qid%3D1713239234%26s%3Delectronics%26sr%3D1-54-spons%26sp_csd%3Dd2lkZ2V0TmFtZT1zcF9tdGZfYnJvd3Nl%26psc%3D1,https://m.media-amazon.com/images/I/41g7zULUMlL._AC_.jpg
76,Generic,105,Black,Amazon,1,,,,,535,https://www.amazon.eg/-/en/sspa/click?ie=UTF8&spc=MTo0MzI1MDA1MzYxMDAxMTA2OjE3MTMyMzkyMzQ6c3BfbXRmX2Jyb3dzZTozMDAxMzI1NTIzMTQ3MzI6OjA6Og&url=%2FMobile-105-Phone-105-Black-Dual-SIM%2Fdp%2FB0CV9TRH4W%2Fref%3Dsr_1_55_sspa%3Fdib%3DeyJ2IjoiMSJ9.JISrDXZYEQKNrSpw6uaPy9iDsYDS2_Nb6nYseE7fWb_RoT-JozhjlC2BWKd40xVPlr1FAfF3uyGTpvDnmr-SF89Po9zrfbJL13DEBtUFV5tEvYn8kxw388leZR9RyZ5ZxsZ5XKIIQZtXdCAdFWcD_gmiFADfbRJgEu2RkbwArpYVvlLmG4ed_TepAWVgM4d033rYv7Htn3IXD5mijZYx0jaAFN3imkL0C7dhN-nVmOIoIhK7kvk72taS1Ox4qKiJ.w99g0RlLZzfzgvvpz6QckSCkv1QbzBHrEfyviucz8Qw%26dib_tag%3Dse%26qid%3D1713239234%26s%3Delectronics%26sr%3D1-55-spons%26sp_csd%3Dd2lkZ2V0TmFtZT1zcF9tdGZfYnJvd3Nl%26psc%3D1,https://m.media-amazon.com/images/I/61XT0TmtFJL._AC_SL1500_.jpg
77,Samsung,Samsung Galaxy Z Fold 5,Phantom Black,Amazon,256,12GB,,,4400,"65,450.00",https://www.amazon.eg/-/en/sspa/click?ie=UTF8&spc=MTo0MzI1MDA1MzYxMDAxMTA2OjE3MTMyMzkyMzQ6c3BfbXRmX2Jyb3dzZTozMDAxNTM2Njc3MzQ4MzI6OjA6Og&url=%2FSamsung-Galaxy-Android-Smartphone-Phantom%2Fdp%2FB0CC9VZDVS%2Fref%3Dsr_1_56_sspa%3Fdib%3DeyJ2IjoiMSJ9.JISrDXZYEQKNrSpw6uaPy9iDsYDS2_Nb6nYseE7fWb_RoT-JozhjlC2BWKd40xVPlr1FAfF3uyGTpvDnmr-SF89Po9zrfbJL13DEBtUFV5tEvYn8kxw388leZR9RyZ5ZxsZ5XKIIQZtXdCAdFWcD_gmiFADfbRJgEu2RkbwArpYVvlLmG4ed_TepAWVgM4d033rYv7Htn3IXD5mijZYx0jaAFN3imkL0C7dhN-nVmOIoIhK7kvk72taS1Ox4qKiJ.w99g0RlLZzfzgvvpz6QckSCkv1QbzBHrEfyviucz8Qw%26dib_tag%3Dse%26qid%3D1713239234%26s%3Delectronics%26sr%3D1-56-spons%26sp_csd%3Dd2lkZ2V0TmFtZT1zcF9tdGZfYnJvd3Nl%26psc%3D1,https://m.media-amazon.com/images/I/7102NAlM6FL._AC_SL1500_.jpg
78,Samsung,Samsung Galaxy A15,Yellow,Amazon,128,6GB,,,,"7,350.00",https://www.amazon.eg/-/en/Samsung-Galaxy-Dual-128GB-Inches/dp/B0CQ5CHKM5,https://m.media-amazon.com/images/I/61hdrs3-MuL._AC_SL1500_.jpg
79,OPPO,Oppo A58,black,Amazon,8,,,,,"6,670.00",https://www.amazon.eg/-/en/OPPO-A58-SmartPhone-Glowing-Black/dp/B0CDXDVPHR,https://m.media-amazon.com/images/I/81syiAT-7oL._AC_SL1500_.jpg
80,SAMSUNG,Galaxy S24 Ultra,Titanium Black,Amazon,512,12GB,,,,"75,000.00",https://www.amazon.eg/-/en/SAMSUNG-Android-Smartphone-Storage-Battery/dp/B0CQZ1NNLD,https://m.media-amazon.com/images/I/71+WncNIt7L._AC_SL1500_.jpg
81,Xiaomi,Redmi A2+/ 64GB - Black,Black,Amazon,64,3GB,,,5000,"4,666.00",https://www.amazon.eg/-/en/Xiaomi-Redmi-Dual-SIM-64GB/dp/B0CF2FYG43,https://m.media-amazon.com/images/I/71NA7Z6L7FL._AC_SL1500_.jpg
82,SAMSUNG,Galaxy S24 Ultra,Titanium Gray,Amazon,512,12GB,,,,"77,000.00",https://www.amazon.eg/-/en/SAMSUNG-Android-Smartphone-Storage-Battery/dp/B0CQZ1562C,https://m.media-amazon.com/images/I/713icYPjIZL._AC_SL1500_.jpg
83,Nokia,Nokia 106,Black,Amazon,512,,,,1000,490,https://www.amazon.eg/-/en/Nokia-106-30-Cell-Phone/dp/B098TYZRZ3,https://m.media-amazon.com/images/I/618bNXFwmXL._AC_SL1500_.jpg
84,Nokia,106 TA-1114 DS,Black,Amazon,,,,,,780,https://www.amazon.eg/-/en/Nokia-106-Dual-Sim-black/dp/B085N4B378,https://m.media-amazon.com/images/I/61rTSeWyUpL._AC_SL1500_.jpg
85,Oppo,OPPO A18 128GB 4GB Glowing Black UAE VERSION,BLACK,Amazon,128,,,,,"6,199.00",https://www.amazon.eg/-/en/A18-128GB-Glowing-Black-VERSION/dp/B0CKHMH1YB,https://m.media-amazon.com/images/I/61MUYMX4SXL._AC_SL1200_.jpg
86,,,,Amazon,,4GB,,,,"5,463.00",https://www.amazon.eg/-/en/realme-Dual-Carbon-Black-128GB/dp/B0CBTK7G27,https://m.media-amazon.com/images/I/51byClcWXML._AC_SL1500_.jpg
87,Infinix,Hot 30i,GLACIER BLUE,Amazon,128,4GB,,,5000,"5,499.00",https://www.amazon.eg/-/en/Infinix-X669C-Dual-128GB-Inches/dp/B0CB1K8DRG,https://m.media-amazon.com/images/I/61NFeH8NdYL._AC_SL1500_.jpg
88,OPPO,Oppo A17,light blue,Amazon,64,3GB,,,5000,"5,150.00",https://www.amazon.eg/-/en/OPPO-Smartphone-5000mAh-Fingerprint-CPH2471/dp/B0BT4P79F2,https://m.media-amazon.com/images/I/61mVkdJfDsL._AC_SL1500_.jpg
89,Xiaomi,Redmi note 13 pro,Midnight Black,Amazon,512,(12GB,,,,"21,999.00",https://www.amazon.eg/-/en/Xiaomi-Smartphone-Snapdragon-2-4GHz-Midnight/dp/B0CS4KH3VF,https://m.media-amazon.com/images/I/516ja7b3f+L._AC_SL1000_.jpg
90,Generic,1,Black,Amazon,15,,,,,464,https://www.amazon.eg/-/en/sspa/click?ie=UTF8&spc=MTo2NDA1NDUyMDA5ODM3MTA2OjE3MTMyMzk3NTU6c3BfYXRmX2Jyb3dzZTozMDAxNTE4OTAwOTM3MzI6OjA6Og&url=%2FMobile-Phone-105-Black-Single%2Fdp%2FB0CY93TDL8%2Fref%3Dsr_1_73_sspa%3Fdib%3DeyJ2IjoiMSJ9.8IIFXG-2ItNZDaq-vxYvIlbmz_UJau5IhAMQ2VzTU4tAXR1PfSICfAS86lzkC6EQSgIagwkITbImWDZtvuy3HL3jTGqLo8ZTr8N45b5wmuI.QeN1GWPU7Gdwrt-JLoXm6Dbik0l2-awD0pQWaj3LslA%26dib_tag%3Dse%26qid%3D1713239755%26s%3Delectronics%26sr%3D1-73-spons%26sp_csd%3Dd2lkZ2V0TmFtZT1zcF9hdGZfYnJvd3Nl%26psc%3D1,https://m.media-amazon.com/images/I/513up6tVw5L._AC_SL1500_.jpg
91,Generic,"105 EG Mobile TA-1459 DS Charcoal Black, Dual Sim",Black,Amazon,1.99,SIM,,,,679,https://www.amazon.eg/-/en/sspa/click?ie=UTF8&spc=MTo2NDA1NDUyMDA5ODM3MTA2OjE3MTMyMzk3NTU6c3BfYXRmX2Jyb3dzZTozMDAxMzM1MzYwNTY1MzI6OjA6Og&url=%2FMobile-Phone-TA-1459-Charcoal-Ramadan%2Fdp%2FB0CV3GMYY5%2Fref%3Dsr_1_74_sspa%3Fdib%3DeyJ2IjoiMSJ9.8IIFXG-2ItNZDaq-vxYvIlbmz_UJau5IhAMQ2VzTU4tAXR1PfSICfAS86lzkC6EQSgIagwkITbImWDZtvuy3HL3jTGqLo8ZTr8N45b5wmuI.QeN1GWPU7Gdwrt-JLoXm6Dbik0l2-awD0pQWaj3LslA%26dib_tag%3Dse%26qid%3D1713239755%26s%3Delectronics%26sr%3D1-74-spons%26sp_csd%3Dd2lkZ2V0TmFtZT1zcF9hdGZfYnJvd3Nl%26psc%3D1,https://m.media-amazon.com/images/I/41ZvwWEkBiL._AC_.jpg
92,Generic,1,White,Amazon,15,,,,,694,https://www.amazon.eg/-/en/sspa/click?ie=UTF8&spc=MTo2NDA1NDUyMDA5ODM3MTA2OjE3MTMyMzk3NTU6c3BfYXRmX2Jyb3dzZTozMDAxNTE4OTAwOTMzMzI6OjA6Og&url=%2FDual-B310-2G-Mobile-Phone-White%2Fdp%2FB0CYDSRKKK%2Fref%3Dsr_1_75_sspa%3Fdib%3DeyJ2IjoiMSJ9.8IIFXG-2ItNZDaq-vxYvIlbmz_UJau5IhAMQ2VzTU4tAXR1PfSICfAS86lzkC6EQSgIagwkITbImWDZtvuy3HL3jTGqLo8ZTr8N45b5wmuI.QeN1GWPU7Gdwrt-JLoXm6Dbik0l2-awD0pQWaj3LslA%26dib_tag%3Dse%26qid%3D1713239755%26s%3Delectronics%26sr%3D1-75-spons%26sp_csd%3Dd2lkZ2V0TmFtZT1zcF9hdGZfYnJvd3Nl%26psc%3D1,https://m.media-amazon.com/images/I/61j4wLZg8CL._AC_SL1280_.jpg
93,Redmi,Redmi 12 - Midnight Black,Midnight Black,Amazon,128,8GB,,,5000,"7,777.00",https://www.amazon.eg/-/en/Redmi-12-128GB-6-79-Inches/dp/B0CV5XBSMQ,https://m.media-amazon.com/images/I/513rNt-cvGL._AC_SL1000_.jpg
94,OPPO,,black,Amazon,256,8GB,,,,"8,499.00",https://www.amazon.eg/-/en/OPPO-A78-Dual-256GB-Inches/dp/B0CJQ2S227,https://m.media-amazon.com/images/I/51WRPmrEH+L._AC_SL1000_.jpg
95,egyptian saudi insurance house,1 Year Extended Warranty Plan,red,Amazon,,,,,,80,https://www.amazon.eg/-/en/Extended-Household-Appliance-Equipment-EGP1499-99/dp/B09TTM3NFF,https://m.media-amazon.com/images/I/61wDIlo+8+L._AC_SL1500_.jpg
96,Nokia,Nokia C10,Grey,Amazon,32,2gb,,,,"3,999.00",https://www.amazon.eg/-/en/Nokia-android-smartphone-v-notch-proximity/dp/B0B39LN2N6,https://m.media-amazon.com/images/I/81LrJ-Q-TgS._AC_SL1500_.jpg
97,HONOR,Honor X9b,Sunrise Orange,Amazon,12,,,,,"21,550.00",https://www.amazon.eg/-/en/HONOR-12GB-256GB-Sunrise-Orange/dp/B0CLDSD5B4,https://m.media-amazon.com/images/I/81FmX+ooJQL._AC_SL1500_.jpg
98,Oppo,Oppo Find,red,Amazon,12,12GB,,,,"28,699.00",https://www.amazon.eg/-/en/Oppo-Find-256GB-Black-Bluetooth/dp/B09TBDZ92X,https://m.media-amazon.com/images/I/91SqLMOJxML._AC_SL1500_.jpg
99,POCO,Poco C65,Matte Black,Amazon,128,6GB,,,5000,"6,650.00",https://www.amazon.eg/-/en/POCO-C65-Matte-Black-128GB/dp/B0CQG79KT8,https://m.media-amazon.com/images/I/51PQfSwIqyL._AC_SL1100_.jpg
100,SAMSUNG,SM-A235FLBKMEB,blue,Amazon,128,6GB,,,,"8,233.00",https://www.amazon.eg/-/en/Samsung-Galaxy-A23-Dual-128GB/dp/B09Y67RDN7,https://m.media-amazon.com/images/I/61mOx8va+LL._AC_SL1500_.jpg
101,Samsung,Samsung Galaxy Z Fold 5,Phantom Black,Amazon,256,12GB,,,4400,"65,450.00",https://www.amazon.eg/-/en/Samsung-Galaxy-Android-Smartphone-Phantom/dp/B0CC9VZDVS,https://m.media-amazon.com/images/I/7102NAlM6FL._AC_SL1500_.jpg
102,Aode,Lava Iris 46,B09JLWDNJ1,Amazon,32,1GB,,,5,"1,900.00",https://www.amazon.eg/-/en/Lava-Iris-46-Dual-Sim/dp/B09JLWDNJ1,https://m.media-amazon.com/images/I/61X3H93G30L._AC_SL1500_.jpg
103,realme,C67,Black Rock,Amazon,8,8GB,,,,"7,974.00",https://www.amazon.eg/-/en/realme-256GB-RMX3890-Black-Rock/dp/B0CRDST15K,https://m.media-amazon.com/images/I/510eKsW7xLL._AC_SL1500_.jpg
104,,,,Amazon,,8gb,,,,80,https://www.amazon.eg/-/en/Samsung-galaxy-mobile-android-awesome/dp/B0BXNWFS19,https://m.media-amazon.com/images/I/71NvEbrOUFL._AC_SL1500_.jpg
105,Generic,Nokia 110 Dual SIM Mobile,Black,Amazon,,(&&,,,,553,https://www.amazon.eg/-/en/sspa/click?ie=UTF8&spc=MTo2NDA1NDUyMDA5ODM3MTA2OjE3MTMyMzk3NTU6c3BfbXRmX2Jyb3dzZTozMDAxMDc3NjEzMzY5MzI6OjA6Og&url=%2FMobile-Phone-Black-Ramadan-Kareem%2Fdp%2FB0CQ3PG5WJ%2Fref%3Dsr_1_78_sspa%3Fdib%3DeyJ2IjoiMSJ9.cATKxR_dnnQi8d2hloZRyYnrAec9PMC-ftuK5s40t4lMXd5VbQScSSLNJtJbDLoRr3SUGREj9waG710dIqCc6GjhTIGZx17njrB4oLcA0NfV9aYH0v54O2QVF7fRgtVo1YGsPG_SuBVnVziQSQHHVLuocQ0I8Aqp9ZNrSgs6uEkR6wlRwmTViZxpqF6mzY6S6GE4c17CD6n1GzcqKz8ZN2Zeujtn1hiipQFhtI47jbAtZq2NNW7l0pqtS_A9jshN.83Ys00qXDXpIM_B0zUSuspRh3hpOjTYWWNfokKIsvNg%26dib_tag%3Dse%26qid%3D1713239755%26s%3Delectronics%26sr%3D1-78-spons%26sp_csd%3Dd2lkZ2V0TmFtZT1zcF9tdGZfYnJvd3Nl%26psc%3D1,https://m.media-amazon.com/images/I/41g7zULUMlL._AC_.jpg
106,Generic,105,Black,Amazon,1,,,,,535,https://www.amazon.eg/-/en/sspa/click?ie=UTF8&spc=MTo2NDA1NDUyMDA5ODM3MTA2OjE3MTMyMzk3NTU6c3BfbXRmX2Jyb3dzZTozMDAxMzI1NTIzMTQ3MzI6OjA6Og&url=%2FMobile-105-Phone-105-Black-Dual-SIM%2Fdp%2FB0CV9TRH4W%2Fref%3Dsr_1_79_sspa%3Fdib%3DeyJ2IjoiMSJ9.cATKxR_dnnQi8d2hloZRyYnrAec9PMC-ftuK5s40t4lMXd5VbQScSSLNJtJbDLoRr3SUGREj9waG710dIqCc6GjhTIGZx17njrB4oLcA0NfV9aYH0v54O2QVF7fRgtVo1YGsPG_SuBVnVziQSQHHVLuocQ0I8Aqp9ZNrSgs6uEkR6wlRwmTViZxpqF6mzY6S6GE4c17CD6n1GzcqKz8ZN2Zeujtn1hiipQFhtI47jbAtZq2NNW7l0pqtS_A9jshN.83Ys00qXDXpIM_B0zUSuspRh3hpOjTYWWNfokKIsvNg%26dib_tag%3Dse%26qid%3D1713239755%26s%3Delectronics%26sr%3D1-79-spons%26sp_csd%3Dd2lkZ2V0TmFtZT1zcF9tdGZfYnJvd3Nl%26psc%3D1,https://m.media-amazon.com/images/I/61XT0TmtFJL._AC_SL1500_.jpg
107,Samsung,Samsung Galaxy Z Fold 5,Phantom Black,Amazon,256,12GB,,,4400,"65,450.00",https://www.amazon.eg/-/en/sspa/click?ie=UTF8&spc=MTo2NDA1NDUyMDA5ODM3MTA2OjE3MTMyMzk3NTU6c3BfbXRmX2Jyb3dzZTozMDAxNTM2Njc3MzQ4MzI6OjA6Og&url=%2FSamsung-Galaxy-Android-Smartphone-Phantom%2Fdp%2FB0CC9VZDVS%2Fref%3Dsr_1_80_sspa%3Fdib%3DeyJ2IjoiMSJ9.cATKxR_dnnQi8d2hloZRyYnrAec9PMC-ftuK5s40t4lMXd5VbQScSSLNJtJbDLoRr3SUGREj9waG710dIqCc6GjhTIGZx17njrB4oLcA0NfV9aYH0v54O2QVF7fRgtVo1YGsPG_SuBVnVziQSQHHVLuocQ0I8Aqp9ZNrSgs6uEkR6wlRwmTViZxpqF6mzY6S6GE4c17CD6n1GzcqKz8ZN2Zeujtn1hiipQFhtI47jbAtZq2NNW7l0pqtS_A9jshN.83Ys00qXDXpIM_B0zUSuspRh3hpOjTYWWNfokKIsvNg%26dib_tag%3Dse%26qid%3D1713239755%26s%3Delectronics%26sr%3D1-80-spons%26sp_csd%3Dd2lkZ2V0TmFtZT1zcF9tdGZfYnJvd3Nl%26psc%3D1,https://m.media-amazon.com/images/I/7102NAlM6FL._AC_SL1500_.jpg
108,SAMSUNG,Galaxy S24+,Onyx Black,Amazon,256,Faster,,,,"50,399.00",https://www.amazon.eg/-/en/SAMSUNG-Android-Smartphone-Storage-Display/dp/B0CQZ26R23,https://m.media-amazon.com/images/I/61wfSxvntTL._AC_SL1500_.jpg
109,egyptian saudi insurance house,1 Year Extended Warranty Plan,red,Amazon,,,,,,107,https://www.amazon.eg/-/en/Extended-Household-Appliance-Equipment-EGP1999-99/dp/B09TTMCXSY,https://m.media-amazon.com/images/I/61MwxYWACNL._AC_SL1500_.jpg
110,Samsung,Samsung Galaxy A34,multi,Amazon,128,8gb,,,,67,https://www.amazon.eg/-/en/Samsung-galaxy-mobile-android-awesome/dp/B0BXNW9F51,https://m.media-amazon.com/images/I/71mHgTssjAL._AC_SL1500_.jpg
111,Xiaomi,redmi a3,Midnight Black Global ROM,Amazon,64,,,,,"4,995.00",https://www.amazon.eg/-/en/Xiaomi-Redmi-A3-Unlocked-Midnight/dp/B0CW7X2SBH,https://m.media-amazon.com/images/I/712EPllHDiL._AC_SL1500_.jpg
112,Itel,it2160Blue,Blue,Amazon,32,,,,,567,https://www.amazon.eg/-/en/iTel-it2160-1-77-inch-Dual-Mobile-Phone/dp/B091P12MVF,https://m.media-amazon.com/images/I/51fT5JS88FL._AC_SL1500_.jpg
113,OPPO,Oppo Reno 10,silver,Amazon,256,8GB,,,,"15,950.00",https://www.amazon.eg/-/en/Storage-Mobile-4600mAh-Battery-6-7-Inch/dp/B0CBKL7X78,https://m.media-amazon.com/images/I/61MKU03F5-L._AC_SL1280_.jpg
114,Samsung,Galaxy-A04,bronze,Amazon,64,4GB,,,,"5,125.00",https://www.amazon.eg/-/en/SAMSUNG-Galaxy-Smartphone-Storage-Copper/dp/B0BN4RQKN3,https://m.media-amazon.com/images/I/81i6m64KmUL._AC_SL1500_.jpg
115,Generic,HOPE K19 4 SIM CARDS PHONE,Black,Amazon,2.12,,,,,"1,900.00",https://www.amazon.eg/-/en/Mobile-Phone-1-22000mAh-Light-Black/dp/B0CV4F7SBP,https://m.media-amazon.com/images/I/417BOAjSsrL._AC_.jpg
116,SAMSUNG,Samsung SM,White,Amazon,16,,,,,795,https://www.amazon.eg/-/en/Samsung-SM-B310E-Dual-Sim-White/dp/B07MTQ7K5T,https://m.media-amazon.com/images/I/51zTHAWglxL._AC_SL1500_.jpg
117,Nokia,Nokia 105,Blue,Amazon,512,,,,,538,https://www.amazon.eg/-/en/Nokia-105-2017-4Mb-Blue-Single/dp/B092DZV5D7,https://m.media-amazon.com/images/I/519zxFIaswL._AC_SL1500_.jpg
118,Nokia,110 Dual SIM,black,Amazon,32,,,,,999,https://www.amazon.eg/-/en/Nokia-110-Dual-SIM-Black/dp/B07ZG5DQHV,https://m.media-amazon.com/images/I/51mpTklF2lL._AC_SL1500_.jpg
119,Apple,iPhone 13 128GB Blue,blue,Amazon,128,,,,,100,https://www.amazon.eg/-/en/Apple-iPhone-13-FaceTime-128GB/dp/B09G9DZFQ7,https://m.media-amazon.com/images/I/71xb2xkN5qL._AC_SL1500_.jpg
120,Generic,1,Black,Amazon,15,,,,,464,https://www.amazon.eg/-/en/sspa/click?ie=UTF8&spc=MToyNjA1ODYwNDYzNDEyMTA2OjE3MTMyNDAyMzk6c3BfYXRmX2Jyb3dzZTozMDAxNTE4OTAwOTM3MzI6OjA6Og&url=%2FMobile-Phone-105-Black-Single%2Fdp%2FB0CY93TDL8%2Fref%3Dsr_1_97_sspa%3Fdib%3DeyJ2IjoiMSJ9.ItXgFvDx6DgGRDIL5O8XQ_fgziRGPqx5fVj7XykfWekLd-jVmKSxRjZGis9NdyOocGvCeAZWQGUiKR7JkQN6_4ailuYMbcDfNjRkUeEfQus.rnjaFKNdSM_P8u_fI0CMzL85_1CRNkp1cCfxu3LCYNg%26dib_tag%3Dse%26qid%3D1713240239%26s%3Delectronics%26sr%3D1-97-spons%26sp_csd%3Dd2lkZ2V0TmFtZT1zcF9hdGZfYnJvd3Nl%26psc%3D1,https://m.media-amazon.com/images/I/513up6tVw5L._AC_SL1500_.jpg
121,Generic,"105 EG Mobile TA-1459 DS Charcoal Black, Dual Sim",Black,Amazon,1.99,SIM,,,,679,https://www.amazon.eg/-/en/sspa/click?ie=UTF8&spc=MToyNjA1ODYwNDYzNDEyMTA2OjE3MTMyNDAyMzk6c3BfYXRmX2Jyb3dzZTozMDAxMzM1MzYwNTY1MzI6OjA6Og&url=%2FMobile-Phone-TA-1459-Charcoal-Ramadan%2Fdp%2FB0CV3GMYY5%2Fref%3Dsr_1_98_sspa%3Fdib%3DeyJ2IjoiMSJ9.ItXgFvDx6DgGRDIL5O8XQ_fgziRGPqx5fVj7XykfWekLd-jVmKSxRjZGis9NdyOocGvCeAZWQGUiKR7JkQN6_4ailuYMbcDfNjRkUeEfQus.rnjaFKNdSM_P8u_fI0CMzL85_1CRNkp1cCfxu3LCYNg%26dib_tag%3Dse%26qid%3D1713240239%26s%3Delectronics%26sr%3D1-98-spons%26sp_csd%3Dd2lkZ2V0TmFtZT1zcF9hdGZfYnJvd3Nl%26psc%3D1,https://m.media-amazon.com/images/I/41ZvwWEkBiL._AC_.jpg
122,Generic,1,White,Amazon,15,,,,,694,https://www.amazon.eg/-/en/sspa/click?ie=UTF8&spc=MToyNjA1ODYwNDYzNDEyMTA2OjE3MTMyNDAyMzk6c3BfYXRmX2Jyb3dzZTozMDAxNTE4OTAwOTMzMzI6OjA6Og&url=%2FDual-B310-2G-Mobile-Phone-White%2Fdp%2FB0CYDSRKKK%2Fref%3Dsr_1_99_sspa%3Fdib%3DeyJ2IjoiMSJ9.ItXgFvDx6DgGRDIL5O8XQ_fgziRGPqx5fVj7XykfWekLd-jVmKSxRjZGis9NdyOocGvCeAZWQGUiKR7JkQN6_4ailuYMbcDfNjRkUeEfQus.rnjaFKNdSM_P8u_fI0CMzL85_1CRNkp1cCfxu3LCYNg%26dib_tag%3Dse%26qid%3D1713240239%26s%3Delectronics%26sr%3D1-99-spons%26sp_csd%3Dd2lkZ2V0TmFtZT1zcF9hdGZfYnJvd3Nl%26psc%3D1,https://m.media-amazon.com/images/I/61j4wLZg8CL._AC_SL1280_.jpg
123,Nokia,Nokia C1,Blue,Amazon,16,1gb,,,,70,https://www.amazon.eg/-/en/Nokia-android-smartphone-memory-5-45/dp/B0B39NZDMB,https://m.media-amazon.com/images/I/81ejU1gSrxL._AC_SL1500_.jpg
124,Xiaomi,Note 12 Pro,red,Amazon,256,,,,,"13,858.00",https://www.amazon.eg/-/en/Xiaomi-Factory-Unlocked-Graphite-Bluetooth/dp/B0C2PVSFD1,https://m.media-amazon.com/images/I/61gX0uIFEUL._AC_SL1000_.jpg
125,Nokia,Nokia 105 4G,Black,Amazon,0.13,"Sim,",,,,"12,990.00",https://www.amazon.eg/-/en/Nokia-Feature-Long-Lasting-Features-Flashlight/dp/B09JWRPMRF,https://m.media-amazon.com/images/I/61Z-8i5UuDL._AC_SL1500_.jpg
126,Infinix,Infinix X6823,Crytal Violet,Amazon,4,2GB,,,,"4,299.00",https://www.amazon.eg/-/en/Infinix-Smart-Plus-Dual-Inches/dp/B0BSTKJLTL,https://m.media-amazon.com/images/I/51bcx39QRtL._AC_SL1280_.jpg
127,Xiaomi,13C,Midnight Black,Amazon,256,256Gb,,,18,"7,555.00",https://www.amazon.eg/-/en/Xiaomi-Redmi-13C-256Gb-Midnight/dp/B0CNRQRJKM,https://m.media-amazon.com/images/I/51y8rWnam6L._AC_.jpg
128,Xiaomi,,Carbon Grey,Amazon,64,4GB,,,,"6,999.00",https://www.amazon.eg/-/en/Xiaomi-Redmi-Smartphone-4GB-64GB/dp/B0B2X4FZ7K,https://m.media-amazon.com/images/I/514XzQB5hYL._AC_SL1200_.jpg
129,Generic,Nokia 3310 2017,Blue,Amazon,16,,,,,"1,099.00",https://www.amazon.eg/-/en/3310-Mobile-Phone-Dark-Blue/dp/B0CTBH9H45,https://m.media-amazon.com/images/I/41Wbu84zNlL._AC_.jpg
130,OPPO,A98 5G,Dreamy Blue,Amazon,256,8GB,,,,"9,950.00",https://www.amazon.eg/-/en/OPPO-A98-Dual-256GB-Inches/dp/B0C628DTWF,https://m.media-amazon.com/images/I/71thuZr8OJL._AC_SL1500_.jpg
131,Itel,A70,Azure Blue,Amazon,256,12GB,,,,"5,555.00",https://www.amazon.eg/-/en/5000mAh-Charging-Fingerprint-Octa-Core-Processor/dp/B0CQ81YJ6R,https://m.media-amazon.com/images/I/61FVjhemmLL._AC_SL1500_.jpg
132,Nokia,Nokia,blue,Amazon,64,,,,,"4,444.00",https://www.amazon.eg/-/en/Nokia-smartphone-display-battery-security/dp/B0BJBZFTZ8,https://m.media-amazon.com/images/I/81s7aHLo2JL._AC_SL1500_.jpg
133,Apple,iPhone 13,blue,Amazon,128,4GB,,,,"37,999.00",https://www.amazon.eg/-/en/Apple-iPhone-FaceTime-SIM-International/dp/B09G9LHDV9,https://m.media-amazon.com/images/I/61RCRdEvQlL._AC_SL1500_.jpg
134,ACE,286782427,Blue,Amazon,2,2G,,,,"2,599.00",https://www.amazon.eg/-/en/ACE-BUZZ3-Dual-Smartphone-Blue/dp/B0CCSWXYDN,https://m.media-amazon.com/images/I/71HFZwlFZHL._AC_SL1500_.jpg
135,Generic,Nokia 110 Dual SIM Mobile,Black,Amazon,,(&&,,,,553,https://www.amazon.eg/-/en/sspa/click?ie=UTF8&spc=MToyNjA1ODYwNDYzNDEyMTA2OjE3MTMyNDAyMzk6c3BfbXRmX2Jyb3dzZTozMDAxMDc3NjEzMzY5MzI6OjA6Og&url=%2FMobile-Phone-Black-Ramadan-Kareem%2Fdp%2FB0CQ3PG5WJ%2Fref%3Dsr_1_102_sspa%3Fdib%3DeyJ2IjoiMSJ9.yRNxKndLktqb41_oBoIVcVFlmm186SLU6NE2DldiAhvlyAqjm_-gdC65OQILvgtsFUKeaQxVR_XtCxnCleTlmONdExeR3-o-Ou6jmCzDOOcAIxHeXjdsCxIuQqHwauEnHfWyeZZ7Voxn-iEfs0YL9bVtk_wTUP-OkuyjPApZNN5muFUDaVFHRYM-d0heHJ_TQSHkau9T6zOMq82LQKSBoUHpfIX8cr7pb26wtbE-N8yOB6_kQRso2J7e2fJi6Vb0.ifBlTk0yPiefh7pRNRkqtKt3UE3oe5sD-nrvAbkEN1E%26dib_tag%3Dse%26qid%3D1713240239%26s%3Delectronics%26sr%3D1-102-spons%26sp_csd%3Dd2lkZ2V0TmFtZT1zcF9tdGZfYnJvd3Nl%26psc%3D1,https://m.media-amazon.com/images/I/41g7zULUMlL._AC_.jpg
136,Generic,105,Black,Amazon,1,,,,,535,https://www.amazon.eg/-/en/sspa/click?ie=UTF8&spc=MToyNjA1ODYwNDYzNDEyMTA2OjE3MTMyNDAyMzk6c3BfbXRmX2Jyb3dzZTozMDAxMzI1NTIzMTQ3MzI6OjA6Og&url=%2FMobile-105-Phone-105-Black-Dual-SIM%2Fdp%2FB0CV9TRH4W%2Fref%3Dsr_1_103_sspa%3Fdib%3DeyJ2IjoiMSJ9.yRNxKndLktqb41_oBoIVcVFlmm186SLU6NE2DldiAhvlyAqjm_-gdC65OQILvgtsFUKeaQxVR_XtCxnCleTlmONdExeR3-o-Ou6jmCzDOOcAIxHeXjdsCxIuQqHwauEnHfWyeZZ7Voxn-iEfs0YL9bVtk_wTUP-OkuyjPApZNN5muFUDaVFHRYM-d0heHJ_TQSHkau9T6zOMq82LQKSBoUHpfIX8cr7pb26wtbE-N8yOB6_kQRso2J7e2fJi6Vb0.ifBlTk0yPiefh7pRNRkqtKt3UE3oe5sD-nrvAbkEN1E%26dib_tag%3Dse%26qid%3D1713240239%26s%3Delectronics%26sr%3D1-103-spons%26sp_csd%3Dd2lkZ2V0TmFtZT1zcF9tdGZfYnJvd3Nl%26psc%3D1,https://m.media-amazon.com/images/I/61XT0TmtFJL._AC_SL1500_.jpg
137,Samsung,Samsung Galaxy Z Fold 5,Phantom Black,Amazon,256,12GB,,,4400,"65,450.00",https://www.amazon.eg/-/en/sspa/click?ie=UTF8&spc=MToyNjA1ODYwNDYzNDEyMTA2OjE3MTMyNDAyMzk6c3BfbXRmX2Jyb3dzZTozMDAxNTM2Njc3MzQ4MzI6OjA6Og&url=%2FSamsung-Galaxy-Android-Smartphone-Phantom%2Fdp%2FB0CC9VZDVS%2Fref%3Dsr_1_104_sspa%3Fdib%3DeyJ2IjoiMSJ9.yRNxKndLktqb41_oBoIVcVFlmm186SLU6NE2DldiAhvlyAqjm_-gdC65OQILvgtsFUKeaQxVR_XtCxnCleTlmONdExeR3-o-Ou6jmCzDOOcAIxHeXjdsCxIuQqHwauEnHfWyeZZ7Voxn-iEfs0YL9bVtk_wTUP-OkuyjPApZNN5muFUDaVFHRYM-d0heHJ_TQSHkau9T6zOMq82LQKSBoUHpfIX8cr7pb26wtbE-N8yOB6_kQRso2J7e2fJi6Vb0.ifBlTk0yPiefh7pRNRkqtKt3UE3oe5sD-nrvAbkEN1E%26dib_tag%3Dse%26qid%3D1713240239%26s%3Delectronics%26sr%3D1-104-spons%26sp_csd%3Dd2lkZ2V0TmFtZT1zcF9tdGZfYnJvd3Nl%26psc%3D1,https://m.media-amazon.com/images/I/7102NAlM6FL._AC_SL1500_.jpg
138,realme,Realme 10,black,Amazon,128,8GB,,,,"9,395.00",https://www.amazon.eg/-/en/Realme-256GB-Black-Bluetooth-Wi-Fi/dp/B0BSCDPVS2,https://m.media-amazon.com/images/I/71t5U8h4hpL._AC_SL1500_.jpg
139,Aode,G30,Black,Amazon,32,,,,,559,https://www.amazon.eg/-/en/Girasole-G30-2-4-inch-Dual-Mobile-Phone/dp/B0CPWDQ5VJ,https://m.media-amazon.com/images/I/51+OgQFon7L._AC_SL1280_.jpg
140,OPPO,find x5,Black,Amazon,256,8GB,,,,"19,600.00",https://www.amazon.eg/-/en/OPPO-Find-Dual-256GB-Inches/dp/B0BZ87WNYF,https://m.media-amazon.com/images/I/71FxWNDpVEL._AC_SL1500_.jpg
141,Xiaomi,POCO X6 5G,Black,Amazon,256,12GB,,,,"17,999.00",https://www.amazon.eg/-/en/Xiaomi-POCO-X6-Black-256GB/dp/B0CPXX34K2,https://m.media-amazon.com/images/I/51tcseJjs8L._AC_SL1000_.jpg
142,Apple,iPhone 14,Midnight,Amazon,128,,,,,290,https://www.amazon.eg/-/en/Apple-iPhone-14-128-Bluetooth/dp/B0BDJ56TNF,https://m.media-amazon.com/images/I/51sFkTjuc3L._AC_SL1500_.jpg
143,OPPO,Oppo A17,black,Amazon,64,4Gb,,,,"5,123.00",https://www.amazon.eg/-/en/Smartphone-5000Mah-Lasting-Battery-Fingerprint/dp/B082GMR7VS,https://m.media-amazon.com/images/I/61hyTZi++eL._AC_SL1500_.jpg
144,Apple,Iphone 13,white,Amazon,128,4GB,,,,"37,999.00",https://www.amazon.eg/-/en/Apple-iPhone-FaceTime-SIM-International/dp/B09G983YFX,https://m.media-amazon.com/images/I/71GLMJ7TQiL._AC_SL1500_.jpg
145,OPPO,Reno10 CPH2531 Silvery Grey AE,Silvery Grey,Amazon,256,,,,,"19,999.00",https://www.amazon.eg/-/en/OPPO-Reno10-Silvery-Grey-extended/dp/B0CBQ1Q6TP,https://m.media-amazon.com/images/I/8164n7bBeSL._AC_SL1500_.jpg
146,realme,6.9414E+12,اخضر,Amazon,32,2GB,,,,"3,999.00",https://www.amazon.eg/-/en/Realme-C30-2GB-RAM-32GB/dp/B0BTTTTF7M,https://m.media-amazon.com/images/I/51zZkYz2wIL._AC_SL1000_.jpg
147,realme,Realme C21Y,black,Amazon,32,,,,,"4,199.00",https://www.amazon.eg/-/en/realme-C21Y-Black-Bluetooth-Wi-Fi/dp/B0BHFHYP51,https://m.media-amazon.com/images/I/61oeBzCKHSL._AC_SL1500_.jpg
148,Vivo,Y02s,Blue,Amazon,32,3GB,,,5,"4,199.00",https://www.amazon.eg/-/en/Vivo-Y02s-Dual-SIM-32GB/dp/B0B9C3CZJ5,https://m.media-amazon.com/images/I/51USF-7Z-xL._AC_SL1000_.jpg
149,SAMSUNG,Galaxy M33,Brown,Amazon,128,8GB,,,,"10,500.00",https://www.amazon.eg/-/en/Samsung-Galaxy-128GB-Storage-Brown/dp/B09V1LJD67,https://m.media-amazon.com/images/I/71rc4wx5L5L._AC_SL1500_.jpg
150,Generic,1,Black,Amazon,15,,,,,464,https://www.amazon.eg/-/en/sspa/click?ie=UTF8&spc=MTo2MzI4OTE4Njc3NjI0MTA2OjE3MTMyNDA3NjY6c3BfYXRmX2Jyb3dzZTozMDAxNTE4OTAwOTM3MzI6OjA6Og&url=%2FMobile-Phone-105-Black-Single%2Fdp%2FB0CY93TDL8%2Fref%3Dsr_1_121_sspa%3Fdib%3DeyJ2IjoiMSJ9.rJ0lmPF6q9FBqDKXnDucYible1vPXd9gpeOB8770AgMCjq54kvXwPzo0HsSzJYUISbgljrVLbMmg7iYqhnx13o2EXpb4Bt8kd_fcPD0DeoA.HgA--P98ElMNdMkjfOB9x__gd7Bm7WLSj25nXVELHDA%26dib_tag%3Dse%26qid%3D1713240766%26s%3Delectronics%26sr%3D1-121-spons%26sp_csd%3Dd2lkZ2V0TmFtZT1zcF9hdGZfYnJvd3Nl%26psc%3D1,https://m.media-amazon.com/images/I/513up6tVw5L._AC_SL1500_.jpg
151,Generic,1,White,Amazon,15,,,,,694,https://www.amazon.eg/-/en/sspa/click?ie=UTF8&spc=MTo2MzI4OTE4Njc3NjI0MTA2OjE3MTMyNDA3NjY6c3BfYXRmX2Jyb3dzZTozMDAxNTE4OTAwOTMzMzI6OjA6Og&url=%2FDual-B310-2G-Mobile-Phone-White%2Fdp%2FB0CYDSRKKK%2Fref%3Dsr_1_123_sspa%3Fdib%3DeyJ2IjoiMSJ9.rJ0lmPF6q9FBqDKXnDucYible1vPXd9gpeOB8770AgMCjq54kvXwPzo0HsSzJYUISbgljrVLbMmg7iYqhnx13o2EXpb4Bt8kd_fcPD0DeoA.HgA--P98ElMNdMkjfOB9x__gd7Bm7WLSj25nXVELHDA%26dib_tag%3Dse%26qid%3D1713240766%26s%3Delectronics%26sr%3D1-123-spons%26sp_csd%3Dd2lkZ2V0TmFtZT1zcF9hdGZfYnJvd3Nl%26psc%3D1,https://m.media-amazon.com/images/I/61j4wLZg8CL._AC_SL1280_.jpg
152,Nokia,Nokia 6310,black,Amazon,8,,,,,133,https://www.amazon.eg/-/en/Nokia-TA-1400-Phone-Dark-Green/dp/B09XN1Z5SW,https://m.media-amazon.com/images/I/617UvsoZsNL._AC_SL1500_.jpg
153,SAMSUNG,,Black,Amazon,,4GB,,,,"5,499.00",https://www.amazon.eg/-/en/Samsung-Galaxy-Android-Smartphone-Storage/dp/B0CP4835TR,https://m.media-amazon.com/images/I/71dYQdmhwFL._AC_SL1500_.jpg
154,HONOR,HONOR X9a,green,Amazon,256,,,,12,"17,990.00",https://www.amazon.eg/-/en/HONOR-X9a-Smartphone-Display-Battery/dp/B0BQYDVL1B,https://m.media-amazon.com/images/I/61G+SDU-0TL._AC_SL1500_.jpg
155,SAMSUNG,Galaxy S24 Ultra,Titanium Yellow,Amazon,512,12GB,,,,"77,000.00",https://www.amazon.eg/-/en/SAMSUNG-Android-Smartphone-Storage-Battery/dp/B0CQYYD4S6,https://m.media-amazon.com/images/I/619BSySq3SL._AC_SL1500_.jpg
156,realme,Realme C35,Black,Amazon,64,4GB,,,,"5,999.00",https://www.amazon.eg/-/en/Realme-C35-4GB-RAM-64GB/dp/B0BTTT3JCS,https://m.media-amazon.com/images/I/51WAr5sgtXL._AC_SL1000_.jpg
157,realme,Realme 12 Pro,Submarine Blue,Amazon,256,8GB,,,,"16,740.00",https://www.amazon.eg/-/en/Dual-Submarine-Blue-256GB-International/dp/B0CWDF3NZF,https://m.media-amazon.com/images/I/61bQ9s+eqTL._AC_SL1500_.jpg
158,Apple,iPhone 14,Purple,Amazon,128,,,,,"36,882.00",https://www.amazon.eg/-/en/Apple-iPhone-14-128-Bluetooth/dp/B0BDJY38TY,https://m.media-amazon.com/images/I/619f09kK7tL._AC_SL1500_.jpg
159,Generic,Nokia 106,Black,Amazon,,,,,,559,https://www.amazon.eg/-/en/Nokia-106-Button-Black-Dual/dp/B0CSPDBXQY,https://m.media-amazon.com/images/I/21dWse8xjrL._AC_.jpg
160,,,,Amazon,,4GB,,,5000,"4,999.00",https://www.amazon.eg/-/en/Samsung-Galaxy-Dual-64GB-Inches/dp/B0C1WQKLPR,https://m.media-amazon.com/images/I/81L701E6piL._AC_SL1500_.jpg
161,Aode,G30,Black,Amazon,32,,,,,569,https://www.amazon.eg/-/en/Girasole-G30-2-4-inch-Dual-Mobile-Phone/dp/B0CPJK3VQB,https://m.media-amazon.com/images/I/61JMVF1WQcL._AC_SL1500_.jpg
162,HONOR,X9b,Emerald Green,Amazon,12,,,,5800,"17,990.00",https://www.amazon.eg/-/en/HONOR-256GB-Emerald-CHOICE-Earbuds/dp/B0CM28Z61K,https://m.media-amazon.com/images/I/61HTwnSV7QL._AC_SL1500_.jpg
163,SAMSUNG,Samsung Galaxy S23,,Amazon,12,,,,234,"44,950.00",https://www.amazon.eg/-/en/SAMSUNG-Galaxy-S23-Ultra-256GB/dp/B0CCQ85RLX,https://m.media-amazon.com/images/I/61ql-onWqML._AC_SL1500_.jpg
164,Generic,105,Black,Amazon,1,,,,,535,https://www.amazon.eg/-/en/sspa/click?ie=UTF8&spc=MTo2MzI4OTE4Njc3NjI0MTA2OjE3MTMyNDA3NjY6c3BfbXRmX2Jyb3dzZTozMDAxMzI1NTIzMTQ3MzI6OjA6Og&url=%2FMobile-105-Phone-105-Black-Dual-SIM%2Fdp%2FB0CV9TRH4W%2Fref%3Dsr_1_127_sspa%3Fdib%3DeyJ2IjoiMSJ9.K03jlks_fL5EOtIsEiU7ptXKhoq_uHSQlRseTfkpfXAVLxa9xGQ-s0s-dv8Au_DX3Id-OQ2ONpGdM1Ivl7uaNPEMW1_wcYH0Hu1Bx3Tz0LHwUcwZ-xIe9XUNzHycbnI-Am7L2zmUbYFTRT71SwqwbPcUwNL7n7vR_Tgaj2Fyra3kvGGkUF-_LVaQApCQrhXld-zee2jeAoMxytrc0PRviPwkLZ3nGcm2SwurMbkb8fMQtyICCsNRRrSUyMphlN1x.1iUrh1z_5GNrsBpge1GFKY87b6aH97RtHfJm1M7kgfY%26dib_tag%3Dse%26qid%3D1713240766%26s%3Delectronics%26sr%3D1-127-spons%26sp_csd%3Dd2lkZ2V0TmFtZT1zcF9tdGZfYnJvd3Nl%26psc%3D1,https://m.media-amazon.com/images/I/61XT0TmtFJL._AC_SL1500_.jpg
165,Samsung,Samsung Galaxy Z Fold 5,Phantom Black,Amazon,256,12GB,,,4400,"65,450.00",https://www.amazon.eg/-/en/sspa/click?ie=UTF8&spc=MTo2MzI4OTE4Njc3NjI0MTA2OjE3MTMyNDA3NjY6c3BfbXRmX2Jyb3dzZTozMDAxNTM2Njc3MzQ4MzI6OjA6Og&url=%2FSamsung-Galaxy-Android-Smartphone-Phantom%2Fdp%2FB0CC9VZDVS%2Fref%3Dsr_1_128_sspa%3Fdib%3DeyJ2IjoiMSJ9.K03jlks_fL5EOtIsEiU7ptXKhoq_uHSQlRseTfkpfXAVLxa9xGQ-s0s-dv8Au_DX3Id-OQ2ONpGdM1Ivl7uaNPEMW1_wcYH0Hu1Bx3Tz0LHwUcwZ-xIe9XUNzHycbnI-Am7L2zmUbYFTRT71SwqwbPcUwNL7n7vR_Tgaj2Fyra3kvGGkUF-_LVaQApCQrhXld-zee2jeAoMxytrc0PRviPwkLZ3nGcm2SwurMbkb8fMQtyICCsNRRrSUyMphlN1x.1iUrh1z_5GNrsBpge1GFKY87b6aH97RtHfJm1M7kgfY%26dib_tag%3Dse%26qid%3D1713240766%26s%3Delectronics%26sr%3D1-128-spons%26sp_csd%3Dd2lkZ2V0TmFtZT1zcF9tdGZfYnJvd3Nl%26psc%3D1,https://m.media-amazon.com/images/I/7102NAlM6FL._AC_SL1500_.jpg
166,realme,6.9414E+12,Black,Amazon,32,2GB,,,5000,"3,999.00",https://www.amazon.eg/-/en/Realme-C30-2GB-RAM-32GB/dp/B0BTTRJC1P,https://m.media-amazon.com/images/I/61NLuV6HVQL._AC_SL1080_.jpg
167,Xiaomi,Redmi 12,light blue,Amazon,128,8GB,,,,"7,955.00",https://www.amazon.eg/-/en/Xiaomi-Redmi-Blue-Storage-High-Resolution/dp/B0C7HJ8HP9,https://m.media-amazon.com/images/I/61Rb+Vyug9L._AC_SL1500_.jpg
168,Dl3 Mobilak,,Gray,Amazon,,,,,,140,https://www.amazon.eg/-/en/Dl3-Mobilak-Compatible-Protective-Anti-Scratch/dp/B0D162TVCV,https://m.media-amazon.com/images/I/61TGzTRcsbL._AC_SL1500_.jpg
169,realme,realme 11 Pro,beige,Amazon,256,Dynamic,,,29,"15,550.00",https://www.amazon.eg/-/en/realme-Sunrise-Prolight-Dimensity-SUPERVOOC/dp/B0C78GR61T,https://m.media-amazon.com/images/I/71HZ0tigFFL._AC_SL1500_.jpg
170,HONOR,HONOR X7b,Emerald Green,Amazon,256,6GB,,,,"11,499.00",https://www.amazon.eg/-/en/HONOR-Internal-storage-6000mAH-Emerald/dp/B0CVHDLD4P,https://m.media-amazon.com/images/I/51ykLhmalQL._AC_SL1000_.jpg
171,SAMSUNG,Samsung Galaxy S24,Onyx Black,Amazon,256,8GB,,,,"44,999.00",https://www.amazon.eg/-/en/SAMSUNG-Android-Smartphone-Storage-Battery/dp/B0CQYZM244,https://m.media-amazon.com/images/I/61K4MCJVkEL._AC_SL1426_.jpg
172,Apple,Apple 15 Bionic,,Amazon,128,,,,,"32,999.00",https://www.amazon.eg/-/en/Apple-iPhone-13-128-GB/dp/B09V3HDPRL,https://m.media-amazon.com/images/I/51yG1FjZVYL._AC_SL1500_.jpg
173,OPPO,CPH2349,Black,Amazon,32,3GB,,,,"4,766.00",https://www.amazon.eg/-/en/OPPO-A16K-Dual-32GB-Inches/dp/B09PY241T2,https://m.media-amazon.com/images/I/61uwPrEh7bL._AC_SL1500_.jpg
174,HONOR,HONOR X5,Sunrise Orange,Amazon,32,2GB,,,,"3,499.00",https://www.amazon.eg/-/en/Honor-Single-SIM-32GB-Inches/dp/B0CSBZP7JZ,https://m.media-amazon.com/images/I/61ca64DYlOL._AC_SL1000_.jpg
175,,,,Amazon,,MB,,,,490,https://www.amazon.eg/-/en/Nokia-106-4-RAM-Dual-Phone/dp/B07MJRQY64,https://m.media-amazon.com/images/I/612Slbt4wdL._AC_SL1500_.jpg
176,Apple,,blue,Amazon,256,GB,,,,"25,999.00",https://www.amazon.eg/-/en/Apple-Iphone-Max-Facetime-Sim/dp/B07HBCYHDH,https://m.media-amazon.com/images/I/71LNnMEDMyL._AC_SL1500_.jpg
177,SAMSUNG,,Blue,Amazon,64,4GB,,,,"6,060.00",https://www.amazon.eg/-/en/Samsung-Galaxy-Dual-64GB-Storage/dp/B0BBSHC469,https://m.media-amazon.com/images/I/61VgSCWzbXL._AC_SL1500_.jpg
178,Generic,1,Black,Amazon,15,,,,,464,https://www.amazon.eg/-/en/sspa/click?ie=UTF8&spc=MTo2NDgxNzQ4MzgzMjM2MTA2OjE3MTMyNDE0MDc6c3BfYXRmX2Jyb3dzZTozMDAxNTE4OTAwOTM3MzI6OjA6Og&url=%2FMobile-Phone-105-Black-Single%2Fdp%2FB0CY93TDL8%2Fref%3Dsr_1_145_sspa%3Fdib%3DeyJ2IjoiMSJ9.9ypfnMOF7OPdXnJaBBQ0iqOHIPZ0z0nzsPrtA99O8Mw4LDz-cZ2OeDKrNgpEd9e1neAiTzCPbMQJF2Lay41L1VAhB0Mw2IQpvwotMeA5_08.kfxdWHJI2Ig67NBu-IjDsPjbnUzrGwVWw-PL-6Iwcbw%26dib_tag%3Dse%26qid%3D1713241407%26s%3Delectronics%26sr%3D1-145-spons%26sp_csd%3Dd2lkZ2V0TmFtZT1zcF9hdGZfYnJvd3Nl%26psc%3D1,https://m.media-amazon.com/images/I/513up6tVw5L._AC_SL1500_.jpg
179,Generic,"105 EG Mobile TA-1459 DS Charcoal Black, Dual Sim",Black,Amazon,1.99,SIM,,,,679,https://www.amazon.eg/-/en/sspa/click?ie=UTF8&spc=MTo2NDgxNzQ4MzgzMjM2MTA2OjE3MTMyNDE0MDc6c3BfYXRmX2Jyb3dzZTozMDAxMzM1MzYwNTY1MzI6OjA6Og&url=%2FMobile-Phone-TA-1459-Charcoal-Ramadan%2Fdp%2FB0CV3GMYY5%2Fref%3Dsr_1_146_sspa%3Fdib%3DeyJ2IjoiMSJ9.9ypfnMOF7OPdXnJaBBQ0iqOHIPZ0z0nzsPrtA99O8Mw4LDz-cZ2OeDKrNgpEd9e1neAiTzCPbMQJF2Lay41L1VAhB0Mw2IQpvwotMeA5_08.kfxdWHJI2Ig67NBu-IjDsPjbnUzrGwVWw-PL-6Iwcbw%26dib_tag%3Dse%26qid%3D1713241407%26s%3Delectronics%26sr%3D1-146-spons%26sp_csd%3Dd2lkZ2V0TmFtZT1zcF9hdGZfYnJvd3Nl%26psc%3D1,https://m.media-amazon.com/images/I/41ZvwWEkBiL._AC_.jpg
180,Generic,1,White,Amazon,15,,,,,694,https://www.amazon.eg/-/en/sspa/click?ie=UTF8&spc=MTo2NDgxNzQ4MzgzMjM2MTA2OjE3MTMyNDE0MDc6c3BfYXRmX2Jyb3dzZTozMDAxNTE4OTAwOTMzMzI6OjA6Og&url=%2FDual-B310-2G-Mobile-Phone-White%2Fdp%2FB0CYDSRKKK%2Fref%3Dsr_1_147_sspa%3Fdib%3DeyJ2IjoiMSJ9.9ypfnMOF7OPdXnJaBBQ0iqOHIPZ0z0nzsPrtA99O8Mw4LDz-cZ2OeDKrNgpEd9e1neAiTzCPbMQJF2Lay41L1VAhB0Mw2IQpvwotMeA5_08.kfxdWHJI2Ig67NBu-IjDsPjbnUzrGwVWw-PL-6Iwcbw%26dib_tag%3Dse%26qid%3D1713241407%26s%3Delectronics%26sr%3D1-147-spons%26sp_csd%3Dd2lkZ2V0TmFtZT1zcF9hdGZfYnJvd3Nl%26psc%3D1,https://m.media-amazon.com/images/I/61j4wLZg8CL._AC_SL1280_.jpg
181,ACE,286779722,Black,Amazon,2,2G,,,,"2,999.00",https://www.amazon.eg/-/en/ACE-URBAN3-Dual-Smartphone-Black/dp/B0CCSV3RNL,https://m.media-amazon.com/images/I/71w1oF0SPML._AC_SL1500_.jpg
182,Apple,,black,Amazon,128,4GB,,,,"32,999.00",https://www.amazon.eg/-/en/Apple-iPhone-FaceTime-SIM-International/dp/B09G99QJSK,https://m.media-amazon.com/images/I/61VuVU94RnL._AC_SL1500_.jpg
183,2&CO,Reno 10 Pro +,Glossy Purple,Amazon,256,12GB,,,,"23,888.00",https://www.amazon.eg/-/en/Pro-5G-Glossy-Storage-Smartphone/dp/B0CMXRPWH4,https://m.media-amazon.com/images/I/61YlBljcZuL._AC_SL1000_.jpg
184,Oppo,Oppo A96 - Blue,Blue,Amazon,128,8GB,,,26,"10,699.00",https://www.amazon.eg/-/en/OPPO-A96-Dual-128GB-Inches/dp/B0CNS2KFBT,https://m.media-amazon.com/images/I/51P3pDlyQeL._AC_SL1000_.jpg
185,OnePlus,OnePlus 12R,Iron Gray,Amazon,256,16GB,,,100,"33,950.00",https://www.amazon.eg/-/en/OnePlus-Iron-Gray-256GB-Storage/dp/B0CQYNM3ZF,https://m.media-amazon.com/images/I/71XNeka-BRL._AC_SL1500_.jpg
186,realme,Realme 11 Pro,red,Amazon,8,8GB,,,,"15,550.00",https://www.amazon.eg/-/en/Realme-Dual-SIM-256GB-Astral-Bluetooth/dp/B0C74QK8CQ,https://m.media-amazon.com/images/I/61GpBQyT0nL._AC_SL1500_.jpg
187,Nokia,Nokia 10,Blue,Amazon,4,,,,800,695,https://www.amazon.eg/-/en/Nokia-105-1-77-inch-Dual-Mobile-Phone/dp/B010EWK32I,https://m.media-amazon.com/images/I/61RA1whyTzL._AC_SL1500_.jpg
188,Samsung,,Light Blue,Amazon,128,4GB,,,,"7,199.00",https://www.amazon.eg/-/en/Samsung-A13-Dual-SIM-128GB/dp/B0BBVNM4QM,https://m.media-amazon.com/images/I/61d5nEVYi+L._AC_SL1500_.jpg
189,HONOR,Honor X7a,Midnight Black,Amazon,128,4gb,,,5,"6,499.00",https://www.amazon.eg/-/en/Honor-128gb-internal-storage-midnight-black/dp/B0BZQ5SXQF,https://m.media-amazon.com/images/I/41bC7d7AKbL._AC_SL1000_.jpg
190,,,,Amazon,,6GB,,,,"6,699.00",https://www.amazon.eg/-/en/Xiaomi-DynamicSwitch-MediaTek-Dimensity-high-capacity/dp/B0B785YVRB,https://m.media-amazon.com/images/I/61b8DT-SH0L._AC_SL1000_.jpg
191,realme,Realme C67,Black Rock,Amazon,256,8GB,,,,"8,225.00",https://www.amazon.eg/-/en/Realme-Internal-Storage-5000mAH-Black/dp/B0CVXXTMB3,https://m.media-amazon.com/images/I/51mlG5L7t5L._AC_SL1152_.jpg
192,Generic,,,Amazon,12,,,,,943,https://www.amazon.eg/-/en/Generic-mobile-phone-150-new/dp/B0CXJDZNV2,https://m.media-amazon.com/images/I/51r+8VnHcGL._AC_SL1280_.jpg
193,Generic,Nokia 110 Dual SIM Mobile,Black,Amazon,,(&&,,,,553,https://www.amazon.eg/-/en/sspa/click?ie=UTF8&spc=MTo2NDgxNzQ4MzgzMjM2MTA2OjE3MTMyNDE0MDc6c3BfbXRmX2Jyb3dzZTozMDAxMDc3NjEzMzY5MzI6OjA6Og&url=%2FMobile-Phone-Black-Ramadan-Kareem%2Fdp%2FB0CQ3PG5WJ%2Fref%3Dsr_1_150_sspa%3Fdib%3DeyJ2IjoiMSJ9.alcHOPoMMlNS-1hM9tvRKFk6ZSrv-K-STJ7d26FqUKNbFcjT2AEmkyy0-Gxf8ZwfU3-3kCVOqFsXyZAw7Z1z_2p9Rvr56ootouRbHVBESFqc9i0sJXHKYxifsHjwuhqupg5RQ_HJP2dXg_LXmDV5NxpkuljSMpo1KV2bPoJl013TmosGjVoW1IA86BWrkPuKbRBkacWhio7aPbiZEPOfugH1BwbVP0PjR_zG2yB1uCWm6ZerffHTV7QPRLt-2wYQ.56sODbdJsvMpFPNjIo0pvpg2FgtuBnuuA9nyNdoDAQU%26dib_tag%3Dse%26qid%3D1713241407%26s%3Delectronics%26sr%3D1-150-spons%26sp_csd%3Dd2lkZ2V0TmFtZT1zcF9tdGZfYnJvd3Nl%26psc%3D1,https://m.media-amazon.com/images/I/41g7zULUMlL._AC_.jpg
194,Generic,105,Black,Amazon,1,,,,,535,https://www.amazon.eg/-/en/sspa/click?ie=UTF8&spc=MTo2NDgxNzQ4MzgzMjM2MTA2OjE3MTMyNDE0MDc6c3BfbXRmX2Jyb3dzZTozMDAxMzI1NTIzMTQ3MzI6OjA6Og&url=%2FMobile-105-Phone-105-Black-Dual-SIM%2Fdp%2FB0CV9TRH4W%2Fref%3Dsr_1_151_sspa%3Fdib%3DeyJ2IjoiMSJ9.alcHOPoMMlNS-1hM9tvRKFk6ZSrv-K-STJ7d26FqUKNbFcjT2AEmkyy0-Gxf8ZwfU3-3kCVOqFsXyZAw7Z1z_2p9Rvr56ootouRbHVBESFqc9i0sJXHKYxifsHjwuhqupg5RQ_HJP2dXg_LXmDV5NxpkuljSMpo1KV2bPoJl013TmosGjVoW1IA86BWrkPuKbRBkacWhio7aPbiZEPOfugH1BwbVP0PjR_zG2yB1uCWm6ZerffHTV7QPRLt-2wYQ.56sODbdJsvMpFPNjIo0pvpg2FgtuBnuuA9nyNdoDAQU%26dib_tag%3Dse%26qid%3D1713241407%26s%3Delectronics%26sr%3D1-151-spons%26sp_csd%3Dd2lkZ2V0TmFtZT1zcF9tdGZfYnJvd3Nl%26psc%3D1,https://m.media-amazon.com/images/I/61XT0TmtFJL._AC_SL1500_.jpg
195,Samsung,Samsung Galaxy Z Fold 5,Phantom Black,Amazon,256,12GB,,,4400,"65,450.00",https://www.amazon.eg/-/en/sspa/click?ie=UTF8&spc=MTo2NDgxNzQ4MzgzMjM2MTA2OjE3MTMyNDE0MDc6c3BfbXRmX2Jyb3dzZTozMDAxNTM2Njc3MzQ4MzI6OjA6Og&url=%2FSamsung-Galaxy-Android-Smartphone-Phantom%2Fdp%2FB0CC9VZDVS%2Fref%3Dsr_1_152_sspa%3Fdib%3DeyJ2IjoiMSJ9.alcHOPoMMlNS-1hM9tvRKFk6ZSrv-K-STJ7d26FqUKNbFcjT2AEmkyy0-Gxf8ZwfU3-3kCVOqFsXyZAw7Z1z_2p9Rvr56ootouRbHVBESFqc9i0sJXHKYxifsHjwuhqupg5RQ_HJP2dXg_LXmDV5NxpkuljSMpo1KV2bPoJl013TmosGjVoW1IA86BWrkPuKbRBkacWhio7aPbiZEPOfugH1BwbVP0PjR_zG2yB1uCWm6ZerffHTV7QPRLt-2wYQ.56sODbdJsvMpFPNjIo0pvpg2FgtuBnuuA9nyNdoDAQU%26dib_tag%3Dse%26qid%3D1713241407%26s%3Delectronics%26sr%3D1-152-spons%26sp_csd%3Dd2lkZ2V0TmFtZT1zcF9tdGZfYnJvd3Nl%26psc%3D1,https://m.media-amazon.com/images/I/7102NAlM6FL._AC_SL1500_.jpg
196,Xiaomi,Poco C65 8+256,Black,Amazon,8,8GB,,,,"7,940.00",https://www.amazon.eg/-/en/256GB-storage-Triple-Camera-Black/dp/B0CMRZJ2R8,https://m.media-amazon.com/images/I/51LJGA-d8sL._AC_SL1000_.jpg
197,Alcatel,Alcatel 1067,black,Amazon,32,,,,,599,https://www.amazon.eg/-/en/Alcatel-1067-Dual-SIM-2G/dp/B0C8VFWZ6L,https://m.media-amazon.com/images/I/61JDavQ549L._AC_SL1500_.jpg
198,Dl3 Mobilak,,Blue 2,Amazon,,,,,,140,https://www.amazon.eg/-/en/Dl3-Mobilak-Compatible-Protective-Anti-Scratch/dp/B0D166JKW1,https://m.media-amazon.com/images/I/61LGpTHjUEL._AC_SL1500_.jpg
199,HONOR,Honor X7a,Titanium Silver,Amazon,128,4gb,,,,"6,499.00",https://www.amazon.eg/-/en/Honor-128gb-internal-storage-titanium-silver/dp/B0BZRYH9YX,https://m.media-amazon.com/images/I/61HxinMazUL._AC_SL1500_.jpg
200,Vivo,Y02,Orchid Black,Amazon,32,2GB,,,5000,"4,050.00",https://www.amazon.eg/-/en/VIVO-Y02-2GB-RAM-32GB/dp/B07WFPLZGW,https://m.media-amazon.com/images/I/71BMfmRBgAL._AC_SL1500_.jpg
201,Generic,1,White,Amazon,15,,,,,694,https://www.amazon.eg/-/en/Dual-B310-2G-Mobile-Phone-White/dp/B0CYDSRKKK,https://m.media-amazon.com/images/I/61j4wLZg8CL._AC_SL1280_.jpg
202,OPPO,A78,Aqua Green,Amazon,128,8GB,,,67,"8,250.00",https://www.amazon.eg/-/en/Storage-Display-SUPERVOOC-Additional-Exchange/dp/B0CDBQLJK8,https://m.media-amazon.com/images/I/71b4iY4MOFL._AC_SL1500_.jpg
203,OPPO,OPPO Find X5,white,Amazon,256,8GB,,,,"19,599.00",https://www.amazon.eg/-/en/OPPO-Find-Dual-256GB-Inches/dp/B0BZ881FF9,https://m.media-amazon.com/images/I/71ON6TdKgVL._AC_SL1500_.jpg
204,Huawei,HUW51097LLXY11iBLK,Starry Black,Amazon,128,8GB,,,,"12,999.00",https://www.amazon.eg/-/en/HUAWEI-NOVA-11iDual-SIM-128GB/dp/B0C5J9XJL9,https://m.media-amazon.com/images/I/61GkvWWmVbL._AC_SL1500_.jpg
205,Xiaomi,NOTE 12S - ONYX BLACK,ONYX BLACK,Amazon,256,8GB,,,5000,"11,199.00",https://www.amazon.eg/-/en/NOTE-12S-8GB-RAM-256/dp/B0C4P9W7KD,https://m.media-amazon.com/images/I/61cKUEmKctL._AC_SL1500_.jpg
206,,,,Amazon,,,,,,"5,499.00",https://www.amazon.eg/-/en/Realme-Narzo-50A-128GB-6000mAh/dp/B09VFS3Z6B,https://m.media-amazon.com/images/I/61ycKiK1RFL._AC_SL1500_.jpg
207,Generic,Nokia 3310 Dual SIM,Dark Blue,Amazon,16,,,,,"1,099.00",https://www.amazon.eg/-/en/3310-Dual-SIM-16-BLUE/dp/B0CT6D2FB2,https://m.media-amazon.com/images/I/61+sQjX0EpL._AC_SL1491_.jpg
